gene	chr	strand	is_gxe	is_bg	n_small_indel	n_large_indel	n_SNP	n_sv_total	has_any_sv
Zm00001eb000010	chr1	+	False	True	0	0	0	0	False
Zm00001eb000170	chr1	-	False	True	1	0	0	1	True
Zm00001eb000190	chr1	-	False	True	0	2	2	4	True
Zm00001eb000210	chr1	+	False	True	1	0	5	6	True
Zm00001eb000220	chr1	+	False	True	1	0	0	1	True
Zm00001eb000230	chr1	+	False	True	2	0	12	14	True
Zm00001eb000300	chr1	-	False	True	0	0	4	4	True
Zm00001eb000310	chr1	-	False	True	0	0	9	9	True
Zm00001eb000320	chr1	-	False	True	2	0	1	3	True
Zm00001eb000340	chr1	+	False	True	0	1	3	4	True
Zm00001eb000420	chr1	-	False	True	2	0	11	13	True
Zm00001eb000450	chr1	-	False	True	4	0	5	9	True
Zm00001eb000480	chr1	-	False	True	2	2	24	28	True
Zm00001eb000500	chr1	-	False	True	3	0	14	17	True
Zm00001eb000510	chr1	-	False	True	0	0	3	3	True
Zm00001eb000520	chr1	-	False	True	2	0	1	3	True
Zm00001eb000550	chr1	-	False	True	3	1	7	11	True
Zm00001eb000570	chr1	+	False	True	3	0	41	44	True
Zm00001eb000590	chr1	+	False	True	3	1	9	13	True
Zm00001eb000620	chr1	-	False	True	0	0	0	0	False
Zm00001eb000650	chr1	+	False	True	3	0	4	7	True
Zm00001eb000670	chr1	+	False	True	5	1	19	25	True
Zm00001eb000690	chr1	+	False	True	5	0	6	11	True
Zm00001eb000700	chr1	-	False	True	2	0	11	13	True
Zm00001eb000710	chr1	+	False	True	2	0	0	2	True
Zm00001eb000720	chr1	-	False	True	4	1	15	20	True
Zm00001eb000750	chr1	-	False	True	1	0	0	1	True
Zm00001eb000760	chr1	+	False	True	0	0	9	9	True
Zm00001eb000770	chr1	+	False	True	1	0	6	7	True
Zm00001eb000780	chr1	+	False	True	3	0	23	26	True
Zm00001eb000790	chr1	+	False	True	6	0	12	18	True
Zm00001eb000820	chr1	+	False	True	0	0	0	0	False
Zm00001eb000850	chr1	-	True	False	5	1	20	26	True
Zm00001eb000860	chr1	+	False	True	12	2	37	51	True
Zm00001eb000870	chr1	+	False	True	1	0	7	8	True
Zm00001eb000910	chr1	-	False	True	13	1	37	51	True
Zm00001eb000920	chr1	+	False	True	5	0	7	12	True
Zm00001eb000930	chr1	-	False	True	10	0	21	31	True
Zm00001eb000970	chr1	+	False	True	2	0	12	14	True
Zm00001eb000980	chr1	-	False	True	7	2	43	52	True
Zm00001eb000990	chr1	+	False	True	9	2	40	51	True
Zm00001eb001000	chr1	-	False	True	8	1	50	59	True
Zm00001eb001010	chr1	+	False	True	2	0	6	8	True
Zm00001eb001020	chr1	-	False	True	14	1	37	52	True
Zm00001eb001040	chr1	+	False	True	9	0	15	24	True
Zm00001eb001050	chr1	+	False	True	2	0	5	7	True
Zm00001eb001070	chr1	+	False	True	7	1	19	27	True
Zm00001eb001110	chr1	-	False	True	2	2	12	16	True
Zm00001eb001120	chr1	+	False	True	0	0	0	0	False
Zm00001eb001130	chr1	+	False	True	0	0	2	2	True
Zm00001eb001140	chr1	-	False	True	5	1	15	21	True
Zm00001eb001170	chr1	-	False	True	6	0	19	25	True
Zm00001eb001180	chr1	+	False	True	3	0	9	12	True
Zm00001eb001200	chr1	+	False	True	0	0	2	2	True
Zm00001eb001280	chr1	+	False	True	6	0	5	11	True
Zm00001eb001290	chr1	-	False	True	2	5	4	11	True
Zm00001eb001350	chr1	+	False	True	0	0	2	2	True
Zm00001eb001360	chr1	-	False	True	7	1	18	26	True
Zm00001eb001370	chr1	-	False	True	15	2	13	30	True
Zm00001eb001400	chr1	-	False	True	2	1	17	20	True
Zm00001eb001460	chr1	+	False	True	1	0	5	6	True
Zm00001eb001490	chr1	-	False	True	4	1	15	20	True
Zm00001eb001500	chr1	+	False	True	7	0	30	37	True
Zm00001eb001530	chr1	-	False	True	9	2	56	67	True
Zm00001eb001560	chr1	-	False	True	0	0	0	0	False
Zm00001eb001590	chr1	+	False	True	0	0	0	0	False
Zm00001eb001600	chr1	-	False	True	2	1	5	8	True
Zm00001eb001640	chr1	-	False	True	9	1	44	54	True
Zm00001eb001650	chr1	-	False	True	8	0	24	32	True
Zm00001eb001680	chr1	+	False	True	3	1	15	19	True
Zm00001eb001700	chr1	+	False	True	0	0	1	1	True
Zm00001eb001710	chr1	+	False	True	2	0	11	13	True
Zm00001eb001770	chr1	+	False	True	10	0	29	39	True
Zm00001eb001780	chr1	+	False	True	4	0	30	34	True
Zm00001eb001810	chr1	+	False	True	10	0	45	55	True
Zm00001eb001820	chr1	+	False	True	13	1	32	46	True
Zm00001eb001830	chr1	+	False	True	6	0	19	25	True
Zm00001eb001840	chr1	-	False	True	3	1	29	33	True
Zm00001eb001860	chr1	+	False	True	0	0	0	0	False
Zm00001eb001870	chr1	+	False	True	3	2	6	11	True
Zm00001eb001880	chr1	+	False	True	1	0	0	1	True
Zm00001eb001890	chr1	-	True	False	2	0	2	4	True
Zm00001eb001910	chr1	-	False	True	3	4	25	32	True
Zm00001eb001940	chr1	-	False	True	8	3	54	65	True
Zm00001eb001950	chr1	-	False	True	16	0	13	29	True
Zm00001eb001980	chr1	-	False	True	9	0	20	29	True
Zm00001eb002000	chr1	+	False	True	10	0	33	43	True
Zm00001eb002020	chr1	-	False	True	13	1	33	47	True
Zm00001eb002040	chr1	-	False	True	1	0	2	3	True
Zm00001eb002060	chr1	+	False	True	0	0	2	2	True
Zm00001eb002100	chr1	-	False	True	7	1	27	35	True
Zm00001eb002180	chr1	+	False	True	3	0	16	19	True
Zm00001eb002190	chr1	-	False	True	6	2	27	35	True
Zm00001eb002200	chr1	-	False	True	7	0	8	15	True
Zm00001eb002220	chr1	-	False	True	2	1	10	13	True
Zm00001eb002240	chr1	+	False	True	8	1	20	29	True
Zm00001eb002250	chr1	-	False	True	9	2	23	34	True
Zm00001eb002320	chr1	-	False	True	4	1	41	46	True
Zm00001eb002380	chr1	+	False	True	0	0	0	0	False
Zm00001eb002390	chr1	+	False	True	11	0	14	25	True
Zm00001eb002420	chr1	+	False	True	5	1	24	30	True
Zm00001eb002430	chr1	-	False	True	6	3	48	57	True
Zm00001eb002460	chr1	+	False	True	0	0	2	2	True
Zm00001eb002470	chr1	+	False	True	4	1	9	14	True
Zm00001eb002480	chr1	+	False	True	8	0	17	25	True
Zm00001eb002490	chr1	-	False	True	1	0	2	3	True
Zm00001eb002510	chr1	-	False	True	4	1	3	8	True
Zm00001eb002520	chr1	-	False	True	6	2	40	48	True
Zm00001eb002530	chr1	-	False	True	2	0	28	30	True
Zm00001eb002540	chr1	+	False	True	3	0	21	24	True
Zm00001eb002550	chr1	+	False	True	2	2	31	35	True
Zm00001eb002560	chr1	+	False	True	3	0	29	32	True
Zm00001eb002570	chr1	+	False	True	3	1	9	13	True
Zm00001eb002590	chr1	-	False	True	17	3	46	66	True
Zm00001eb002610	chr1	+	False	True	8	0	25	33	True
Zm00001eb002620	chr1	+	False	True	5	2	41	48	True
Zm00001eb002640	chr1	-	False	True	8	1	70	79	True
Zm00001eb002660	chr1	-	False	True	0	0	6	6	True
Zm00001eb002680	chr1	+	False	True	4	0	38	42	True
Zm00001eb002740	chr1	-	False	True	7	1	10	18	True
Zm00001eb002760	chr1	-	False	True	1	0	6	7	True
Zm00001eb002810	chr1	-	False	True	4	0	51	55	True
Zm00001eb002820	chr1	-	False	True	1	0	4	5	True
Zm00001eb002870	chr1	+	False	True	7	0	11	18	True
Zm00001eb002930	chr1	-	False	True	3	2	17	22	True
Zm00001eb002940	chr1	-	False	True	12	3	20	35	True
Zm00001eb003000	chr1	+	False	True	1	0	2	3	True
Zm00001eb003010	chr1	-	False	True	0	0	2	2	True
Zm00001eb003020	chr1	+	False	True	0	0	1	1	True
Zm00001eb003030	chr1	-	False	True	1	2	2	5	True
Zm00001eb003040	chr1	+	False	True	4	0	8	12	True
Zm00001eb003070	chr1	+	False	True	3	1	23	27	True
Zm00001eb003080	chr1	+	False	True	1	0	12	13	True
Zm00001eb003130	chr1	+	False	True	4	1	19	24	True
Zm00001eb003170	chr1	-	False	True	10	0	27	37	True
Zm00001eb003180	chr1	+	True	False	0	0	11	11	True
Zm00001eb003190	chr1	-	False	True	5	0	11	16	True
Zm00001eb003200	chr1	+	False	True	10	0	18	28	True
Zm00001eb003210	chr1	-	False	True	1	0	0	1	True
Zm00001eb003350	chr1	-	False	True	1	0	12	13	True
Zm00001eb003360	chr1	-	False	True	1	0	3	4	True
Zm00001eb003420	chr1	+	False	True	5	1	10	16	True
Zm00001eb003550	chr1	+	False	True	4	2	20	26	True
Zm00001eb003580	chr1	-	False	True	10	0	49	59	True
Zm00001eb003670	chr1	+	False	True	1	2	13	16	True
Zm00001eb003690	chr1	-	False	True	8	1	32	41	True
Zm00001eb003730	chr1	-	False	True	8	3	14	25	True
Zm00001eb003760	chr1	+	False	True	0	0	2	2	True
Zm00001eb003780	chr1	+	False	True	1	0	1	2	True
Zm00001eb003810	chr1	+	False	True	1	1	0	2	True
Zm00001eb003820	chr1	+	False	True	0	0	2	2	True
Zm00001eb003830	chr1	-	False	True	0	0	0	0	False
Zm00001eb003840	chr1	-	False	True	3	1	7	11	True
Zm00001eb003850	chr1	+	False	True	4	1	8	13	True
Zm00001eb003890	chr1	+	False	True	7	1	18	26	True
Zm00001eb004160	chr1	+	False	True	0	0	9	9	True
Zm00001eb004170	chr1	-	False	True	10	1	19	30	True
Zm00001eb004180	chr1	-	False	True	9	0	16	25	True
Zm00001eb004190	chr1	+	False	True	8	1	14	23	True
Zm00001eb004240	chr1	+	False	True	0	0	0	0	False
Zm00001eb004290	chr1	+	False	True	3	0	12	15	True
Zm00001eb004310	chr1	-	False	True	10	1	25	36	True
Zm00001eb004320	chr1	+	False	True	3	0	7	10	True
Zm00001eb004340	chr1	-	False	True	6	1	22	29	True
Zm00001eb004400	chr1	+	False	True	1	0	3	4	True
Zm00001eb004410	chr1	-	False	True	9	2	22	33	True
Zm00001eb004420	chr1	-	False	True	7	0	13	20	True
Zm00001eb004430	chr1	-	False	True	0	0	0	0	False
Zm00001eb004440	chr1	+	False	True	0	0	1	1	True
Zm00001eb004550	chr1	-	False	True	0	0	5	5	True
Zm00001eb004570	chr1	-	False	True	2	0	5	7	True
Zm00001eb004590	chr1	-	False	True	3	0	6	9	True
Zm00001eb004630	chr1	+	False	True	4	0	4	8	True
Zm00001eb004660	chr1	+	False	True	3	0	1	4	True
Zm00001eb004670	chr1	+	False	True	7	0	12	19	True
Zm00001eb004770	chr1	+	False	True	5	1	18	24	True
Zm00001eb004780	chr1	+	False	True	5	0	15	20	True
Zm00001eb004790	chr1	+	False	True	4	0	14	18	True
Zm00001eb004940	chr1	+	False	True	0	0	0	0	False
Zm00001eb004990	chr1	+	False	True	5	1	35	41	True
Zm00001eb005000	chr1	+	False	True	0	1	7	8	True
Zm00001eb005020	chr1	-	False	True	0	0	0	0	False
Zm00001eb005030	chr1	-	False	True	14	0	22	36	True
Zm00001eb005060	chr1	+	False	True	0	0	0	0	False
Zm00001eb005140	chr1	+	False	True	7	0	52	59	True
Zm00001eb005210	chr1	+	False	True	1	0	9	10	True
Zm00001eb005230	chr1	+	False	True	0	0	0	0	False
Zm00001eb005280	chr1	+	False	True	1	0	2	3	True
Zm00001eb005330	chr1	+	False	True	2	0	5	7	True
Zm00001eb005340	chr1	-	False	True	3	0	28	31	True
Zm00001eb005360	chr1	-	False	True	2	0	9	11	True
Zm00001eb005370	chr1	+	False	True	4	1	6	11	True
Zm00001eb005380	chr1	+	False	True	3	1	13	17	True
Zm00001eb005390	chr1	-	False	True	9	1	60	70	True
Zm00001eb005400	chr1	-	False	True	2	1	3	6	True
Zm00001eb005430	chr1	-	False	True	4	3	7	14	True
Zm00001eb005460	chr1	-	False	True	2	0	2	4	True
Zm00001eb005530	chr1	+	False	True	1	0	1	2	True
Zm00001eb005550	chr1	+	False	True	6	1	71	78	True
Zm00001eb005570	chr1	-	False	True	0	0	1	1	True
Zm00001eb005600	chr1	+	False	True	5	0	18	23	True
Zm00001eb005660	chr1	-	False	True	9	1	47	57	True
Zm00001eb005670	chr1	+	False	True	5	1	19	25	True
Zm00001eb005680	chr1	-	True	False	2	0	19	21	True
Zm00001eb005700	chr1	+	False	True	0	1	2	3	True
Zm00001eb005760	chr1	-	True	False	5	0	5	10	True
Zm00001eb005780	chr1	-	False	True	2	0	5	7	True
Zm00001eb005820	chr1	-	False	True	6	0	18	24	True
Zm00001eb005830	chr1	+	False	True	9	2	50	61	True
Zm00001eb005840	chr1	-	False	True	9	0	62	71	True
Zm00001eb005850	chr1	-	False	True	13	1	65	79	True
Zm00001eb005860	chr1	-	False	True	12	1	36	49	True
Zm00001eb005900	chr1	+	False	True	10	0	18	28	True
Zm00001eb005920	chr1	+	False	True	4	1	17	22	True
Zm00001eb005990	chr1	+	False	True	4	0	12	16	True
Zm00001eb006000	chr1	+	False	True	3	1	10	14	True
Zm00001eb006020	chr1	+	False	True	7	2	33	42	True
Zm00001eb006080	chr1	+	False	True	2	0	0	2	True
Zm00001eb006150	chr1	-	False	True	0	1	3	4	True
Zm00001eb006180	chr1	-	False	True	11	1	17	29	True
Zm00001eb006210	chr1	+	False	True	3	0	7	10	True
Zm00001eb006270	chr1	+	False	True	7	0	22	29	True
Zm00001eb006300	chr1	+	False	True	6	1	20	27	True
Zm00001eb006380	chr1	+	False	True	6	0	29	35	True
Zm00001eb006390	chr1	+	False	True	4	2	31	37	True
Zm00001eb006400	chr1	+	False	True	8	1	49	58	True
Zm00001eb006450	chr1	+	False	True	4	0	32	36	True
Zm00001eb006470	chr1	+	False	True	2	0	2	4	True
Zm00001eb006480	chr1	-	False	True	8	1	8	17	True
Zm00001eb006510	chr1	+	False	True	3	1	25	29	True
Zm00001eb006520	chr1	+	False	True	7	0	37	44	True
Zm00001eb006530	chr1	+	False	True	2	0	11	13	True
Zm00001eb006540	chr1	-	False	True	3	0	24	27	True
Zm00001eb006550	chr1	+	False	True	5	0	25	30	True
Zm00001eb006560	chr1	+	False	True	6	0	9	15	True
Zm00001eb006570	chr1	+	False	True	0	1	7	8	True
Zm00001eb006590	chr1	+	False	True	4	0	8	12	True
Zm00001eb006620	chr1	+	False	True	2	0	4	6	True
Zm00001eb006760	chr1	-	False	True	13	1	57	71	True
Zm00001eb006770	chr1	-	False	True	1	0	0	1	True
Zm00001eb006830	chr1	-	False	True	0	0	2	2	True
Zm00001eb006850	chr1	-	False	True	8	1	1	10	True
Zm00001eb006870	chr1	-	True	False	7	0	15	22	True
Zm00001eb006880	chr1	-	False	True	0	0	0	0	False
Zm00001eb006910	chr1	-	False	True	1	2	20	23	True
Zm00001eb006940	chr1	+	False	True	3	0	1	4	True
Zm00001eb007010	chr1	-	False	True	0	1	9	10	True
Zm00001eb007030	chr1	+	False	True	3	1	12	16	True
Zm00001eb007050	chr1	+	False	True	2	0	2	4	True
Zm00001eb007060	chr1	+	False	True	5	0	13	18	True
Zm00001eb007090	chr1	+	False	True	3	0	7	10	True
Zm00001eb007100	chr1	-	False	True	9	0	25	34	True
Zm00001eb007130	chr1	+	False	True	1	0	21	22	True
Zm00001eb007150	chr1	-	False	True	4	1	13	18	True
Zm00001eb007170	chr1	-	False	True	1	0	4	5	True
Zm00001eb007180	chr1	+	False	True	0	0	1	1	True
Zm00001eb007220	chr1	+	False	True	0	0	0	0	False
Zm00001eb007240	chr1	+	False	True	1	0	2	3	True
Zm00001eb007250	chr1	+	False	True	8	0	15	23	True
Zm00001eb007270	chr1	-	False	True	8	1	16	25	True
Zm00001eb007280	chr1	+	False	True	6	0	11	17	True
Zm00001eb007310	chr1	-	False	True	12	1	21	34	True
Zm00001eb007320	chr1	+	False	True	7	0	16	23	True
Zm00001eb007500	chr1	-	False	True	7	0	8	15	True
Zm00001eb007510	chr1	-	False	True	7	0	65	72	True
Zm00001eb007570	chr1	-	False	True	0	1	5	6	True
Zm00001eb007600	chr1	+	False	True	4	1	15	20	True
Zm00001eb007650	chr1	-	False	True	5	0	29	34	True
Zm00001eb007670	chr1	-	False	True	9	2	35	46	True
Zm00001eb007680	chr1	-	False	True	1	0	1	2	True
Zm00001eb007690	chr1	+	False	True	2	0	1	3	True
Zm00001eb007700	chr1	+	False	True	2	3	13	18	True
Zm00001eb007730	chr1	+	False	True	0	0	3	3	True
Zm00001eb007780	chr1	+	False	True	1	0	13	14	True
Zm00001eb007800	chr1	-	False	True	1	1	11	13	True
Zm00001eb007810	chr1	+	False	True	4	0	19	23	True
Zm00001eb007820	chr1	+	False	True	1	0	2	3	True
Zm00001eb007860	chr1	-	False	True	6	1	29	36	True
Zm00001eb007900	chr1	+	False	True	3	0	4	7	True
Zm00001eb007930	chr1	+	False	True	6	2	42	50	True
Zm00001eb007960	chr1	-	False	True	3	0	1	4	True
Zm00001eb008010	chr1	-	False	True	4	0	18	22	True
Zm00001eb008060	chr1	+	False	True	5	1	12	18	True
Zm00001eb008070	chr1	-	False	True	4	0	33	37	True
Zm00001eb008080	chr1	-	False	True	0	0	1	1	True
Zm00001eb008090	chr1	+	False	True	0	1	1	2	True
Zm00001eb008100	chr1	+	False	True	0	0	4	4	True
Zm00001eb008150	chr1	+	False	True	5	0	5	10	True
Zm00001eb008160	chr1	-	False	True	3	0	36	39	True
Zm00001eb008290	chr1	+	False	True	14	1	24	39	True
Zm00001eb008340	chr1	-	False	True	4	1	22	27	True
Zm00001eb008360	chr1	+	False	True	7	2	20	29	True
Zm00001eb008370	chr1	+	False	True	0	0	0	0	False
Zm00001eb008400	chr1	-	False	True	0	0	1	1	True
Zm00001eb008420	chr1	-	False	True	0	0	0	0	False
Zm00001eb008430	chr1	+	False	True	4	0	13	17	True
Zm00001eb008440	chr1	+	False	True	10	1	8	19	True
Zm00001eb008450	chr1	-	False	True	24	0	47	71	True
Zm00001eb008460	chr1	-	False	True	1	0	8	9	True
Zm00001eb008470	chr1	+	False	True	1	0	2	3	True
Zm00001eb008490	chr1	-	False	True	4	0	26	30	True
Zm00001eb008550	chr1	+	False	True	2	0	5	7	True
Zm00001eb008570	chr1	+	False	True	8	1	27	36	True
Zm00001eb008590	chr1	-	False	True	0	1	11	12	True
Zm00001eb008610	chr1	+	False	True	0	0	7	7	True
Zm00001eb008620	chr1	+	False	True	11	1	30	42	True
Zm00001eb008640	chr1	-	False	True	3	1	6	10	True
Zm00001eb008650	chr1	-	False	True	6	0	11	17	True
Zm00001eb008660	chr1	-	False	True	0	1	8	9	True
Zm00001eb008700	chr1	-	False	True	0	0	0	0	False
Zm00001eb008710	chr1	+	False	True	17	0	37	54	True
Zm00001eb008720	chr1	+	False	True	3	1	7	11	True
Zm00001eb008730	chr1	-	False	True	0	0	0	0	False
Zm00001eb008790	chr1	-	False	True	12	0	25	37	True
Zm00001eb008800	chr1	+	False	True	13	2	22	37	True
Zm00001eb008810	chr1	-	False	True	9	0	16	25	True
Zm00001eb008850	chr1	-	False	True	2	0	6	8	True
Zm00001eb008880	chr1	-	False	True	4	1	13	18	True
Zm00001eb008900	chr1	-	False	True	4	1	26	31	True
Zm00001eb008910	chr1	+	False	True	0	1	2	3	True
Zm00001eb008920	chr1	-	False	True	2	1	13	16	True
Zm00001eb008950	chr1	-	False	True	5	0	12	17	True
Zm00001eb009060	chr1	+	False	True	7	0	31	38	True
Zm00001eb009070	chr1	+	False	True	2	1	14	17	True
Zm00001eb009080	chr1	-	False	True	1	1	14	16	True
Zm00001eb009090	chr1	-	False	True	7	2	24	33	True
Zm00001eb009100	chr1	-	False	True	0	0	4	4	True
Zm00001eb009110	chr1	+	False	True	9	1	9	19	True
Zm00001eb009130	chr1	+	False	True	0	1	3	4	True
Zm00001eb009140	chr1	+	False	True	0	0	4	4	True
Zm00001eb009160	chr1	-	False	True	4	1	25	30	True
Zm00001eb009170	chr1	+	False	True	1	0	11	12	True
Zm00001eb009240	chr1	+	False	True	2	0	7	9	True
Zm00001eb009250	chr1	-	False	True	10	0	15	25	True
Zm00001eb009480	chr1	+	False	True	4	1	19	24	True
Zm00001eb009490	chr1	+	False	True	6	0	21	27	True
Zm00001eb009500	chr1	+	False	True	0	0	1	1	True
Zm00001eb009540	chr1	-	False	True	9	5	15	29	True
Zm00001eb009550	chr1	-	False	True	2	1	9	12	True
Zm00001eb009570	chr1	-	False	True	1	0	10	11	True
Zm00001eb009580	chr1	+	False	True	2	2	23	27	True
Zm00001eb009600	chr1	+	False	True	4	0	4	8	True
Zm00001eb009730	chr1	-	False	True	4	0	32	36	True
Zm00001eb009770	chr1	-	False	True	6	2	52	60	True
Zm00001eb009780	chr1	+	False	True	5	1	14	20	True
Zm00001eb009810	chr1	-	False	True	6	0	45	51	True
Zm00001eb009870	chr1	+	False	True	0	0	0	0	False
Zm00001eb009900	chr1	-	False	True	5	0	34	39	True
Zm00001eb010030	chr1	+	False	True	0	0	0	0	False
Zm00001eb010040	chr1	+	False	True	9	1	14	24	True
Zm00001eb010060	chr1	+	False	True	5	1	8	14	True
Zm00001eb010070	chr1	-	False	True	5	0	16	21	True
Zm00001eb010110	chr1	-	False	True	19	1	18	38	True
Zm00001eb010130	chr1	+	False	True	9	1	26	36	True
Zm00001eb010140	chr1	+	False	True	15	0	25	40	True
Zm00001eb010230	chr1	-	False	True	0	0	0	0	False
Zm00001eb010280	chr1	+	False	True	3	0	12	15	True
Zm00001eb010310	chr1	+	False	True	0	1	2	3	True
Zm00001eb010320	chr1	-	False	True	3	1	12	16	True
Zm00001eb010340	chr1	-	False	True	8	1	21	30	True
Zm00001eb010370	chr1	-	True	False	8	1	31	40	True
Zm00001eb010400	chr1	-	False	True	0	0	0	0	False
Zm00001eb010410	chr1	+	False	True	0	0	0	0	False
Zm00001eb010440	chr1	+	True	False	13	2	15	30	True
Zm00001eb010480	chr1	-	False	True	11	0	22	33	True
Zm00001eb010590	chr1	-	False	True	13	3	55	71	True
Zm00001eb010600	chr1	+	False	True	10	2	35	47	True
Zm00001eb010610	chr1	+	False	True	12	0	19	31	True
Zm00001eb010620	chr1	-	False	True	1	0	5	6	True
Zm00001eb010660	chr1	+	False	True	7	0	13	20	True
Zm00001eb010700	chr1	+	False	True	0	0	0	0	False
Zm00001eb010730	chr1	-	False	True	0	0	0	0	False
Zm00001eb010770	chr1	-	False	True	11	1	17	29	True
Zm00001eb010810	chr1	+	False	True	2	0	1	3	True
Zm00001eb010820	chr1	+	False	True	0	0	0	0	False
Zm00001eb010860	chr1	-	False	True	0	0	0	0	False
Zm00001eb010900	chr1	-	False	True	4	0	20	24	True
Zm00001eb010990	chr1	-	False	True	2	0	23	25	True
Zm00001eb011000	chr1	+	False	True	0	1	2	3	True
Zm00001eb011020	chr1	-	False	True	2	0	2	4	True
Zm00001eb011050	chr1	-	False	True	6	0	13	19	True
Zm00001eb011070	chr1	+	False	True	4	0	16	20	True
Zm00001eb011080	chr1	-	False	True	3	1	5	9	True
Zm00001eb011140	chr1	-	False	True	3	2	6	11	True
Zm00001eb011150	chr1	-	False	True	2	0	8	10	True
Zm00001eb011170	chr1	-	False	True	1	1	9	11	True
Zm00001eb011200	chr1	+	False	True	0	0	4	4	True
Zm00001eb011220	chr1	-	False	True	8	0	48	56	True
Zm00001eb011230	chr1	+	False	True	5	0	16	21	True
Zm00001eb011310	chr1	-	False	True	0	1	0	1	True
Zm00001eb011380	chr1	+	False	True	10	1	11	22	True
Zm00001eb011420	chr1	+	True	False	0	0	4	4	True
Zm00001eb011470	chr1	+	False	True	0	1	0	1	True
Zm00001eb011480	chr1	-	False	True	4	0	14	18	True
Zm00001eb011490	chr1	-	False	True	1	1	6	8	True
Zm00001eb011720	chr1	+	False	True	5	1	10	16	True
Zm00001eb011730	chr1	-	False	True	18	1	87	106	True
Zm00001eb011750	chr1	+	False	True	6	0	6	12	True
Zm00001eb011760	chr1	+	False	True	2	2	9	13	True
Zm00001eb011780	chr1	+	False	True	8	1	42	51	True
Zm00001eb011800	chr1	+	False	True	0	1	5	6	True
Zm00001eb011810	chr1	+	False	True	3	0	11	14	True
Zm00001eb011820	chr1	-	False	True	4	1	15	20	True
Zm00001eb011830	chr1	+	False	True	3	0	18	21	True
Zm00001eb011840	chr1	+	False	True	4	0	7	11	True
Zm00001eb011860	chr1	-	False	True	3	0	19	22	True
Zm00001eb011880	chr1	+	False	True	4	0	32	36	True
Zm00001eb011910	chr1	+	False	True	7	1	19	27	True
Zm00001eb011930	chr1	+	False	True	0	1	3	4	True
Zm00001eb011940	chr1	-	True	False	13	0	21	34	True
Zm00001eb011950	chr1	+	False	True	3	0	0	3	True
Zm00001eb011960	chr1	-	False	True	4	0	3	7	True
Zm00001eb011980	chr1	+	False	True	5	1	13	19	True
Zm00001eb011990	chr1	-	False	True	10	0	43	53	True
Zm00001eb012000	chr1	-	False	True	8	2	47	57	True
Zm00001eb012010	chr1	-	False	True	3	2	44	49	True
Zm00001eb012040	chr1	-	False	True	4	0	2	6	True
Zm00001eb012060	chr1	-	False	True	1	1	10	12	True
Zm00001eb012070	chr1	+	False	True	2	0	3	5	True
Zm00001eb012100	chr1	-	False	True	0	0	1	1	True
Zm00001eb012130	chr1	+	False	True	6	0	24	30	True
Zm00001eb012180	chr1	+	False	True	5	0	7	12	True
Zm00001eb012200	chr1	+	False	True	5	0	52	57	True
Zm00001eb012210	chr1	+	False	True	2	1	2	5	True
Zm00001eb012220	chr1	+	False	True	5	1	31	37	True
Zm00001eb012280	chr1	-	False	True	3	0	13	16	True
Zm00001eb012310	chr1	+	False	True	2	0	0	2	True
Zm00001eb012330	chr1	+	False	True	6	0	7	13	True
Zm00001eb012340	chr1	-	False	True	2	0	5	7	True
Zm00001eb012360	chr1	-	False	True	8	0	19	27	True
Zm00001eb012390	chr1	-	False	True	7	0	9	16	True
Zm00001eb012440	chr1	-	False	True	5	0	6	11	True
Zm00001eb012470	chr1	+	False	True	5	1	6	12	True
Zm00001eb012480	chr1	-	False	True	5	2	19	26	True
Zm00001eb012540	chr1	+	False	True	10	0	13	23	True
Zm00001eb012600	chr1	-	False	True	3	0	20	23	True
Zm00001eb012610	chr1	-	False	True	0	0	14	14	True
Zm00001eb012650	chr1	+	False	True	4	1	13	18	True
Zm00001eb012660	chr1	-	False	True	4	0	19	23	True
Zm00001eb012670	chr1	-	False	True	0	2	7	9	True
Zm00001eb012780	chr1	+	False	True	2	1	3	6	True
Zm00001eb012860	chr1	-	False	True	4	1	34	39	True
Zm00001eb012870	chr1	-	False	True	2	1	7	10	True
Zm00001eb012890	chr1	-	False	True	3	0	10	13	True
Zm00001eb012900	chr1	-	False	True	4	0	13	17	True
Zm00001eb012910	chr1	-	False	True	2	0	17	19	True
Zm00001eb012920	chr1	-	True	False	1	1	9	11	True
Zm00001eb012930	chr1	-	False	True	0	0	0	0	False
Zm00001eb012950	chr1	+	False	True	3	0	13	16	True
Zm00001eb012960	chr1	-	False	True	3	1	7	11	True
Zm00001eb012980	chr1	-	False	True	3	0	7	10	True
Zm00001eb013000	chr1	+	False	True	2	0	4	6	True
Zm00001eb013020	chr1	-	False	True	5	1	10	16	True
Zm00001eb013030	chr1	+	False	True	4	0	26	30	True
Zm00001eb013040	chr1	+	False	True	6	0	7	13	True
Zm00001eb013060	chr1	+	False	True	4	1	14	19	True
Zm00001eb013080	chr1	+	False	True	9	1	46	56	True
Zm00001eb013100	chr1	-	False	True	7	1	12	20	True
Zm00001eb013110	chr1	+	False	True	3	0	10	13	True
Zm00001eb013120	chr1	+	False	True	5	0	10	15	True
Zm00001eb013150	chr1	-	False	True	0	0	0	0	False
Zm00001eb013180	chr1	+	False	True	15	0	72	87	True
Zm00001eb013190	chr1	-	False	True	2	0	9	11	True
Zm00001eb013220	chr1	+	False	True	4	0	17	21	True
Zm00001eb013230	chr1	+	False	True	4	1	40	45	True
Zm00001eb013240	chr1	+	False	True	7	0	34	41	True
Zm00001eb013250	chr1	-	False	True	1	3	7	11	True
Zm00001eb013270	chr1	+	False	True	0	0	0	0	False
Zm00001eb013300	chr1	+	False	True	1	0	4	5	True
Zm00001eb013340	chr1	+	False	True	1	0	6	7	True
Zm00001eb013360	chr1	+	False	True	5	0	17	22	True
Zm00001eb013370	chr1	-	False	True	3	1	14	18	True
Zm00001eb013460	chr1	+	False	True	1	0	0	1	True
Zm00001eb013480	chr1	+	False	True	7	0	23	30	True
Zm00001eb013490	chr1	-	False	True	4	1	14	19	True
Zm00001eb013500	chr1	+	True	False	1	2	18	21	True
Zm00001eb013510	chr1	+	False	True	5	0	28	33	True
Zm00001eb013590	chr1	+	False	True	0	0	0	0	False
Zm00001eb013610	chr1	-	False	True	8	1	18	27	True
Zm00001eb013620	chr1	-	False	True	2	0	28	30	True
Zm00001eb013640	chr1	+	False	True	3	0	16	19	True
Zm00001eb013650	chr1	-	False	True	7	2	15	24	True
Zm00001eb013660	chr1	-	False	True	8	0	18	26	True
Zm00001eb013690	chr1	-	False	True	2	0	7	9	True
Zm00001eb013700	chr1	-	False	True	3	0	3	6	True
Zm00001eb013710	chr1	+	False	True	1	0	4	5	True
Zm00001eb013720	chr1	+	False	True	9	1	24	34	True
Zm00001eb013730	chr1	+	False	True	0	1	1	2	True
Zm00001eb013740	chr1	-	False	True	5	0	19	24	True
Zm00001eb013750	chr1	+	False	True	5	0	23	28	True
Zm00001eb013760	chr1	-	False	True	6	2	35	43	True
Zm00001eb013780	chr1	-	False	True	4	2	16	22	True
Zm00001eb013880	chr1	-	False	True	10	0	16	26	True
Zm00001eb013900	chr1	-	False	True	10	2	60	72	True
Zm00001eb013940	chr1	+	False	True	1	0	15	16	True
Zm00001eb013970	chr1	-	False	True	8	1	31	40	True
Zm00001eb013980	chr1	+	False	True	6	1	35	42	True
Zm00001eb014030	chr1	+	False	True	6	0	38	44	True
Zm00001eb014050	chr1	-	False	True	3	0	4	7	True
Zm00001eb014490	chr1	-	True	False	12	0	30	42	True
Zm00001eb014500	chr1	-	False	True	8	0	30	38	True
Zm00001eb014600	chr1	+	True	False	3	1	42	46	True
Zm00001eb014630	chr1	+	False	True	3	0	4	7	True
Zm00001eb014640	chr1	+	False	True	4	1	7	12	True
Zm00001eb014740	chr1	+	False	True	1	0	1	2	True
Zm00001eb014810	chr1	-	False	True	2	1	6	9	True
Zm00001eb014820	chr1	-	False	True	0	1	6	7	True
Zm00001eb014830	chr1	-	False	True	3	1	29	33	True
Zm00001eb014850	chr1	+	False	True	0	0	5	5	True
Zm00001eb014860	chr1	+	False	True	3	0	6	9	True
Zm00001eb014870	chr1	-	False	True	2	2	7	11	True
Zm00001eb014890	chr1	+	False	True	0	0	9	9	True
Zm00001eb014900	chr1	+	False	True	4	1	22	27	True
Zm00001eb014960	chr1	+	False	True	0	0	0	0	False
Zm00001eb014970	chr1	+	False	True	2	0	3	5	True
Zm00001eb015010	chr1	+	False	True	2	1	8	11	True
Zm00001eb015040	chr1	+	False	True	5	0	37	42	True
Zm00001eb015050	chr1	-	False	True	2	0	11	13	True
Zm00001eb015060	chr1	+	False	True	3	0	13	16	True
Zm00001eb015070	chr1	+	False	True	1	1	11	13	True
Zm00001eb015130	chr1	+	False	True	1	0	2	3	True
Zm00001eb015170	chr1	+	False	True	4	1	15	20	True
Zm00001eb015210	chr1	-	False	True	9	1	12	22	True
Zm00001eb015220	chr1	+	False	True	0	0	0	0	False
Zm00001eb015230	chr1	-	False	True	1	0	0	1	True
Zm00001eb015260	chr1	+	False	True	7	0	14	21	True
Zm00001eb015270	chr1	+	False	True	3	0	5	8	True
Zm00001eb015290	chr1	-	False	True	4	2	8	14	True
Zm00001eb015310	chr1	-	False	True	12	0	11	23	True
Zm00001eb015320	chr1	+	False	True	0	1	1	2	True
Zm00001eb015330	chr1	+	False	True	5	0	10	15	True
Zm00001eb015340	chr1	+	False	True	7	1	26	34	True
Zm00001eb015380	chr1	+	False	True	4	1	6	11	True
Zm00001eb015400	chr1	-	False	True	6	1	8	15	True
Zm00001eb015420	chr1	+	False	True	3	0	5	8	True
Zm00001eb015440	chr1	+	False	True	5	0	8	13	True
Zm00001eb015470	chr1	-	False	True	1	0	1	2	True
Zm00001eb015510	chr1	-	False	True	2	0	9	11	True
Zm00001eb015540	chr1	-	False	True	1	1	3	5	True
Zm00001eb015570	chr1	-	False	True	4	1	0	5	True
Zm00001eb015620	chr1	-	False	True	16	0	29	45	True
Zm00001eb015630	chr1	-	False	True	1	0	0	1	True
Zm00001eb015660	chr1	+	False	True	4	1	10	15	True
Zm00001eb015680	chr1	-	False	True	8	1	24	33	True
Zm00001eb015690	chr1	-	False	True	2	4	15	21	True
Zm00001eb015720	chr1	+	False	True	2	0	7	9	True
Zm00001eb015730	chr1	-	False	True	5	1	17	23	True
Zm00001eb015750	chr1	+	False	True	9	0	17	26	True
Zm00001eb015760	chr1	-	False	True	10	0	42	52	True
Zm00001eb015790	chr1	+	False	True	0	0	1	1	True
Zm00001eb015800	chr1	-	False	True	9	2	48	59	True
Zm00001eb015840	chr1	+	False	True	0	0	0	0	False
Zm00001eb015860	chr1	-	False	True	2	2	9	13	True
Zm00001eb015880	chr1	-	False	True	6	0	11	17	True
Zm00001eb015890	chr1	+	False	True	12	0	34	46	True
Zm00001eb015900	chr1	-	False	True	4	0	10	14	True
Zm00001eb015910	chr1	+	False	True	10	0	28	38	True
Zm00001eb015920	chr1	+	False	True	3	0	5	8	True
Zm00001eb015930	chr1	+	False	True	3	0	3	6	True
Zm00001eb015940	chr1	+	False	True	6	0	27	33	True
Zm00001eb015950	chr1	+	False	True	5	0	16	21	True
Zm00001eb015960	chr1	-	False	True	1	1	5	7	True
Zm00001eb015990	chr1	-	False	True	1	0	3	4	True
Zm00001eb016000	chr1	-	False	True	0	0	4	4	True
Zm00001eb016020	chr1	+	False	True	0	0	3	3	True
Zm00001eb016110	chr1	+	False	True	0	0	0	0	False
Zm00001eb016180	chr1	+	False	True	7	0	17	24	True
Zm00001eb016190	chr1	+	False	True	0	0	0	0	False
Zm00001eb016200	chr1	-	False	True	4	1	6	11	True
Zm00001eb016320	chr1	+	False	True	3	1	32	36	True
Zm00001eb016330	chr1	+	False	True	9	1	18	28	True
Zm00001eb016400	chr1	+	False	True	1	0	9	10	True
Zm00001eb016410	chr1	-	True	False	4	0	14	18	True
Zm00001eb016420	chr1	-	False	True	0	0	2	2	True
Zm00001eb016570	chr1	-	False	True	0	0	1	1	True
Zm00001eb016600	chr1	+	False	True	0	0	0	0	False
Zm00001eb016620	chr1	-	False	True	5	0	3	8	True
Zm00001eb016640	chr1	+	False	True	0	1	4	5	True
Zm00001eb016660	chr1	-	False	True	1	0	15	16	True
Zm00001eb016670	chr1	+	False	True	2	1	9	12	True
Zm00001eb016740	chr1	-	False	True	3	0	6	9	True
Zm00001eb016760	chr1	-	False	True	0	0	0	0	False
Zm00001eb016800	chr1	+	False	True	3	0	2	5	True
Zm00001eb016830	chr1	-	False	True	0	0	2	2	True
Zm00001eb016850	chr1	+	False	True	0	0	1	1	True
Zm00001eb016930	chr1	-	True	False	3	1	9	13	True
Zm00001eb016960	chr1	+	False	True	5	3	33	41	True
Zm00001eb016990	chr1	+	False	True	0	0	3	3	True
Zm00001eb017000	chr1	+	False	True	6	1	14	21	True
Zm00001eb017040	chr1	+	False	True	0	0	1	1	True
Zm00001eb017060	chr1	-	False	True	2	0	1	3	True
Zm00001eb017070	chr1	+	False	True	0	0	1	1	True
Zm00001eb017080	chr1	-	False	True	9	0	19	28	True
Zm00001eb017130	chr1	-	False	True	6	0	66	72	True
Zm00001eb017140	chr1	+	False	True	0	0	0	0	False
Zm00001eb017150	chr1	-	False	True	0	0	0	0	False
Zm00001eb017200	chr1	+	False	True	1	0	1	2	True
Zm00001eb017260	chr1	+	False	True	9	0	26	35	True
Zm00001eb017310	chr1	-	False	True	8	0	25	33	True
Zm00001eb017320	chr1	-	False	True	4	0	16	20	True
Zm00001eb017340	chr1	-	False	True	6	3	37	46	True
Zm00001eb017350	chr1	-	False	True	11	0	34	45	True
Zm00001eb017400	chr1	-	False	True	1	1	12	14	True
Zm00001eb017430	chr1	-	False	True	0	0	0	0	False
Zm00001eb017550	chr1	+	False	True	1	1	12	14	True
Zm00001eb017600	chr1	+	False	True	3	0	4	7	True
Zm00001eb017630	chr1	+	False	True	0	1	1	2	True
Zm00001eb017680	chr1	+	False	True	0	0	6	6	True
Zm00001eb017690	chr1	+	False	True	1	1	19	21	True
Zm00001eb017730	chr1	-	False	True	12	1	28	41	True
Zm00001eb017760	chr1	-	False	True	1	0	0	1	True
Zm00001eb017790	chr1	-	False	True	0	0	1	1	True
Zm00001eb017800	chr1	+	False	True	0	0	1	1	True
Zm00001eb017830	chr1	-	False	True	6	2	27	35	True
Zm00001eb017850	chr1	+	False	True	3	0	17	20	True
Zm00001eb017910	chr1	+	False	True	0	0	6	6	True
Zm00001eb017920	chr1	+	False	True	8	2	19	29	True
Zm00001eb017970	chr1	-	False	True	4	2	8	14	True
Zm00001eb018010	chr1	+	False	True	0	0	5	5	True
Zm00001eb018020	chr1	-	False	True	4	2	8	14	True
Zm00001eb018200	chr1	-	False	True	0	1	7	8	True
Zm00001eb018270	chr1	-	False	True	5	0	8	13	True
Zm00001eb018300	chr1	-	False	True	2	3	8	13	True
Zm00001eb018320	chr1	-	True	False	5	3	22	30	True
Zm00001eb018350	chr1	-	False	True	5	0	37	42	True
Zm00001eb018360	chr1	+	False	True	4	0	26	30	True
Zm00001eb018380	chr1	+	False	True	8	0	9	17	True
Zm00001eb018420	chr1	-	False	True	3	0	23	26	True
Zm00001eb018430	chr1	+	False	True	2	0	5	7	True
Zm00001eb018520	chr1	+	False	True	2	0	12	14	True
Zm00001eb018690	chr1	+	False	True	0	0	1	1	True
Zm00001eb018700	chr1	+	False	True	0	0	0	0	False
Zm00001eb018720	chr1	+	False	True	0	0	0	0	False
Zm00001eb018730	chr1	+	False	True	6	0	16	22	True
Zm00001eb018750	chr1	+	False	True	1	0	6	7	True
Zm00001eb018810	chr1	+	False	True	9	0	35	44	True
Zm00001eb018830	chr1	+	False	True	2	1	4	7	True
Zm00001eb018850	chr1	+	False	True	1	0	1	2	True
Zm00001eb018860	chr1	-	False	True	6	3	24	33	True
Zm00001eb018870	chr1	-	False	True	11	1	39	51	True
Zm00001eb018900	chr1	-	False	True	0	0	0	0	False
Zm00001eb018930	chr1	-	False	True	8	1	10	19	True
Zm00001eb019030	chr1	+	False	True	5	1	22	28	True
Zm00001eb019040	chr1	-	False	True	1	0	21	22	True
Zm00001eb019160	chr1	-	False	True	12	0	49	61	True
Zm00001eb019240	chr1	+	False	True	5	0	13	18	True
Zm00001eb019250	chr1	-	False	True	0	0	9	9	True
Zm00001eb019260	chr1	+	False	True	0	1	5	6	True
Zm00001eb019290	chr1	+	False	True	0	0	0	0	False
Zm00001eb019330	chr1	+	False	True	1	1	9	11	True
Zm00001eb019350	chr1	+	False	True	0	0	16	16	True
Zm00001eb019370	chr1	+	False	True	3	0	17	20	True
Zm00001eb019420	chr1	-	False	True	0	0	0	0	False
Zm00001eb019440	chr1	-	False	True	0	0	1	1	True
Zm00001eb019460	chr1	+	False	True	4	1	11	16	True
Zm00001eb019470	chr1	-	False	True	0	1	5	6	True
Zm00001eb019510	chr1	+	False	True	6	0	27	33	True
Zm00001eb019520	chr1	+	False	True	7	1	8	16	True
Zm00001eb019530	chr1	+	False	True	0	0	1	1	True
Zm00001eb019570	chr1	-	False	True	6	2	25	33	True
Zm00001eb019630	chr1	+	False	True	4	0	12	16	True
Zm00001eb019650	chr1	-	False	True	0	0	0	0	False
Zm00001eb019780	chr1	+	False	True	6	0	14	20	True
Zm00001eb019800	chr1	-	False	True	4	0	4	8	True
Zm00001eb019830	chr1	-	False	True	10	1	19	30	True
Zm00001eb019840	chr1	-	False	True	13	0	23	36	True
Zm00001eb019850	chr1	+	False	True	7	1	13	21	True
Zm00001eb019880	chr1	-	False	True	12	1	44	57	True
Zm00001eb019890	chr1	+	False	True	6	1	21	28	True
Zm00001eb019900	chr1	+	False	True	0	0	1	1	True
Zm00001eb020040	chr1	-	False	True	15	1	56	72	True
Zm00001eb020060	chr1	+	False	True	0	0	0	0	False
Zm00001eb020100	chr1	-	False	True	7	0	13	20	True
Zm00001eb020110	chr1	-	False	True	4	2	23	29	True
Zm00001eb020120	chr1	+	False	True	8	1	4	13	True
Zm00001eb020130	chr1	-	False	True	0	1	2	3	True
Zm00001eb020150	chr1	-	False	True	0	0	3	3	True
Zm00001eb020170	chr1	-	False	True	1	0	0	1	True
Zm00001eb020180	chr1	+	False	True	0	0	1	1	True
Zm00001eb020250	chr1	-	False	True	1	1	8	10	True
Zm00001eb020260	chr1	+	False	True	9	0	49	58	True
Zm00001eb020280	chr1	+	False	True	0	0	0	0	False
Zm00001eb020330	chr1	+	False	True	3	0	6	9	True
Zm00001eb020350	chr1	-	False	True	14	3	48	65	True
Zm00001eb020360	chr1	-	False	True	5	0	23	28	True
Zm00001eb020370	chr1	-	False	True	5	2	44	51	True
Zm00001eb020390	chr1	+	False	True	1	0	7	8	True
Zm00001eb020400	chr1	+	False	True	6	0	19	25	True
Zm00001eb020410	chr1	-	False	True	11	0	31	42	True
Zm00001eb020450	chr1	+	False	True	5	0	14	19	True
Zm00001eb020460	chr1	+	False	True	4	0	9	13	True
Zm00001eb020500	chr1	+	False	True	2	1	9	12	True
Zm00001eb020600	chr1	+	False	True	2	0	11	13	True
Zm00001eb020660	chr1	-	False	True	8	1	21	30	True
Zm00001eb020680	chr1	-	False	True	11	1	18	30	True
Zm00001eb020690	chr1	+	False	True	6	0	28	34	True
Zm00001eb020780	chr1	-	False	True	7	1	24	32	True
Zm00001eb020970	chr1	+	False	True	1	0	4	5	True
Zm00001eb021010	chr1	-	False	True	4	1	18	23	True
Zm00001eb021020	chr1	-	False	True	3	1	14	18	True
Zm00001eb021030	chr1	-	False	True	2	1	6	9	True
Zm00001eb021040	chr1	-	False	True	7	0	33	40	True
Zm00001eb021070	chr1	-	False	True	3	1	13	17	True
Zm00001eb021140	chr1	+	False	True	8	0	30	38	True
Zm00001eb021210	chr1	-	False	True	1	1	1	3	True
Zm00001eb021240	chr1	-	False	True	0	0	1	1	True
Zm00001eb021270	chr1	-	False	True	1	0	0	1	True
Zm00001eb021290	chr1	-	False	True	1	1	7	9	True
Zm00001eb021300	chr1	+	False	True	3	0	6	9	True
Zm00001eb021310	chr1	+	False	True	5	0	7	12	True
Zm00001eb021320	chr1	-	False	True	3	0	11	14	True
Zm00001eb021340	chr1	-	False	True	0	0	5	5	True
Zm00001eb021350	chr1	+	False	True	4	0	8	12	True
Zm00001eb021360	chr1	-	False	True	10	2	15	27	True
Zm00001eb021380	chr1	+	False	True	5	0	11	16	True
Zm00001eb021590	chr1	-	False	True	8	1	32	41	True
Zm00001eb021600	chr1	+	False	True	1	0	4	5	True
Zm00001eb021660	chr1	+	False	True	0	0	4	4	True
Zm00001eb021710	chr1	+	False	True	8	1	18	27	True
Zm00001eb021720	chr1	+	False	True	7	1	34	42	True
Zm00001eb021760	chr1	+	False	True	0	0	0	0	False
Zm00001eb021790	chr1	-	False	True	14	0	29	43	True
Zm00001eb021800	chr1	+	False	True	3	0	3	6	True
Zm00001eb021820	chr1	+	False	True	0	1	1	2	True
Zm00001eb021880	chr1	+	False	True	4	3	32	39	True
Zm00001eb021890	chr1	+	False	True	0	1	4	5	True
Zm00001eb021900	chr1	-	False	True	3	1	6	10	True
Zm00001eb021940	chr1	-	False	True	4	1	27	32	True
Zm00001eb021970	chr1	-	False	True	23	0	16	39	True
Zm00001eb021990	chr1	-	False	True	4	0	8	12	True
Zm00001eb022040	chr1	+	False	True	3	1	11	15	True
Zm00001eb022050	chr1	+	False	True	13	1	27	41	True
Zm00001eb022080	chr1	-	False	True	9	2	22	33	True
Zm00001eb022120	chr1	+	False	True	0	0	6	6	True
Zm00001eb022130	chr1	-	False	True	7	0	27	34	True
Zm00001eb022160	chr1	-	False	True	6	3	55	64	True
Zm00001eb022210	chr1	-	False	True	11	0	38	49	True
Zm00001eb022230	chr1	+	False	True	1	0	2	3	True
Zm00001eb022240	chr1	-	False	True	2	1	9	12	True
Zm00001eb022280	chr1	-	False	True	9	0	11	20	True
Zm00001eb022330	chr1	+	False	True	4	0	14	18	True
Zm00001eb022360	chr1	-	False	True	12	0	24	36	True
Zm00001eb022390	chr1	-	False	True	6	1	25	32	True
Zm00001eb022400	chr1	-	False	True	6	1	28	35	True
Zm00001eb022440	chr1	+	False	True	1	0	3	4	True
Zm00001eb022570	chr1	-	False	True	3	3	29	35	True
Zm00001eb022580	chr1	-	False	True	16	2	20	38	True
Zm00001eb022630	chr1	-	False	True	7	0	10	17	True
Zm00001eb022650	chr1	-	False	True	3	0	14	17	True
Zm00001eb022660	chr1	+	False	True	3	0	13	16	True
Zm00001eb022670	chr1	+	False	True	0	0	2	2	True
Zm00001eb022680	chr1	-	False	True	6	2	23	31	True
Zm00001eb022740	chr1	+	False	True	3	0	37	40	True
Zm00001eb022750	chr1	-	False	True	6	0	21	27	True
Zm00001eb022820	chr1	+	False	True	0	1	2	3	True
Zm00001eb022830	chr1	+	False	True	1	1	8	10	True
Zm00001eb022940	chr1	+	False	True	2	0	9	11	True
Zm00001eb023010	chr1	-	False	True	2	0	2	4	True
Zm00001eb023020	chr1	+	False	True	1	0	0	1	True
Zm00001eb023080	chr1	-	False	True	2	1	22	25	True
Zm00001eb023110	chr1	-	False	True	1	0	0	1	True
Zm00001eb023120	chr1	+	False	True	4	0	8	12	True
Zm00001eb023130	chr1	-	False	True	7	0	15	22	True
Zm00001eb023140	chr1	+	False	True	6	0	14	20	True
Zm00001eb023220	chr1	+	False	True	8	0	15	23	True
Zm00001eb023230	chr1	-	False	True	1	1	11	13	True
Zm00001eb023240	chr1	-	False	True	6	2	19	27	True
Zm00001eb023270	chr1	+	False	True	5	0	16	21	True
Zm00001eb023500	chr1	+	False	True	4	2	23	29	True
Zm00001eb023510	chr1	+	False	True	5	2	17	24	True
Zm00001eb023520	chr1	-	False	True	0	0	1	1	True
Zm00001eb023590	chr1	+	False	True	3	0	9	12	True
Zm00001eb023620	chr1	+	False	True	2	1	3	6	True
Zm00001eb023650	chr1	+	False	True	1	0	3	4	True
Zm00001eb023660	chr1	+	False	True	1	0	2	3	True
Zm00001eb023740	chr1	-	False	True	0	0	0	0	False
Zm00001eb023780	chr1	+	False	True	4	1	24	29	True
Zm00001eb023810	chr1	+	False	True	6	0	13	19	True
Zm00001eb023830	chr1	-	False	True	0	0	2	2	True
Zm00001eb023860	chr1	+	False	True	4	0	14	18	True
Zm00001eb023870	chr1	+	False	True	3	0	17	20	True
Zm00001eb023910	chr1	+	False	True	1	0	1	2	True
Zm00001eb023950	chr1	-	False	True	0	0	0	0	False
Zm00001eb024030	chr1	+	False	True	7	2	18	27	True
Zm00001eb024120	chr1	-	False	True	6	1	12	19	True
Zm00001eb024130	chr1	-	False	True	14	0	51	65	True
Zm00001eb024180	chr1	-	False	True	0	0	0	0	False
Zm00001eb024190	chr1	+	False	True	2	0	1	3	True
Zm00001eb024210	chr1	+	False	True	0	0	3	3	True
Zm00001eb024240	chr1	+	False	True	0	0	1	1	True
Zm00001eb024260	chr1	-	False	True	0	0	1	1	True
Zm00001eb024330	chr1	-	False	True	6	0	14	20	True
Zm00001eb024440	chr1	-	False	True	0	0	0	0	False
Zm00001eb024460	chr1	+	False	True	0	0	2	2	True
Zm00001eb024490	chr1	-	False	True	0	1	1	2	True
Zm00001eb024550	chr1	-	False	True	1	0	1	2	True
Zm00001eb024560	chr1	+	False	True	0	0	0	0	False
Zm00001eb024890	chr1	-	False	True	0	1	3	4	True
Zm00001eb024900	chr1	+	False	True	0	0	0	0	False
Zm00001eb024920	chr1	-	False	True	5	1	19	25	True
Zm00001eb024960	chr1	-	False	True	3	1	41	45	True
Zm00001eb025030	chr1	+	False	True	0	0	0	0	False
Zm00001eb025040	chr1	-	False	True	4	0	10	14	True
Zm00001eb025100	chr1	+	False	True	0	0	0	0	False
Zm00001eb025110	chr1	-	False	True	2	1	4	7	True
Zm00001eb025140	chr1	-	False	True	8	1	30	39	True
Zm00001eb025150	chr1	-	False	True	7	0	27	34	True
Zm00001eb025470	chr1	+	False	True	4	1	16	21	True
Zm00001eb025500	chr1	-	False	True	2	2	15	19	True
Zm00001eb025510	chr1	-	False	True	5	1	33	39	True
Zm00001eb025550	chr1	-	False	True	7	2	16	25	True
Zm00001eb025560	chr1	-	False	True	3	1	6	10	True
Zm00001eb025620	chr1	-	False	True	5	0	32	37	True
Zm00001eb025640	chr1	+	False	True	5	0	9	14	True
Zm00001eb025650	chr1	-	False	True	1	1	6	8	True
Zm00001eb025670	chr1	-	False	True	0	1	21	22	True
Zm00001eb025700	chr1	+	False	True	0	1	6	7	True
Zm00001eb025730	chr1	+	False	True	4	1	31	36	True
Zm00001eb025760	chr1	+	False	True	4	0	5	9	True
Zm00001eb025780	chr1	-	False	True	3	0	10	13	True
Zm00001eb025790	chr1	-	False	True	0	0	0	0	False
Zm00001eb025800	chr1	+	False	True	1	0	2	3	True
Zm00001eb025900	chr1	+	False	True	7	0	13	20	True
Zm00001eb025910	chr1	-	False	True	0	0	0	0	False
Zm00001eb026030	chr1	-	False	True	0	0	2	2	True
Zm00001eb026640	chr1	-	False	True	2	0	15	17	True
Zm00001eb026650	chr1	-	False	True	2	0	8	10	True
Zm00001eb026710	chr1	-	False	True	0	0	2	2	True
Zm00001eb026930	chr1	+	False	True	1	0	1	2	True
Zm00001eb027100	chr1	-	False	True	1	0	0	1	True
Zm00001eb027200	chr1	-	False	True	1	0	0	1	True
Zm00001eb027340	chr1	-	False	True	0	0	0	0	False
Zm00001eb027750	chr1	+	False	True	1	0	1	2	True
Zm00001eb027820	chr1	+	False	True	0	0	0	0	False
Zm00001eb027860	chr1	+	False	True	1	0	1	2	True
Zm00001eb027880	chr1	-	False	True	3	1	1	5	True
Zm00001eb027900	chr1	-	False	True	10	0	29	39	True
Zm00001eb027920	chr1	-	False	True	1	0	1	2	True
Zm00001eb027940	chr1	+	False	True	0	0	1	1	True
Zm00001eb027950	chr1	-	False	True	1	1	6	8	True
Zm00001eb028000	chr1	-	False	True	3	0	12	15	True
Zm00001eb028020	chr1	+	False	True	5	0	8	13	True
Zm00001eb028030	chr1	+	False	True	1	0	11	12	True
Zm00001eb028060	chr1	-	False	True	1	1	31	33	True
Zm00001eb028110	chr1	+	False	True	1	0	18	19	True
Zm00001eb028170	chr1	+	False	True	1	0	9	10	True
Zm00001eb028190	chr1	-	False	True	6	1	38	45	True
Zm00001eb028210	chr1	+	False	True	1	0	6	7	True
Zm00001eb028220	chr1	-	False	True	0	0	7	7	True
Zm00001eb028250	chr1	-	False	True	1	0	12	13	True
Zm00001eb028270	chr1	+	False	True	3	0	10	13	True
Zm00001eb028280	chr1	+	False	True	2	0	5	7	True
Zm00001eb028290	chr1	-	False	True	2	1	3	6	True
Zm00001eb028310	chr1	+	False	True	0	0	4	4	True
Zm00001eb028370	chr1	+	False	True	0	0	5	5	True
Zm00001eb028380	chr1	-	False	True	2	0	3	5	True
Zm00001eb028390	chr1	-	False	True	1	0	2	3	True
Zm00001eb028420	chr1	+	False	True	0	0	3	3	True
Zm00001eb028430	chr1	+	False	True	0	0	4	4	True
Zm00001eb028440	chr1	-	False	True	4	0	19	23	True
Zm00001eb028450	chr1	+	False	True	4	0	13	17	True
Zm00001eb028490	chr1	-	False	True	1	0	6	7	True
Zm00001eb028500	chr1	+	False	True	2	1	6	9	True
Zm00001eb028510	chr1	+	False	True	4	0	6	10	True
Zm00001eb028520	chr1	+	False	True	0	0	0	0	False
Zm00001eb028570	chr1	+	False	True	5	2	17	24	True
Zm00001eb028670	chr1	-	False	True	2	1	5	8	True
Zm00001eb028690	chr1	-	False	True	0	1	2	3	True
Zm00001eb028710	chr1	+	False	True	0	1	1	2	True
Zm00001eb028740	chr1	+	False	True	3	0	15	18	True
Zm00001eb028750	chr1	+	False	True	3	0	8	11	True
Zm00001eb028820	chr1	-	False	True	0	0	1	1	True
Zm00001eb028860	chr1	+	False	True	2	1	7	10	True
Zm00001eb028930	chr1	+	False	True	0	0	2	2	True
Zm00001eb028940	chr1	+	False	True	3	2	11	16	True
Zm00001eb028980	chr1	+	False	True	0	1	2	3	True
Zm00001eb028990	chr1	-	False	True	8	0	50	58	True
Zm00001eb029010	chr1	+	False	True	3	0	24	27	True
Zm00001eb029020	chr1	-	False	True	4	1	34	39	True
Zm00001eb029040	chr1	-	False	True	0	0	3	3	True
Zm00001eb029080	chr1	+	False	True	4	1	18	23	True
Zm00001eb029200	chr1	+	False	True	2	1	8	11	True
Zm00001eb029250	chr1	-	False	True	1	0	6	7	True
Zm00001eb029330	chr1	-	False	True	7	0	12	19	True
Zm00001eb029380	chr1	+	False	True	0	0	0	0	False
Zm00001eb029390	chr1	+	False	True	3	0	21	24	True
Zm00001eb029410	chr1	+	False	True	1	2	11	14	True
Zm00001eb029510	chr1	-	False	True	0	0	1	1	True
Zm00001eb029530	chr1	+	False	True	0	0	3	3	True
Zm00001eb029710	chr1	+	False	True	2	0	9	11	True
Zm00001eb029740	chr1	-	False	True	1	0	1	2	True
Zm00001eb029780	chr1	+	False	True	2	0	9	11	True
Zm00001eb029960	chr1	+	False	True	0	1	3	4	True
Zm00001eb029970	chr1	+	False	True	7	3	35	45	True
Zm00001eb029990	chr1	+	False	True	16	0	26	42	True
Zm00001eb030010	chr1	-	False	True	6	1	20	27	True
Zm00001eb030050	chr1	-	False	True	8	0	41	49	True
Zm00001eb030110	chr1	-	False	True	5	2	28	35	True
Zm00001eb030170	chr1	-	False	True	2	2	12	16	True
Zm00001eb030190	chr1	+	False	True	7	1	19	27	True
Zm00001eb030210	chr1	+	False	True	1	1	3	5	True
Zm00001eb030220	chr1	+	False	True	0	0	4	4	True
Zm00001eb030250	chr1	-	False	True	1	2	26	29	True
Zm00001eb030310	chr1	+	False	True	1	0	6	7	True
Zm00001eb030390	chr1	+	False	True	0	0	0	0	False
Zm00001eb030410	chr1	+	False	True	8	1	54	63	True
Zm00001eb030420	chr1	+	False	True	7	1	66	74	True
Zm00001eb030550	chr1	+	False	True	1	0	9	10	True
Zm00001eb030570	chr1	-	False	True	3	0	12	15	True
Zm00001eb030710	chr1	-	False	True	1	0	1	2	True
Zm00001eb030880	chr1	+	False	True	0	0	0	0	False
Zm00001eb030890	chr1	+	False	True	0	0	0	0	False
Zm00001eb030950	chr1	+	False	True	0	0	0	0	False
Zm00001eb030970	chr1	-	False	True	0	0	0	0	False
Zm00001eb031210	chr1	+	False	True	10	0	46	56	True
Zm00001eb031220	chr1	-	False	True	2	1	6	9	True
Zm00001eb031340	chr1	+	False	True	0	0	1	1	True
Zm00001eb031360	chr1	+	False	True	0	0	1	1	True
Zm00001eb031400	chr1	-	False	True	7	3	19	29	True
Zm00001eb031410	chr1	-	False	True	1	0	6	7	True
Zm00001eb031520	chr1	+	False	True	1	0	5	6	True
Zm00001eb031590	chr1	-	False	True	0	0	0	0	False
Zm00001eb031650	chr1	-	False	True	11	1	17	29	True
Zm00001eb031660	chr1	-	False	True	2	0	5	7	True
Zm00001eb031670	chr1	-	False	True	19	0	62	81	True
Zm00001eb031680	chr1	+	False	True	6	0	32	38	True
Zm00001eb031690	chr1	-	False	True	5	1	19	25	True
Zm00001eb031730	chr1	+	False	True	0	0	0	0	False
Zm00001eb031790	chr1	-	False	True	4	1	6	11	True
Zm00001eb031800	chr1	-	False	True	1	0	4	5	True
Zm00001eb031810	chr1	-	False	True	0	0	1	1	True
Zm00001eb031880	chr1	-	False	True	15	0	25	40	True
Zm00001eb031900	chr1	+	False	True	10	1	35	46	True
Zm00001eb031930	chr1	-	False	True	7	1	16	24	True
Zm00001eb031970	chr1	-	False	True	0	0	12	12	True
Zm00001eb031980	chr1	-	False	True	5	1	52	58	True
Zm00001eb032030	chr1	-	False	True	4	1	15	20	True
Zm00001eb032040	chr1	+	False	True	1	0	12	13	True
Zm00001eb032110	chr1	+	False	True	4	0	4	8	True
Zm00001eb032200	chr1	+	False	True	1	1	8	10	True
Zm00001eb032230	chr1	-	False	True	0	0	0	0	False
Zm00001eb032340	chr1	-	False	True	5	1	12	18	True
Zm00001eb032380	chr1	-	False	True	4	1	25	30	True
Zm00001eb032500	chr1	+	False	True	5	1	45	51	True
Zm00001eb032690	chr1	-	False	True	1	2	10	13	True
Zm00001eb032750	chr1	+	False	True	7	0	35	42	True
Zm00001eb032800	chr1	-	False	True	9	0	18	27	True
Zm00001eb032820	chr1	-	False	True	4	0	27	31	True
Zm00001eb032860	chr1	-	False	True	8	0	8	16	True
Zm00001eb032870	chr1	+	False	True	2	0	3	5	True
Zm00001eb032930	chr1	+	False	True	4	1	12	17	True
Zm00001eb032940	chr1	-	False	True	9	1	23	33	True
Zm00001eb032970	chr1	-	False	True	7	0	49	56	True
Zm00001eb032990	chr1	-	False	True	1	0	19	20	True
Zm00001eb033000	chr1	-	False	True	1	1	15	17	True
Zm00001eb033030	chr1	+	True	False	1	0	2	3	True
Zm00001eb033040	chr1	+	False	True	14	0	65	79	True
Zm00001eb033060	chr1	+	False	True	4	1	20	25	True
Zm00001eb033080	chr1	-	False	True	0	0	0	0	False
Zm00001eb033100	chr1	+	False	True	0	1	5	6	True
Zm00001eb033110	chr1	-	False	True	2	2	5	9	True
Zm00001eb033120	chr1	-	False	True	9	1	26	36	True
Zm00001eb033130	chr1	-	False	True	0	0	1	1	True
Zm00001eb033140	chr1	-	False	True	1	1	1	3	True
Zm00001eb033190	chr1	+	False	True	2	1	9	12	True
Zm00001eb033220	chr1	-	False	True	6	0	34	40	True
Zm00001eb033230	chr1	-	False	True	0	1	4	5	True
Zm00001eb033240	chr1	-	False	True	1	2	11	14	True
Zm00001eb033390	chr1	-	False	True	1	0	8	9	True
Zm00001eb033400	chr1	+	False	True	1	0	7	8	True
Zm00001eb033410	chr1	+	False	True	1	1	4	6	True
Zm00001eb033440	chr1	-	False	True	0	0	0	0	False
Zm00001eb033550	chr1	-	False	True	5	0	39	44	True
Zm00001eb033580	chr1	+	False	True	10	0	26	36	True
Zm00001eb033590	chr1	+	False	True	3	0	14	17	True
Zm00001eb033600	chr1	-	False	True	3	0	18	21	True
Zm00001eb033620	chr1	+	False	True	0	1	5	6	True
Zm00001eb033640	chr1	-	False	True	10	0	28	38	True
Zm00001eb033650	chr1	+	False	True	0	1	1	2	True
Zm00001eb033670	chr1	+	False	True	1	0	7	8	True
Zm00001eb033680	chr1	+	False	True	4	1	24	29	True
Zm00001eb033690	chr1	-	False	True	4	1	12	17	True
Zm00001eb033700	chr1	-	False	True	1	0	11	12	True
Zm00001eb033740	chr1	+	False	True	12	1	21	34	True
Zm00001eb033780	chr1	+	False	True	0	0	0	0	False
Zm00001eb033790	chr1	-	False	True	1	0	2	3	True
Zm00001eb033820	chr1	+	False	True	1	0	1	2	True
Zm00001eb033900	chr1	+	False	True	2	0	3	5	True
Zm00001eb033910	chr1	+	False	True	0	2	2	4	True
Zm00001eb033950	chr1	-	False	True	10	0	5	15	True
Zm00001eb034010	chr1	+	False	True	0	1	8	9	True
Zm00001eb034030	chr1	+	False	True	1	0	9	10	True
Zm00001eb034040	chr1	-	False	True	2	0	7	9	True
Zm00001eb034050	chr1	-	False	True	3	2	15	20	True
Zm00001eb034060	chr1	-	False	True	4	0	18	22	True
Zm00001eb034080	chr1	+	False	True	4	0	16	20	True
Zm00001eb034090	chr1	-	False	True	1	0	6	7	True
Zm00001eb034180	chr1	+	False	True	0	0	0	0	False
Zm00001eb034650	chr1	+	False	True	8	0	9	17	True
Zm00001eb034760	chr1	+	True	False	0	0	1	1	True
Zm00001eb034810	chr1	-	False	True	11	1	29	41	True
Zm00001eb034820	chr1	+	False	True	8	1	34	43	True
Zm00001eb034830	chr1	+	False	True	6	0	20	26	True
Zm00001eb034840	chr1	-	False	True	15	1	20	36	True
Zm00001eb034890	chr1	+	False	True	0	0	0	0	False
Zm00001eb034920	chr1	-	False	True	5	1	6	12	True
Zm00001eb034940	chr1	+	False	True	11	1	5	17	True
Zm00001eb035010	chr1	+	False	True	7	0	21	28	True
Zm00001eb035040	chr1	-	False	True	1	1	23	25	True
Zm00001eb035230	chr1	-	False	True	3	1	4	8	True
Zm00001eb035260	chr1	-	False	True	8	3	26	37	True
Zm00001eb035310	chr1	+	False	True	0	0	3	3	True
Zm00001eb035320	chr1	-	False	True	4	0	23	27	True
Zm00001eb035340	chr1	+	False	True	2	0	12	14	True
Zm00001eb035350	chr1	+	False	True	2	0	13	15	True
Zm00001eb035370	chr1	+	False	True	4	0	6	10	True
Zm00001eb035420	chr1	-	False	True	0	0	1	1	True
Zm00001eb035450	chr1	+	False	True	0	0	0	0	False
Zm00001eb035630	chr1	+	False	True	0	0	0	0	False
Zm00001eb035640	chr1	+	False	True	0	0	6	6	True
Zm00001eb035660	chr1	+	False	True	1	0	1	2	True
Zm00001eb035700	chr1	-	False	True	3	1	2	6	True
Zm00001eb035730	chr1	+	True	False	2	0	2	4	True
Zm00001eb035740	chr1	+	False	True	0	0	9	9	True
Zm00001eb035750	chr1	-	False	True	1	0	1	2	True
Zm00001eb035780	chr1	-	False	True	6	1	11	18	True
Zm00001eb035800	chr1	+	False	True	1	0	11	12	True
Zm00001eb035840	chr1	+	False	True	3	0	12	15	True
Zm00001eb035860	chr1	-	False	True	7	0	29	36	True
Zm00001eb035960	chr1	+	False	True	0	0	2	2	True
Zm00001eb035970	chr1	-	False	True	0	0	0	0	False
Zm00001eb036040	chr1	+	False	True	0	1	3	4	True
Zm00001eb036130	chr1	+	False	True	0	0	2	2	True
Zm00001eb036140	chr1	-	False	True	2	0	2	4	True
Zm00001eb036250	chr1	+	False	True	2	0	10	12	True
Zm00001eb036270	chr1	+	False	True	0	0	4	4	True
Zm00001eb036320	chr1	-	False	True	7	1	25	33	True
Zm00001eb036330	chr1	-	False	True	3	2	24	29	True
Zm00001eb036350	chr1	+	False	True	7	0	12	19	True
Zm00001eb036480	chr1	+	False	True	4	0	10	14	True
Zm00001eb036530	chr1	-	False	True	1	1	17	19	True
Zm00001eb036550	chr1	+	False	True	0	1	4	5	True
Zm00001eb036560	chr1	+	False	True	11	0	41	52	True
Zm00001eb036570	chr1	-	False	True	5	1	26	32	True
Zm00001eb036580	chr1	+	False	True	7	0	21	28	True
Zm00001eb036640	chr1	-	False	True	2	1	29	32	True
Zm00001eb036710	chr1	+	False	True	0	0	0	0	False
Zm00001eb036750	chr1	-	False	True	10	0	10	20	True
Zm00001eb036760	chr1	-	False	True	8	2	38	48	True
Zm00001eb036770	chr1	+	False	True	15	0	18	33	True
Zm00001eb036780	chr1	+	False	True	16	1	61	78	True
Zm00001eb036790	chr1	-	False	True	2	0	12	14	True
Zm00001eb036800	chr1	+	False	True	3	0	15	18	True
Zm00001eb036840	chr1	+	False	True	3	0	19	22	True
Zm00001eb036900	chr1	-	False	True	7	1	21	29	True
Zm00001eb036910	chr1	+	False	True	1	0	6	7	True
Zm00001eb036920	chr1	+	False	True	5	0	4	9	True
Zm00001eb036930	chr1	-	False	True	8	1	18	27	True
Zm00001eb036950	chr1	+	False	True	1	0	4	5	True
Zm00001eb036970	chr1	-	False	True	5	0	17	22	True
Zm00001eb037000	chr1	-	False	True	2	0	8	10	True
Zm00001eb037020	chr1	-	False	True	4	2	35	41	True
Zm00001eb037030	chr1	+	False	True	6	1	14	21	True
Zm00001eb037050	chr1	+	False	True	1	0	0	1	True
Zm00001eb037080	chr1	+	False	True	0	1	2	3	True
Zm00001eb037170	chr1	+	False	True	6	0	32	38	True
Zm00001eb037260	chr1	+	False	True	0	0	2	2	True
Zm00001eb037280	chr1	+	False	True	3	0	5	8	True
Zm00001eb037290	chr1	-	False	True	0	0	1	1	True
Zm00001eb037300	chr1	-	False	True	4	0	17	21	True
Zm00001eb037310	chr1	-	False	True	0	0	8	8	True
Zm00001eb037330	chr1	+	False	True	3	0	6	9	True
Zm00001eb037360	chr1	+	False	True	11	1	19	31	True
Zm00001eb037380	chr1	+	False	True	5	0	33	38	True
Zm00001eb037450	chr1	-	False	True	2	0	6	8	True
Zm00001eb037460	chr1	+	False	True	4	1	5	10	True
Zm00001eb037470	chr1	+	False	True	6	0	6	12	True
Zm00001eb037480	chr1	-	False	True	0	0	4	4	True
Zm00001eb037500	chr1	-	False	True	10	0	17	27	True
Zm00001eb037520	chr1	+	False	True	5	1	7	13	True
Zm00001eb037540	chr1	+	False	True	0	0	6	6	True
Zm00001eb037690	chr1	-	True	False	13	2	35	50	True
Zm00001eb037970	chr1	+	False	True	4	0	15	19	True
Zm00001eb037980	chr1	+	False	True	8	1	25	34	True
Zm00001eb038010	chr1	+	False	True	6	1	10	17	True
Zm00001eb038110	chr1	-	False	True	7	0	29	36	True
Zm00001eb038130	chr1	-	False	True	6	0	13	19	True
Zm00001eb038160	chr1	+	False	True	2	0	11	13	True
Zm00001eb038190	chr1	+	False	True	0	1	0	1	True
Zm00001eb038220	chr1	+	False	True	1	0	0	1	True
Zm00001eb038230	chr1	-	False	True	2	2	17	21	True
Zm00001eb038300	chr1	-	False	True	2	1	14	17	True
Zm00001eb038310	chr1	+	False	True	3	2	30	35	True
Zm00001eb038350	chr1	-	False	True	6	2	27	35	True
Zm00001eb038370	chr1	-	False	True	6	0	16	22	True
Zm00001eb038410	chr1	-	False	True	9	0	14	23	True
Zm00001eb038470	chr1	-	False	True	1	1	7	9	True
Zm00001eb038490	chr1	+	False	True	3	0	8	11	True
Zm00001eb038510	chr1	-	False	True	6	0	26	32	True
Zm00001eb038540	chr1	-	False	True	1	0	0	1	True
Zm00001eb038600	chr1	+	False	True	0	1	1	2	True
Zm00001eb038620	chr1	-	False	True	0	0	2	2	True
Zm00001eb038650	chr1	+	True	False	4	0	25	29	True
Zm00001eb038670	chr1	-	False	True	2	0	9	11	True
Zm00001eb038700	chr1	+	False	True	8	1	28	37	True
Zm00001eb038710	chr1	-	False	True	8	2	20	30	True
Zm00001eb038720	chr1	-	False	True	3	1	21	25	True
Zm00001eb038730	chr1	-	False	True	1	0	0	1	True
Zm00001eb038830	chr1	+	False	True	3	1	17	21	True
Zm00001eb038870	chr1	+	True	False	0	0	0	0	False
Zm00001eb038880	chr1	+	False	True	11	0	53	64	True
Zm00001eb038890	chr1	+	False	True	5	0	4	9	True
Zm00001eb038900	chr1	+	False	True	1	0	1	2	True
Zm00001eb039000	chr1	-	False	True	4	0	8	12	True
Zm00001eb039300	chr1	-	False	True	6	2	18	26	True
Zm00001eb039310	chr1	-	False	True	2	1	13	16	True
Zm00001eb039350	chr1	-	False	True	4	3	5	12	True
Zm00001eb039370	chr1	-	False	True	3	1	20	24	True
Zm00001eb039380	chr1	-	False	True	2	1	5	8	True
Zm00001eb039400	chr1	+	False	True	0	1	6	7	True
Zm00001eb039430	chr1	-	False	True	8	0	14	22	True
Zm00001eb039560	chr1	+	False	True	7	0	23	30	True
Zm00001eb039610	chr1	-	False	True	5	1	29	35	True
Zm00001eb039630	chr1	+	False	True	3	0	25	28	True
Zm00001eb039660	chr1	+	False	True	8	1	13	22	True
Zm00001eb039670	chr1	-	False	True	8	1	20	29	True
Zm00001eb039710	chr1	-	False	True	13	1	29	43	True
Zm00001eb039740	chr1	+	False	True	1	0	13	14	True
Zm00001eb039760	chr1	-	False	True	3	0	7	10	True
Zm00001eb039770	chr1	-	False	True	1	0	15	16	True
Zm00001eb039810	chr1	+	False	True	11	0	27	38	True
Zm00001eb039840	chr1	-	False	True	5	0	6	11	True
Zm00001eb039850	chr1	+	False	True	5	0	5	10	True
Zm00001eb039980	chr1	+	False	True	11	0	22	33	True
Zm00001eb040040	chr1	+	False	True	0	0	16	16	True
Zm00001eb040070	chr1	+	False	True	8	0	49	57	True
Zm00001eb040100	chr1	-	False	True	7	0	27	34	True
Zm00001eb040140	chr1	-	False	True	2	0	5	7	True
Zm00001eb040160	chr1	+	False	True	3	0	36	39	True
Zm00001eb040180	chr1	+	True	False	15	1	34	50	True
Zm00001eb040190	chr1	+	False	True	3	2	8	13	True
Zm00001eb040250	chr1	-	False	True	12	1	36	49	True
Zm00001eb040260	chr1	-	False	True	1	1	6	8	True
Zm00001eb040310	chr1	-	False	True	2	2	20	24	True
Zm00001eb040400	chr1	-	False	True	1	0	7	8	True
Zm00001eb040460	chr1	+	False	True	5	0	26	31	True
Zm00001eb040490	chr1	-	False	True	6	1	29	36	True
Zm00001eb040540	chr1	+	False	True	3	0	13	16	True
Zm00001eb040550	chr1	-	False	True	7	0	17	24	True
Zm00001eb040560	chr1	-	False	True	4	0	25	29	True
Zm00001eb040610	chr1	-	False	True	4	2	13	19	True
Zm00001eb040700	chr1	+	False	True	7	2	36	45	True
Zm00001eb040730	chr1	-	False	True	6	2	14	22	True
Zm00001eb040760	chr1	+	False	True	1	0	12	13	True
Zm00001eb040770	chr1	-	False	True	9	1	22	32	True
Zm00001eb040860	chr1	+	False	True	0	1	1	2	True
Zm00001eb040870	chr1	+	False	True	0	0	7	7	True
Zm00001eb040880	chr1	+	False	True	0	0	17	17	True
Zm00001eb040890	chr1	+	False	True	0	0	2	2	True
Zm00001eb040900	chr1	-	False	True	5	0	21	26	True
Zm00001eb040920	chr1	-	False	True	3	1	9	13	True
Zm00001eb040960	chr1	-	False	True	1	0	7	8	True
Zm00001eb041030	chr1	+	False	True	0	0	1	1	True
Zm00001eb041040	chr1	-	False	True	2	3	25	30	True
Zm00001eb041050	chr1	+	False	True	6	0	4	10	True
Zm00001eb041070	chr1	-	False	True	17	1	52	70	True
Zm00001eb041100	chr1	+	False	True	7	0	54	61	True
Zm00001eb041120	chr1	+	True	False	0	1	5	6	True
Zm00001eb041130	chr1	-	False	True	9	1	22	32	True
Zm00001eb041140	chr1	-	False	True	5	0	5	10	True
Zm00001eb041150	chr1	+	False	True	0	0	0	0	False
Zm00001eb041160	chr1	+	False	True	2	0	14	16	True
Zm00001eb041170	chr1	+	False	True	10	1	25	36	True
Zm00001eb041230	chr1	-	False	True	12	0	16	28	True
Zm00001eb041290	chr1	+	False	True	6	0	13	19	True
Zm00001eb041310	chr1	+	False	True	2	0	6	8	True
Zm00001eb041340	chr1	+	False	True	2	0	25	27	True
Zm00001eb041360	chr1	-	False	True	1	1	10	12	True
Zm00001eb041370	chr1	-	False	True	5	1	14	20	True
Zm00001eb041380	chr1	+	False	True	6	1	27	34	True
Zm00001eb041390	chr1	+	False	True	14	0	24	38	True
Zm00001eb041400	chr1	-	False	True	17	1	36	54	True
Zm00001eb041410	chr1	+	False	True	13	2	15	30	True
Zm00001eb041560	chr1	-	False	True	9	0	15	24	True
Zm00001eb041600	chr1	+	False	True	6	0	26	32	True
Zm00001eb041630	chr1	+	False	True	0	0	4	4	True
Zm00001eb041690	chr1	-	False	True	2	1	18	21	True
Zm00001eb041700	chr1	-	False	True	3	1	10	14	True
Zm00001eb041750	chr1	-	False	True	2	2	15	19	True
Zm00001eb041760	chr1	+	False	True	13	1	37	51	True
Zm00001eb041770	chr1	-	False	True	1	0	0	1	True
Zm00001eb041780	chr1	-	False	True	0	0	0	0	False
Zm00001eb041880	chr1	-	False	True	2	1	23	26	True
Zm00001eb041890	chr1	-	False	True	1	1	8	10	True
Zm00001eb041930	chr1	-	False	True	0	0	3	3	True
Zm00001eb041960	chr1	+	False	True	1	0	1	2	True
Zm00001eb041980	chr1	+	False	True	7	0	50	57	True
Zm00001eb041990	chr1	-	False	True	3	1	36	40	True
Zm00001eb042000	chr1	+	False	True	0	0	0	0	False
Zm00001eb042030	chr1	-	False	True	0	0	2	2	True
Zm00001eb042040	chr1	+	False	True	0	0	4	4	True
Zm00001eb042060	chr1	+	False	True	0	0	1	1	True
Zm00001eb042080	chr1	-	False	True	15	1	48	64	True
Zm00001eb042100	chr1	+	False	True	5	2	7	14	True
Zm00001eb042110	chr1	-	False	True	10	1	23	34	True
Zm00001eb042120	chr1	-	False	True	3	0	30	33	True
Zm00001eb042130	chr1	+	False	True	8	1	19	28	True
Zm00001eb042150	chr1	+	False	True	1	0	0	1	True
Zm00001eb042230	chr1	+	False	True	0	0	0	0	False
Zm00001eb042250	chr1	-	False	True	0	0	2	2	True
Zm00001eb042270	chr1	+	False	True	7	0	30	37	True
Zm00001eb042280	chr1	-	False	True	1	2	10	13	True
Zm00001eb042300	chr1	+	False	True	6	0	38	44	True
Zm00001eb042310	chr1	+	False	True	7	1	30	38	True
Zm00001eb042320	chr1	+	False	True	3	0	11	14	True
Zm00001eb042350	chr1	-	False	True	1	0	0	1	True
Zm00001eb042390	chr1	+	False	True	6	1	12	19	True
Zm00001eb042400	chr1	-	False	True	4	0	33	37	True
Zm00001eb042460	chr1	+	False	True	7	0	14	21	True
Zm00001eb042490	chr1	-	False	True	0	0	3	3	True
Zm00001eb042530	chr1	+	False	True	2	0	14	16	True
Zm00001eb042670	chr1	+	False	True	10	0	15	25	True
Zm00001eb042700	chr1	-	False	True	8	2	36	46	True
Zm00001eb042730	chr1	+	True	False	4	2	25	31	True
Zm00001eb042740	chr1	-	False	True	0	0	6	6	True
Zm00001eb042750	chr1	-	False	True	9	1	13	23	True
Zm00001eb042760	chr1	+	False	True	0	0	0	0	False
Zm00001eb042770	chr1	+	False	True	9	1	28	38	True
Zm00001eb042780	chr1	-	False	True	0	0	0	0	False
Zm00001eb043120	chr1	-	False	True	6	1	18	25	True
Zm00001eb043220	chr1	+	False	True	3	0	10	13	True
Zm00001eb043240	chr1	-	False	True	5	1	47	53	True
Zm00001eb043380	chr1	+	False	True	7	0	18	25	True
Zm00001eb043400	chr1	+	False	True	8	0	8	16	True
Zm00001eb043410	chr1	+	False	True	1	0	2	3	True
Zm00001eb043420	chr1	-	False	True	1	1	19	21	True
Zm00001eb043430	chr1	-	False	True	1	0	2	3	True
Zm00001eb043440	chr1	+	False	True	1	0	2	3	True
Zm00001eb043470	chr1	+	False	True	9	0	7	16	True
Zm00001eb043540	chr1	-	False	True	0	0	1	1	True
Zm00001eb043590	chr1	-	False	True	7	1	8	16	True
Zm00001eb043620	chr1	-	False	True	5	0	19	24	True
Zm00001eb043630	chr1	-	False	True	17	0	38	55	True
Zm00001eb043640	chr1	-	False	True	8	0	22	30	True
Zm00001eb043690	chr1	+	False	True	2	0	14	16	True
Zm00001eb043700	chr1	+	False	True	7	0	17	24	True
Zm00001eb043720	chr1	-	False	True	1	0	3	4	True
Zm00001eb043730	chr1	-	False	True	1	0	1	2	True
Zm00001eb043760	chr1	+	False	True	6	1	14	21	True
Zm00001eb043770	chr1	-	False	True	4	1	8	13	True
Zm00001eb043780	chr1	+	False	True	3	0	11	14	True
Zm00001eb043800	chr1	-	False	True	3	0	11	14	True
Zm00001eb043900	chr1	+	False	True	5	0	21	26	True
Zm00001eb043910	chr1	-	False	True	1	1	13	15	True
Zm00001eb043920	chr1	-	False	True	10	2	33	45	True
Zm00001eb043930	chr1	-	False	True	7	0	12	19	True
Zm00001eb043950	chr1	-	False	True	2	0	37	39	True
Zm00001eb043970	chr1	+	False	True	5	0	10	15	True
Zm00001eb044040	chr1	+	False	True	1	0	0	1	True
Zm00001eb044090	chr1	-	False	True	6	2	13	21	True
Zm00001eb044170	chr1	+	False	True	8	0	34	42	True
Zm00001eb044190	chr1	+	False	True	0	0	0	0	False
Zm00001eb044210	chr1	+	False	True	13	1	27	41	True
Zm00001eb044260	chr1	-	False	True	0	0	1	1	True
Zm00001eb044350	chr1	-	False	True	1	0	1	2	True
Zm00001eb044380	chr1	-	False	True	3	0	2	5	True
Zm00001eb044390	chr1	-	False	True	7	1	14	22	True
Zm00001eb044410	chr1	-	False	True	0	0	0	0	False
Zm00001eb044420	chr1	-	False	True	3	0	7	10	True
Zm00001eb044440	chr1	-	False	True	2	0	8	10	True
Zm00001eb044450	chr1	-	False	True	1	1	5	7	True
Zm00001eb044470	chr1	+	False	True	4	0	11	15	True
Zm00001eb044480	chr1	-	False	True	4	0	6	10	True
Zm00001eb044550	chr1	-	False	True	1	0	9	10	True
Zm00001eb044560	chr1	-	False	True	1	0	27	28	True
Zm00001eb044600	chr1	-	False	True	10	0	22	32	True
Zm00001eb044620	chr1	-	False	True	1	1	3	5	True
Zm00001eb044630	chr1	-	False	True	4	0	5	9	True
Zm00001eb044640	chr1	-	False	True	9	1	34	44	True
Zm00001eb044650	chr1	-	True	False	2	0	25	27	True
Zm00001eb044700	chr1	-	False	True	5	0	12	17	True
Zm00001eb044710	chr1	+	False	True	5	0	26	31	True
Zm00001eb044760	chr1	+	False	True	1	0	2	3	True
Zm00001eb044780	chr1	-	False	True	9	1	30	40	True
Zm00001eb044790	chr1	+	False	True	9	0	32	41	True
Zm00001eb044800	chr1	-	False	True	1	0	3	4	True
Zm00001eb044820	chr1	+	False	True	0	0	6	6	True
Zm00001eb044830	chr1	-	False	True	6	1	19	26	True
Zm00001eb044840	chr1	-	False	True	16	0	24	40	True
Zm00001eb044860	chr1	-	False	True	9	1	53	63	True
Zm00001eb044910	chr1	+	False	True	3	2	14	19	True
Zm00001eb044950	chr1	+	False	True	8	2	37	47	True
Zm00001eb044960	chr1	-	False	True	5	0	32	37	True
Zm00001eb044970	chr1	+	False	True	13	1	30	44	True
Zm00001eb044980	chr1	+	False	True	8	0	45	53	True
Zm00001eb045010	chr1	+	False	True	5	0	10	15	True
Zm00001eb045250	chr1	-	False	True	5	1	11	17	True
Zm00001eb045280	chr1	-	False	True	2	0	15	17	True
Zm00001eb045300	chr1	-	False	True	1	0	9	10	True
Zm00001eb045320	chr1	+	False	True	2	0	23	25	True
Zm00001eb045350	chr1	-	False	True	13	3	37	53	True
Zm00001eb045420	chr1	-	False	True	2	1	3	6	True
Zm00001eb045450	chr1	+	False	True	3	1	26	30	True
Zm00001eb045490	chr1	-	False	True	2	0	6	8	True
Zm00001eb045520	chr1	-	False	True	3	0	4	7	True
Zm00001eb045530	chr1	+	False	True	1	0	0	1	True
Zm00001eb045670	chr1	-	False	True	7	0	23	30	True
Zm00001eb045680	chr1	-	False	True	2	1	11	14	True
Zm00001eb045690	chr1	-	False	True	15	2	47	64	True
Zm00001eb045740	chr1	+	False	True	5	0	16	21	True
Zm00001eb045770	chr1	+	False	True	6	0	26	32	True
Zm00001eb045780	chr1	+	False	True	9	2	23	34	True
Zm00001eb045790	chr1	-	True	False	0	0	0	0	False
Zm00001eb045810	chr1	-	False	True	1	0	17	18	True
Zm00001eb045860	chr1	-	False	True	5	0	29	34	True
Zm00001eb045870	chr1	-	False	True	3	3	13	19	True
Zm00001eb045880	chr1	-	False	True	1	0	8	9	True
Zm00001eb045890	chr1	-	False	True	1	2	22	25	True
Zm00001eb045910	chr1	+	False	True	2	1	3	6	True
Zm00001eb045960	chr1	+	False	True	1	0	0	1	True
Zm00001eb045990	chr1	+	False	True	2	0	0	2	True
Zm00001eb046040	chr1	+	False	True	3	1	17	21	True
Zm00001eb046080	chr1	+	False	True	0	0	5	5	True
Zm00001eb046260	chr1	-	False	True	1	3	11	15	True
Zm00001eb046280	chr1	-	False	True	0	0	1	1	True
Zm00001eb046420	chr1	+	False	True	6	1	30	37	True
Zm00001eb046430	chr1	+	False	True	1	0	5	6	True
Zm00001eb046450	chr1	-	False	True	5	2	8	15	True
Zm00001eb046510	chr1	+	False	True	6	1	25	32	True
Zm00001eb046560	chr1	-	False	True	2	0	7	9	True
Zm00001eb046590	chr1	-	False	True	2	0	14	16	True
Zm00001eb046700	chr1	-	False	True	1	0	3	4	True
Zm00001eb046740	chr1	+	False	True	0	0	0	0	False
Zm00001eb046750	chr1	+	False	True	1	0	5	6	True
Zm00001eb046790	chr1	-	False	True	15	1	18	34	True
Zm00001eb046840	chr1	-	False	True	13	0	43	56	True
Zm00001eb046860	chr1	-	False	True	0	0	10	10	True
Zm00001eb046920	chr1	+	False	True	10	0	16	26	True
Zm00001eb046960	chr1	-	False	True	20	1	13	34	True
Zm00001eb046980	chr1	-	False	True	3	1	3	7	True
Zm00001eb046990	chr1	-	False	True	4	0	38	42	True
Zm00001eb047060	chr1	+	False	True	6	0	9	15	True
Zm00001eb047200	chr1	+	False	True	1	0	3	4	True
Zm00001eb047240	chr1	+	False	True	0	0	0	0	False
Zm00001eb047310	chr1	-	False	True	4	1	17	22	True
Zm00001eb047500	chr1	+	False	True	0	0	3	3	True
Zm00001eb047510	chr1	+	False	True	2	0	20	22	True
Zm00001eb047520	chr1	-	False	True	13	1	51	65	True
Zm00001eb047550	chr1	-	False	True	0	0	2	2	True
Zm00001eb047560	chr1	-	False	True	2	1	9	12	True
Zm00001eb047580	chr1	+	False	True	0	0	0	0	False
Zm00001eb047610	chr1	-	False	True	2	2	18	22	True
Zm00001eb047690	chr1	+	False	True	6	0	3	9	True
Zm00001eb047760	chr1	-	False	True	4	0	15	19	True
Zm00001eb047770	chr1	-	False	True	10	2	52	64	True
Zm00001eb047780	chr1	+	False	True	3	0	34	37	True
Zm00001eb047830	chr1	-	False	True	3	0	14	17	True
Zm00001eb047890	chr1	-	False	True	1	0	9	10	True
Zm00001eb047920	chr1	+	False	True	7	0	43	50	True
Zm00001eb047930	chr1	+	False	True	2	1	13	16	True
Zm00001eb047980	chr1	+	False	True	2	0	0	2	True
Zm00001eb047990	chr1	-	False	True	2	0	6	8	True
Zm00001eb048000	chr1	-	False	True	5	1	22	28	True
Zm00001eb048120	chr1	+	False	True	4	0	15	19	True
Zm00001eb048210	chr1	+	False	True	4	0	10	14	True
Zm00001eb048220	chr1	+	False	True	1	0	7	8	True
Zm00001eb048270	chr1	+	False	True	1	0	18	19	True
Zm00001eb048280	chr1	-	False	True	0	0	0	0	False
Zm00001eb048290	chr1	+	False	True	2	1	1	4	True
Zm00001eb048310	chr1	+	False	True	1	0	1	2	True
Zm00001eb048330	chr1	-	False	True	4	0	5	9	True
Zm00001eb048340	chr1	-	False	True	0	0	0	0	False
Zm00001eb048390	chr1	+	False	True	7	1	38	46	True
Zm00001eb048420	chr1	-	False	True	1	0	2	3	True
Zm00001eb048480	chr1	+	False	True	0	0	4	4	True
Zm00001eb048510	chr1	-	False	True	0	1	1	2	True
Zm00001eb048550	chr1	+	False	True	1	0	0	1	True
Zm00001eb048560	chr1	-	False	True	0	0	0	0	False
Zm00001eb048700	chr1	+	False	True	7	0	6	13	True
Zm00001eb048730	chr1	-	False	True	0	0	0	0	False
Zm00001eb048820	chr1	-	False	True	1	0	0	1	True
Zm00001eb048860	chr1	-	False	True	5	0	7	12	True
Zm00001eb048870	chr1	-	False	True	11	1	32	44	True
Zm00001eb048930	chr1	-	False	True	12	0	20	32	True
Zm00001eb048950	chr1	-	False	True	16	1	18	35	True
Zm00001eb049040	chr1	-	False	True	9	1	34	44	True
Zm00001eb049100	chr1	+	False	True	8	0	51	59	True
Zm00001eb049120	chr1	-	False	True	0	0	0	0	False
Zm00001eb049140	chr1	+	False	True	5	0	12	17	True
Zm00001eb049170	chr1	-	False	True	1	3	13	17	True
Zm00001eb049190	chr1	+	True	False	10	0	29	39	True
Zm00001eb049200	chr1	-	False	True	7	2	36	45	True
Zm00001eb049240	chr1	-	False	True	5	0	7	12	True
Zm00001eb049250	chr1	+	False	True	13	1	31	45	True
Zm00001eb049290	chr1	-	False	True	0	0	12	12	True
Zm00001eb049300	chr1	+	False	True	0	0	9	9	True
Zm00001eb049310	chr1	+	False	True	2	0	15	17	True
Zm00001eb049320	chr1	+	False	True	1	0	13	14	True
Zm00001eb049570	chr1	+	False	True	0	0	9	9	True
Zm00001eb049580	chr1	+	False	True	0	1	1	2	True
Zm00001eb049610	chr1	-	False	True	1	1	8	10	True
Zm00001eb049650	chr1	+	False	True	0	0	3	3	True
Zm00001eb049720	chr1	+	False	True	1	2	13	16	True
Zm00001eb049750	chr1	+	False	True	6	0	19	25	True
Zm00001eb049770	chr1	+	True	False	15	0	37	52	True
Zm00001eb049780	chr1	-	False	True	10	1	49	60	True
Zm00001eb049800	chr1	-	False	True	3	0	6	9	True
Zm00001eb049810	chr1	-	False	True	3	1	7	11	True
Zm00001eb049840	chr1	-	False	True	0	0	2	2	True
Zm00001eb049890	chr1	+	False	True	3	0	3	6	True
Zm00001eb049910	chr1	-	False	True	2	0	21	23	True
Zm00001eb049920	chr1	-	False	True	15	2	22	39	True
Zm00001eb049930	chr1	+	False	True	2	0	10	12	True
Zm00001eb049940	chr1	-	False	True	4	0	13	17	True
Zm00001eb049950	chr1	+	False	True	5	0	11	16	True
Zm00001eb050040	chr1	+	False	True	1	0	14	15	True
Zm00001eb050060	chr1	+	False	True	1	0	10	11	True
Zm00001eb050070	chr1	+	False	True	13	0	18	31	True
Zm00001eb050110	chr1	-	False	True	1	0	12	13	True
Zm00001eb050140	chr1	+	False	True	3	1	6	10	True
Zm00001eb050280	chr1	-	False	True	3	1	16	20	True
Zm00001eb050290	chr1	+	False	True	3	0	19	22	True
Zm00001eb050310	chr1	+	False	True	2	2	10	14	True
Zm00001eb050340	chr1	+	False	True	2	0	5	7	True
Zm00001eb050350	chr1	-	False	True	3	0	5	8	True
Zm00001eb050400	chr1	+	False	True	9	1	54	64	True
Zm00001eb050460	chr1	-	False	True	2	1	2	5	True
Zm00001eb050470	chr1	-	False	True	1	1	1	3	True
Zm00001eb050510	chr1	-	False	True	8	1	8	17	True
Zm00001eb050610	chr1	+	False	True	0	0	0	0	False
Zm00001eb050630	chr1	+	False	True	0	0	0	0	False
Zm00001eb050650	chr1	+	False	True	4	1	30	35	True
Zm00001eb050660	chr1	+	False	True	11	1	12	24	True
Zm00001eb050710	chr1	-	False	True	0	0	4	4	True
Zm00001eb050740	chr1	-	False	True	2	1	1	4	True
Zm00001eb050760	chr1	+	False	True	3	0	28	31	True
Zm00001eb050790	chr1	-	False	True	7	1	12	20	True
Zm00001eb050840	chr1	+	False	True	6	0	50	56	True
Zm00001eb050880	chr1	+	False	True	1	0	8	9	True
Zm00001eb051040	chr1	+	False	True	1	0	1	2	True
Zm00001eb051050	chr1	+	False	True	15	0	87	102	True
Zm00001eb051150	chr1	-	False	True	12	3	25	40	True
Zm00001eb051160	chr1	+	False	True	13	0	41	54	True
Zm00001eb051170	chr1	-	False	True	4	3	31	38	True
Zm00001eb051200	chr1	-	False	True	6	2	13	21	True
Zm00001eb051220	chr1	+	False	True	0	0	2	2	True
Zm00001eb051240	chr1	-	False	True	9	0	13	22	True
Zm00001eb051300	chr1	-	False	True	3	0	13	16	True
Zm00001eb051410	chr1	+	False	True	0	1	1	2	True
Zm00001eb051480	chr1	-	False	True	6	2	10	18	True
Zm00001eb051490	chr1	+	False	True	1	1	17	19	True
Zm00001eb051500	chr1	-	False	True	7	2	27	36	True
Zm00001eb051510	chr1	+	False	True	0	1	1	2	True
Zm00001eb051800	chr1	+	False	True	0	0	0	0	False
Zm00001eb051810	chr1	+	False	True	0	0	1	1	True
Zm00001eb051830	chr1	+	False	True	1	0	11	12	True
Zm00001eb051840	chr1	-	False	True	5	2	38	45	True
Zm00001eb051870	chr1	-	False	True	5	2	27	34	True
Zm00001eb051980	chr1	-	False	True	4	1	3	8	True
Zm00001eb051990	chr1	-	False	True	1	2	4	7	True
Zm00001eb052020	chr1	+	False	True	4	0	9	13	True
Zm00001eb052070	chr1	-	False	True	3	0	1	4	True
Zm00001eb052080	chr1	-	False	True	2	0	2	4	True
Zm00001eb052100	chr1	+	False	True	3	0	8	11	True
Zm00001eb052110	chr1	-	False	True	10	0	51	61	True
Zm00001eb052230	chr1	+	False	True	1	0	11	12	True
Zm00001eb052250	chr1	+	False	True	5	1	7	13	True
Zm00001eb052270	chr1	-	False	True	0	0	9	9	True
Zm00001eb052440	chr1	+	False	True	5	1	17	23	True
Zm00001eb052460	chr1	-	False	True	2	1	4	7	True
Zm00001eb052470	chr1	-	False	True	3	1	15	19	True
Zm00001eb052510	chr1	+	False	True	3	0	5	8	True
Zm00001eb052520	chr1	+	False	True	3	0	14	17	True
Zm00001eb052530	chr1	-	False	True	2	2	12	16	True
Zm00001eb052550	chr1	+	False	True	8	0	24	32	True
Zm00001eb052630	chr1	+	False	True	7	0	15	22	True
Zm00001eb052640	chr1	+	False	True	7	1	20	28	True
Zm00001eb052650	chr1	-	False	True	7	2	15	24	True
Zm00001eb052680	chr1	-	False	True	8	0	34	42	True
Zm00001eb052690	chr1	-	False	True	9	0	30	39	True
Zm00001eb052720	chr1	+	False	True	1	0	7	8	True
Zm00001eb052740	chr1	+	False	True	0	0	1	1	True
Zm00001eb052750	chr1	-	False	True	10	3	32	45	True
Zm00001eb052800	chr1	-	False	True	2	0	7	9	True
Zm00001eb052810	chr1	+	False	True	0	0	1	1	True
Zm00001eb052850	chr1	+	False	True	4	0	38	42	True
Zm00001eb052870	chr1	+	False	True	1	0	4	5	True
Zm00001eb052890	chr1	-	False	True	5	2	9	16	True
Zm00001eb052910	chr1	+	False	True	3	0	5	8	True
Zm00001eb052940	chr1	+	False	True	0	0	2	2	True
Zm00001eb052960	chr1	-	False	True	3	0	11	14	True
Zm00001eb052970	chr1	-	False	True	8	1	31	40	True
Zm00001eb053010	chr1	+	False	True	10	0	27	37	True
Zm00001eb053170	chr1	-	False	True	2	0	28	30	True
Zm00001eb053190	chr1	-	False	True	2	0	4	6	True
Zm00001eb053200	chr1	+	False	True	1	0	2	3	True
Zm00001eb053210	chr1	+	False	True	3	0	16	19	True
Zm00001eb053220	chr1	+	False	True	14	1	28	43	True
Zm00001eb053230	chr1	-	False	True	7	2	18	27	True
Zm00001eb053260	chr1	-	False	True	3	0	26	29	True
Zm00001eb053280	chr1	-	False	True	1	0	6	7	True
Zm00001eb053290	chr1	-	False	True	5	0	10	15	True
Zm00001eb053300	chr1	-	False	True	1	0	1	2	True
Zm00001eb053310	chr1	-	False	True	0	0	5	5	True
Zm00001eb053320	chr1	+	False	True	1	2	13	16	True
Zm00001eb053330	chr1	+	False	True	7	0	12	19	True
Zm00001eb053340	chr1	-	False	True	0	0	6	6	True
Zm00001eb053350	chr1	-	False	True	6	0	28	34	True
Zm00001eb053360	chr1	+	False	True	8	1	15	24	True
Zm00001eb053410	chr1	+	False	True	0	0	3	3	True
Zm00001eb053470	chr1	+	False	True	15	0	62	77	True
Zm00001eb053490	chr1	-	False	True	4	1	19	24	True
Zm00001eb053510	chr1	+	False	True	0	0	4	4	True
Zm00001eb053520	chr1	-	False	True	3	0	13	16	True
Zm00001eb053530	chr1	+	False	True	5	0	8	13	True
Zm00001eb053630	chr1	-	False	True	1	0	1	2	True
Zm00001eb053650	chr1	-	False	True	6	0	23	29	True
Zm00001eb053670	chr1	+	False	True	0	1	4	5	True
Zm00001eb053680	chr1	-	False	True	2	1	6	9	True
Zm00001eb053730	chr1	-	False	True	1	0	26	27	True
Zm00001eb053740	chr1	+	False	True	1	0	16	17	True
Zm00001eb053770	chr1	+	False	True	1	0	18	19	True
Zm00001eb053790	chr1	-	False	True	8	1	57	66	True
Zm00001eb053800	chr1	-	False	True	3	0	24	27	True
Zm00001eb053810	chr1	+	False	True	1	2	5	8	True
Zm00001eb053830	chr1	+	False	True	0	0	1	1	True
Zm00001eb053870	chr1	+	False	True	8	1	17	26	True
Zm00001eb054150	chr1	-	False	True	0	2	7	9	True
Zm00001eb054160	chr1	-	False	True	14	1	48	63	True
Zm00001eb054170	chr1	-	False	True	1	0	5	6	True
Zm00001eb054190	chr1	+	False	True	6	1	34	41	True
Zm00001eb054250	chr1	-	False	True	0	0	0	0	False
Zm00001eb054260	chr1	-	False	True	12	0	15	27	True
Zm00001eb054280	chr1	-	False	True	4	0	5	9	True
Zm00001eb054420	chr1	-	False	True	11	2	24	37	True
Zm00001eb054430	chr1	+	False	True	0	0	0	0	False
Zm00001eb054460	chr1	-	False	True	0	1	4	5	True
Zm00001eb054470	chr1	+	False	True	2	0	1	3	True
Zm00001eb054480	chr1	+	False	True	6	2	21	29	True
Zm00001eb054500	chr1	-	False	True	5	1	43	49	True
Zm00001eb054660	chr1	-	False	True	2	0	4	6	True
Zm00001eb054670	chr1	-	False	True	3	0	3	6	True
Zm00001eb054680	chr1	-	False	True	6	1	21	28	True
Zm00001eb054690	chr1	-	False	True	3	3	36	42	True
Zm00001eb054730	chr1	-	False	True	4	0	3	7	True
Zm00001eb054760	chr1	+	False	True	5	0	9	14	True
Zm00001eb054800	chr1	-	False	True	3	1	6	10	True
Zm00001eb054810	chr1	+	False	True	5	0	9	14	True
Zm00001eb054830	chr1	+	False	True	0	0	1	1	True
Zm00001eb054840	chr1	-	False	True	5	0	61	66	True
Zm00001eb054880	chr1	+	False	True	9	0	18	27	True
Zm00001eb054910	chr1	-	False	True	2	1	16	19	True
Zm00001eb054940	chr1	+	False	True	0	0	6	6	True
Zm00001eb054950	chr1	+	False	True	2	0	10	12	True
Zm00001eb054990	chr1	-	False	True	6	2	7	15	True
Zm00001eb055010	chr1	+	False	True	2	1	12	15	True
Zm00001eb055020	chr1	+	False	True	9	0	22	31	True
Zm00001eb055030	chr1	+	False	True	0	0	0	0	False
Zm00001eb055050	chr1	-	False	True	12	3	34	49	True
Zm00001eb055110	chr1	-	False	True	2	0	8	10	True
Zm00001eb055170	chr1	-	False	True	1	0	3	4	True
Zm00001eb055360	chr1	-	False	True	5	1	9	15	True
Zm00001eb055430	chr1	-	False	True	8	0	12	20	True
Zm00001eb055450	chr1	-	False	True	6	0	23	29	True
Zm00001eb055460	chr1	-	False	True	7	1	13	21	True
Zm00001eb055470	chr1	-	False	True	1	1	7	9	True
Zm00001eb055490	chr1	+	False	True	1	1	7	9	True
Zm00001eb055540	chr1	+	False	True	1	1	1	3	True
Zm00001eb055550	chr1	+	False	True	0	0	3	3	True
Zm00001eb055620	chr1	+	False	True	9	0	58	67	True
Zm00001eb055640	chr1	+	False	True	0	0	0	0	False
Zm00001eb055650	chr1	-	False	True	0	1	7	8	True
Zm00001eb055730	chr1	+	False	True	2	0	25	27	True
Zm00001eb055770	chr1	-	False	True	3	0	15	18	True
Zm00001eb055800	chr1	+	False	True	5	0	17	22	True
Zm00001eb055810	chr1	+	False	True	7	1	15	23	True
Zm00001eb055820	chr1	+	False	True	2	0	11	13	True
Zm00001eb055850	chr1	+	False	True	0	0	6	6	True
Zm00001eb055880	chr1	-	False	True	0	1	4	5	True
Zm00001eb055970	chr1	-	False	True	0	1	21	22	True
Zm00001eb055980	chr1	+	False	True	1	1	11	13	True
Zm00001eb056010	chr1	-	False	True	6	0	9	15	True
Zm00001eb056020	chr1	-	False	True	7	3	22	32	True
Zm00001eb056150	chr1	-	False	True	0	0	1	1	True
Zm00001eb056180	chr1	+	False	True	2	0	6	8	True
Zm00001eb056210	chr1	+	False	True	3	0	25	28	True
Zm00001eb056220	chr1	+	False	True	5	1	1	7	True
Zm00001eb056240	chr1	-	False	True	9	2	22	33	True
Zm00001eb056320	chr1	-	False	True	8	1	42	51	True
Zm00001eb056390	chr1	-	False	True	3	0	7	10	True
Zm00001eb056430	chr1	+	False	True	4	1	9	14	True
Zm00001eb056440	chr1	+	False	True	5	0	38	43	True
Zm00001eb056450	chr1	-	False	True	1	0	0	1	True
Zm00001eb056510	chr1	-	False	True	3	0	9	12	True
Zm00001eb056520	chr1	-	False	True	1	0	3	4	True
Zm00001eb056530	chr1	+	False	True	0	0	4	4	True
Zm00001eb056540	chr1	+	False	True	2	1	9	12	True
Zm00001eb056550	chr1	+	False	True	4	1	9	14	True
Zm00001eb056580	chr1	+	False	True	0	0	0	0	False
Zm00001eb056700	chr1	-	False	True	1	2	10	13	True
Zm00001eb056720	chr1	+	False	True	0	0	0	0	False
Zm00001eb056730	chr1	+	False	True	1	0	9	10	True
Zm00001eb056740	chr1	+	False	True	8	0	35	43	True
Zm00001eb056760	chr1	+	False	True	3	0	4	7	True
Zm00001eb056780	chr1	+	False	True	12	0	6	18	True
Zm00001eb056790	chr1	+	False	True	10	1	42	53	True
Zm00001eb056800	chr1	-	False	True	12	0	22	34	True
Zm00001eb056860	chr1	+	False	True	9	1	18	28	True
Zm00001eb056900	chr1	+	False	True	2	1	3	6	True
Zm00001eb056920	chr1	-	False	True	3	0	10	13	True
Zm00001eb056930	chr1	-	False	True	6	0	24	30	True
Zm00001eb056940	chr1	-	False	True	6	0	5	11	True
Zm00001eb056950	chr1	+	True	False	12	0	28	40	True
Zm00001eb056960	chr1	-	False	True	2	2	6	10	True
Zm00001eb056970	chr1	+	False	True	5	0	19	24	True
Zm00001eb056990	chr1	-	False	True	4	2	14	20	True
Zm00001eb057000	chr1	-	False	True	0	0	0	0	False
Zm00001eb057010	chr1	+	False	True	0	0	0	0	False
Zm00001eb057030	chr1	+	False	True	15	1	50	66	True
Zm00001eb057040	chr1	-	False	True	0	0	0	0	False
Zm00001eb057060	chr1	-	False	True	4	0	8	12	True
Zm00001eb057140	chr1	+	False	True	2	0	8	10	True
Zm00001eb057150	chr1	+	False	True	1	1	7	9	True
Zm00001eb057160	chr1	+	False	True	0	1	4	5	True
Zm00001eb057170	chr1	-	False	True	1	1	10	12	True
Zm00001eb057180	chr1	+	False	True	1	2	2	5	True
Zm00001eb057190	chr1	+	False	True	7	0	11	18	True
Zm00001eb057200	chr1	-	False	True	10	1	27	38	True
Zm00001eb057210	chr1	-	False	True	1	1	10	12	True
Zm00001eb057230	chr1	+	False	True	11	0	40	51	True
Zm00001eb057260	chr1	-	False	True	0	0	0	0	False
Zm00001eb057270	chr1	+	False	True	1	1	3	5	True
Zm00001eb057280	chr1	+	False	True	0	0	7	7	True
Zm00001eb057290	chr1	-	False	True	3	0	12	15	True
Zm00001eb057300	chr1	-	False	True	3	0	6	9	True
Zm00001eb057350	chr1	-	False	True	3	1	13	17	True
Zm00001eb057360	chr1	-	False	True	3	3	16	22	True
Zm00001eb057390	chr1	+	False	True	2	0	16	18	True
Zm00001eb057400	chr1	-	False	True	3	0	16	19	True
Zm00001eb057410	chr1	-	False	True	7	0	14	21	True
Zm00001eb057430	chr1	+	False	True	0	0	0	0	False
Zm00001eb057440	chr1	-	False	True	14	1	24	39	True
Zm00001eb057460	chr1	+	False	True	0	0	1	1	True
Zm00001eb057490	chr1	-	False	True	3	0	15	18	True
Zm00001eb057530	chr1	+	False	True	6	0	31	37	True
Zm00001eb057580	chr1	-	False	True	2	1	11	14	True
Zm00001eb057630	chr1	+	False	True	0	0	1	1	True
Zm00001eb057640	chr1	+	False	True	11	0	53	64	True
Zm00001eb057690	chr1	+	False	True	0	0	1	1	True
Zm00001eb057700	chr1	-	False	True	3	1	4	8	True
Zm00001eb057710	chr1	-	False	True	0	0	0	0	False
Zm00001eb057720	chr1	+	False	True	0	0	2	2	True
Zm00001eb057740	chr1	+	False	True	5	1	19	25	True
Zm00001eb057810	chr1	+	False	True	8	1	38	47	True
Zm00001eb057820	chr1	-	False	True	4	0	22	26	True
Zm00001eb057860	chr1	+	False	True	12	1	28	41	True
Zm00001eb057910	chr1	+	False	True	6	0	9	15	True
Zm00001eb058100	chr1	-	False	True	2	0	8	10	True
Zm00001eb058110	chr1	+	False	True	0	0	3	3	True
Zm00001eb058120	chr1	-	False	True	11	0	24	35	True
Zm00001eb058130	chr1	-	False	True	2	0	1	3	True
Zm00001eb058150	chr1	-	False	True	9	0	8	17	True
Zm00001eb058220	chr1	+	False	True	8	0	39	47	True
Zm00001eb058230	chr1	-	False	True	7	1	18	26	True
Zm00001eb058270	chr1	+	False	True	12	0	11	23	True
Zm00001eb058280	chr1	-	False	True	0	3	8	11	True
Zm00001eb058320	chr1	+	False	True	4	0	12	16	True
Zm00001eb058330	chr1	-	False	True	3	3	12	18	True
Zm00001eb058360	chr1	+	False	True	1	0	0	1	True
Zm00001eb058370	chr1	-	False	True	2	0	4	6	True
Zm00001eb058460	chr1	+	False	True	9	0	4	13	True
Zm00001eb058470	chr1	+	False	True	0	0	14	14	True
Zm00001eb058550	chr1	-	False	True	0	0	0	0	False
Zm00001eb058570	chr1	+	False	True	0	0	0	0	False
Zm00001eb058590	chr1	+	True	False	3	1	6	10	True
Zm00001eb058600	chr1	-	False	True	5	1	14	20	True
Zm00001eb058620	chr1	+	False	True	3	0	3	6	True
Zm00001eb058630	chr1	+	False	True	4	0	22	26	True
Zm00001eb058700	chr1	+	False	True	0	0	0	0	False
Zm00001eb058720	chr1	+	False	True	8	0	15	23	True
Zm00001eb058740	chr1	-	False	True	14	0	26	40	True
Zm00001eb058750	chr1	-	False	True	2	0	2	4	True
Zm00001eb058760	chr1	+	False	True	0	0	2	2	True
Zm00001eb058790	chr1	-	False	True	0	0	1	1	True
Zm00001eb058800	chr1	+	False	True	1	0	5	6	True
Zm00001eb058860	chr1	-	False	True	11	1	19	31	True
Zm00001eb058940	chr1	+	False	True	0	0	0	0	False
Zm00001eb058950	chr1	+	False	True	3	0	20	23	True
Zm00001eb058980	chr1	-	False	True	1	0	1	2	True
Zm00001eb059030	chr1	-	False	True	0	0	2	2	True
Zm00001eb059040	chr1	+	False	True	2	0	10	12	True
Zm00001eb059070	chr1	-	False	True	2	1	13	16	True
Zm00001eb059090	chr1	-	False	True	4	1	48	53	True
Zm00001eb059100	chr1	-	False	True	0	0	3	3	True
Zm00001eb059140	chr1	+	False	True	8	0	34	42	True
Zm00001eb059150	chr1	-	False	True	6	1	6	13	True
Zm00001eb059160	chr1	+	False	True	5	1	24	30	True
Zm00001eb059170	chr1	+	False	True	3	0	17	20	True
Zm00001eb059180	chr1	+	False	True	6	1	19	26	True
Zm00001eb059210	chr1	+	False	True	2	1	7	10	True
Zm00001eb059220	chr1	+	False	True	5	0	21	26	True
Zm00001eb059230	chr1	+	False	True	1	0	12	13	True
Zm00001eb059240	chr1	-	False	True	1	1	6	8	True
Zm00001eb059270	chr1	+	False	True	5	0	8	13	True
Zm00001eb059310	chr1	+	False	True	1	0	7	8	True
Zm00001eb059370	chr1	-	False	True	0	0	0	0	False
Zm00001eb059460	chr1	-	False	True	0	0	0	0	False
Zm00001eb059550	chr1	-	False	True	1	0	24	25	True
Zm00001eb059560	chr1	-	False	True	4	0	14	18	True
Zm00001eb059610	chr1	+	False	True	1	0	10	11	True
Zm00001eb059620	chr1	-	False	True	1	1	16	18	True
Zm00001eb059630	chr1	-	False	True	8	1	42	51	True
Zm00001eb059650	chr1	-	False	True	3	2	10	15	True
Zm00001eb059770	chr1	-	False	True	2	1	45	48	True
Zm00001eb059780	chr1	+	False	True	7	1	13	21	True
Zm00001eb059790	chr1	-	False	True	8	0	11	19	True
Zm00001eb059810	chr1	-	False	True	2	2	8	12	True
Zm00001eb059830	chr1	-	False	True	21	3	72	96	True
Zm00001eb059840	chr1	-	False	True	12	0	32	44	True
Zm00001eb059850	chr1	-	False	True	10	1	17	28	True
Zm00001eb059860	chr1	-	False	True	2	0	1	3	True
Zm00001eb059900	chr1	-	False	True	1	0	7	8	True
Zm00001eb059910	chr1	+	False	True	1	0	5	6	True
Zm00001eb059930	chr1	-	False	True	11	0	27	38	True
Zm00001eb059950	chr1	+	False	True	1	0	0	1	True
Zm00001eb059960	chr1	+	False	True	0	0	0	0	False
Zm00001eb059970	chr1	-	False	True	2	1	1	4	True
Zm00001eb059990	chr1	+	False	True	1	0	2	3	True
Zm00001eb060010	chr1	+	False	True	2	0	11	13	True
Zm00001eb060070	chr1	+	False	True	11	1	34	46	True
Zm00001eb060110	chr1	+	False	True	1	0	1	2	True
Zm00001eb060130	chr1	-	False	True	4	1	8	13	True
Zm00001eb060170	chr1	+	False	True	1	0	1	2	True
Zm00001eb060200	chr1	+	False	True	2	1	7	10	True
Zm00001eb060220	chr1	-	False	True	3	4	18	25	True
Zm00001eb060260	chr1	-	False	True	20	1	21	42	True
Zm00001eb060340	chr1	-	False	True	6	0	39	45	True
Zm00001eb060350	chr1	-	False	True	9	0	53	62	True
Zm00001eb060380	chr1	+	False	True	2	0	9	11	True
Zm00001eb060390	chr1	-	False	True	2	0	5	7	True
Zm00001eb060430	chr1	+	False	True	0	0	5	5	True
Zm00001eb060520	chr1	-	False	True	17	1	43	61	True
Zm00001eb060550	chr1	-	True	False	5	1	9	15	True
Zm00001eb060560	chr1	-	False	True	2	1	10	13	True
Zm00001eb060580	chr1	-	False	True	0	0	1	1	True
Zm00001eb060630	chr1	+	False	True	7	1	22	30	True
Zm00001eb060660	chr1	-	False	True	4	0	15	19	True
Zm00001eb060670	chr1	+	False	True	5	0	15	20	True
Zm00001eb060680	chr1	+	False	True	6	0	7	13	True
Zm00001eb060720	chr1	-	False	True	4	0	3	7	True
Zm00001eb060730	chr1	-	False	True	0	0	3	3	True
Zm00001eb060760	chr1	+	False	True	0	0	4	4	True
Zm00001eb060780	chr1	+	False	True	0	0	0	0	False
Zm00001eb060800	chr1	+	False	True	3	0	28	31	True
Zm00001eb060810	chr1	-	False	True	0	0	0	0	False
Zm00001eb060830	chr1	-	False	True	0	0	0	0	False
Zm00001eb060890	chr1	-	False	True	3	0	7	10	True
Zm00001eb060990	chr1	+	False	True	0	0	0	0	False
Zm00001eb061060	chr1	+	False	True	0	0	0	0	False
Zm00001eb061120	chr1	+	False	True	3	1	20	24	True
Zm00001eb061130	chr1	+	False	True	0	0	0	0	False
Zm00001eb061140	chr1	+	False	True	3	1	16	20	True
Zm00001eb061170	chr1	+	False	True	0	0	9	9	True
Zm00001eb061180	chr1	-	False	True	2	0	14	16	True
Zm00001eb061190	chr1	+	False	True	0	0	1	1	True
Zm00001eb061200	chr1	-	False	True	8	1	24	33	True
Zm00001eb061250	chr1	+	False	True	15	0	25	40	True
Zm00001eb061260	chr1	-	False	True	2	2	34	38	True
Zm00001eb061280	chr1	+	False	True	1	0	4	5	True
Zm00001eb061360	chr1	-	False	True	3	0	14	17	True
Zm00001eb061370	chr1	-	False	True	0	2	17	19	True
Zm00001eb061390	chr1	+	False	True	9	1	19	29	True
Zm00001eb061400	chr1	+	False	True	9	0	11	20	True
Zm00001eb061410	chr1	+	False	True	4	1	35	40	True
Zm00001eb061430	chr1	-	False	True	3	1	26	30	True
Zm00001eb061440	chr1	+	False	True	5	2	4	11	True
Zm00001eb061450	chr1	+	False	True	5	0	25	30	True
Zm00001eb061460	chr1	-	False	True	12	2	52	66	True
Zm00001eb061470	chr1	-	False	True	10	0	37	47	True
Zm00001eb061480	chr1	-	False	True	6	0	29	35	True
Zm00001eb061490	chr1	-	False	True	4	0	6	10	True
Zm00001eb061500	chr1	-	False	True	2	0	5	7	True
Zm00001eb061510	chr1	+	False	True	2	0	5	7	True
Zm00001eb061520	chr1	-	False	True	0	1	3	4	True
Zm00001eb061530	chr1	+	False	True	0	1	3	4	True
Zm00001eb061550	chr1	+	False	True	0	0	0	0	False
Zm00001eb061630	chr1	+	False	True	11	0	51	62	True
Zm00001eb061640	chr1	-	False	True	0	0	16	16	True
Zm00001eb061670	chr1	+	False	True	126	0	622	748	True
Zm00001eb061730	chr1	+	False	True	2	0	15	17	True
Zm00001eb061820	chr1	-	False	True	5	0	1	6	True
Zm00001eb061850	chr1	+	False	True	3	0	30	33	True
Zm00001eb061860	chr1	+	False	True	0	0	4	4	True
Zm00001eb061880	chr1	-	False	True	22	1	22	45	True
Zm00001eb061890	chr1	-	False	True	0	0	2	2	True
Zm00001eb061910	chr1	-	False	True	16	1	29	46	True
Zm00001eb061920	chr1	-	False	True	5	0	15	20	True
Zm00001eb062040	chr1	-	False	True	4	1	7	12	True
Zm00001eb062070	chr1	-	False	True	9	1	48	58	True
Zm00001eb062080	chr1	-	False	True	3	1	28	32	True
Zm00001eb062130	chr1	+	False	True	6	0	21	27	True
Zm00001eb062140	chr1	-	False	True	5	0	15	20	True
Zm00001eb062150	chr1	+	False	True	8	0	35	43	True
Zm00001eb062160	chr1	+	False	True	2	1	44	47	True
Zm00001eb062170	chr1	+	False	True	3	0	7	10	True
Zm00001eb062180	chr1	-	False	True	7	0	15	22	True
Zm00001eb062200	chr1	-	False	True	4	2	34	40	True
Zm00001eb062230	chr1	-	False	True	7	0	23	30	True
Zm00001eb062300	chr1	-	False	True	2	1	4	7	True
Zm00001eb062310	chr1	+	False	True	5	0	15	20	True
Zm00001eb062330	chr1	-	False	True	4	1	15	20	True
Zm00001eb062340	chr1	+	False	True	5	2	12	19	True
Zm00001eb062360	chr1	+	False	True	9	1	20	30	True
Zm00001eb062420	chr1	-	False	True	2	1	1	4	True
Zm00001eb062440	chr1	-	False	True	0	0	0	0	False
Zm00001eb062450	chr1	-	False	True	1	0	1	2	True
Zm00001eb062480	chr1	+	False	True	1	1	4	6	True
Zm00001eb062490	chr1	-	False	True	0	0	0	0	False
Zm00001eb062500	chr1	-	False	True	10	0	14	24	True
Zm00001eb062510	chr1	-	False	True	1	1	2	4	True
Zm00001eb062520	chr1	-	False	True	8	1	29	38	True
Zm00001eb062530	chr1	+	False	True	6	1	36	43	True
Zm00001eb062550	chr1	+	False	True	11	1	35	47	True
Zm00001eb062600	chr1	+	False	True	5	1	17	23	True
Zm00001eb062620	chr1	-	False	True	8	2	34	44	True
Zm00001eb062630	chr1	-	False	True	2	0	3	5	True
Zm00001eb062640	chr1	+	False	True	4	0	5	9	True
Zm00001eb062680	chr1	-	False	True	0	0	0	0	False
Zm00001eb062720	chr1	-	False	True	8	1	15	24	True
Zm00001eb062730	chr1	+	False	True	1	0	10	11	True
Zm00001eb062760	chr1	+	False	True	0	0	5	5	True
Zm00001eb062770	chr1	-	False	True	1	0	7	8	True
Zm00001eb062790	chr1	+	False	True	3	0	6	9	True
Zm00001eb062800	chr1	+	False	True	2	1	6	9	True
Zm00001eb062810	chr1	+	False	True	5	0	16	21	True
Zm00001eb062820	chr1	-	False	True	3	0	21	24	True
Zm00001eb062840	chr1	+	False	True	2	0	7	9	True
Zm00001eb062850	chr1	-	False	True	6	2	23	31	True
Zm00001eb062880	chr1	-	False	True	2	1	9	12	True
Zm00001eb062900	chr1	-	False	True	9	0	14	23	True
Zm00001eb062910	chr1	-	False	True	5	0	15	20	True
Zm00001eb063110	chr1	-	False	True	3	0	6	9	True
Zm00001eb063150	chr1	-	False	True	0	0	2	2	True
Zm00001eb063220	chr1	-	False	True	6	0	16	22	True
Zm00001eb063230	chr1	+	False	True	7	0	24	31	True
Zm00001eb063250	chr1	+	False	True	4	0	13	17	True
Zm00001eb063280	chr1	+	False	True	5	0	9	14	True
Zm00001eb063290	chr1	-	False	True	8	1	11	20	True
Zm00001eb063300	chr1	+	False	True	0	1	1	2	True
Zm00001eb063340	chr1	-	False	True	6	0	18	24	True
Zm00001eb063350	chr1	-	False	True	3	1	4	8	True
Zm00001eb063360	chr1	+	False	True	2	0	14	16	True
Zm00001eb063370	chr1	-	False	True	3	1	13	17	True
Zm00001eb063390	chr1	+	False	True	4	0	4	8	True
Zm00001eb063420	chr1	-	False	True	1	0	7	8	True
Zm00001eb063430	chr1	-	False	True	7	0	17	24	True
Zm00001eb063450	chr1	-	False	True	1	0	10	11	True
Zm00001eb063470	chr1	-	False	True	3	1	29	33	True
Zm00001eb063490	chr1	-	False	True	0	1	0	1	True
Zm00001eb063530	chr1	-	False	True	5	0	13	18	True
Zm00001eb063600	chr1	-	False	True	3	0	24	27	True
Zm00001eb063610	chr1	+	False	True	1	2	14	17	True
Zm00001eb063620	chr1	+	False	True	3	0	9	12	True
Zm00001eb063660	chr1	+	False	True	0	0	1	1	True
Zm00001eb063680	chr1	+	False	True	3	0	16	19	True
Zm00001eb063690	chr1	-	False	True	2	0	10	12	True
Zm00001eb063700	chr1	+	False	True	2	0	10	12	True
Zm00001eb063710	chr1	+	False	True	7	1	15	23	True
Zm00001eb063720	chr1	-	False	True	6	1	33	40	True
Zm00001eb063730	chr1	-	False	True	2	1	11	14	True
Zm00001eb063750	chr1	-	False	True	4	0	11	15	True
Zm00001eb063770	chr1	+	False	True	3	0	8	11	True
Zm00001eb063800	chr1	+	False	True	3	0	6	9	True
Zm00001eb063810	chr1	-	False	True	1	1	3	5	True
Zm00001eb063860	chr1	+	False	True	4	0	2	6	True
Zm00001eb063870	chr1	+	False	True	3	0	28	31	True
Zm00001eb063890	chr1	+	False	True	6	0	19	25	True
Zm00001eb063900	chr1	-	False	True	19	1	27	47	True
Zm00001eb063910	chr1	+	False	True	11	0	21	32	True
Zm00001eb063940	chr1	-	False	True	9	0	14	23	True
Zm00001eb063980	chr1	-	False	True	4	0	22	26	True
Zm00001eb063990	chr1	-	False	True	10	0	18	28	True
Zm00001eb064000	chr1	-	False	True	7	0	30	37	True
Zm00001eb064010	chr1	+	False	True	10	0	49	59	True
Zm00001eb064020	chr1	+	False	True	8	1	20	29	True
Zm00001eb064030	chr1	-	False	True	8	0	46	54	True
Zm00001eb064040	chr1	+	False	True	3	1	26	30	True
Zm00001eb064090	chr1	+	False	True	4	1	49	54	True
Zm00001eb064100	chr1	-	False	True	7	0	57	64	True
Zm00001eb064120	chr1	+	False	True	4	0	26	30	True
Zm00001eb064160	chr1	+	False	True	1	0	2	3	True
Zm00001eb064170	chr1	+	False	True	1	0	2	3	True
Zm00001eb064190	chr1	-	False	True	9	1	53	63	True
Zm00001eb064210	chr1	+	False	True	1	0	2	3	True
Zm00001eb064270	chr1	-	False	True	0	1	1	2	True
Zm00001eb064340	chr1	-	False	True	12	0	23	35	True
Zm00001eb064350	chr1	-	False	True	7	1	13	21	True
Zm00001eb064380	chr1	-	False	True	3	1	18	22	True
Zm00001eb064400	chr1	+	False	True	7	0	9	16	True
Zm00001eb064410	chr1	+	False	True	1	0	2	3	True
Zm00001eb064420	chr1	+	False	True	10	0	38	48	True
Zm00001eb064440	chr1	-	False	True	0	0	0	0	False
Zm00001eb064480	chr1	-	False	True	11	0	60	71	True
Zm00001eb064520	chr1	-	False	True	5	1	15	21	True
Zm00001eb064530	chr1	+	False	True	14	1	22	37	True
Zm00001eb064540	chr1	-	True	False	4	1	16	21	True
Zm00001eb064550	chr1	-	False	True	0	0	1	1	True
Zm00001eb064570	chr1	+	False	True	0	0	1	1	True
Zm00001eb064580	chr1	-	False	True	1	0	9	10	True
Zm00001eb064590	chr1	+	False	True	1	0	13	14	True
Zm00001eb064600	chr1	+	False	True	3	1	4	8	True
Zm00001eb064620	chr1	+	False	True	0	0	0	0	False
Zm00001eb064630	chr1	+	False	True	0	0	1	1	True
Zm00001eb064640	chr1	-	False	True	7	3	12	22	True
Zm00001eb064650	chr1	+	True	False	0	0	0	0	False
Zm00001eb064670	chr1	+	False	True	12	0	45	57	True
Zm00001eb064680	chr1	-	False	True	4	2	13	19	True
Zm00001eb064690	chr1	-	False	True	1	0	10	11	True
Zm00001eb064710	chr1	-	True	False	6	1	24	31	True
Zm00001eb064770	chr1	-	False	True	2	1	5	8	True
Zm00001eb064800	chr1	-	False	True	3	0	13	16	True
Zm00001eb064810	chr1	+	False	True	4	0	16	20	True
Zm00001eb064830	chr1	+	False	True	3	0	4	7	True
Zm00001eb064840	chr1	+	False	True	7	0	19	26	True
Zm00001eb064850	chr1	-	False	True	1	1	20	22	True
Zm00001eb064860	chr1	+	False	True	0	0	8	8	True
Zm00001eb064870	chr1	-	False	True	6	2	11	19	True
Zm00001eb064890	chr1	+	False	True	1	0	2	3	True
Zm00001eb064910	chr1	+	False	True	0	0	1	1	True
Zm00001eb064920	chr1	-	False	True	8	0	17	25	True
Zm00001eb064930	chr1	+	False	True	7	0	15	22	True
Zm00001eb064940	chr1	+	False	True	3	1	7	11	True
Zm00001eb065250	chr1	-	False	True	3	0	16	19	True
Zm00001eb065280	chr1	+	False	True	9	0	6	15	True
Zm00001eb065300	chr1	+	False	True	6	1	8	15	True
Zm00001eb065310	chr1	-	False	True	0	0	3	3	True
Zm00001eb065340	chr1	+	False	True	2	0	9	11	True
Zm00001eb065460	chr1	-	False	True	0	0	0	0	False
Zm00001eb065570	chr2	-	False	True	2	0	4	6	True
Zm00001eb065580	chr2	-	False	True	3	1	3	7	True
Zm00001eb065720	chr2	-	False	True	1	0	0	1	True
Zm00001eb065730	chr2	-	False	True	4	1	10	15	True
Zm00001eb065740	chr2	+	False	True	0	1	2	3	True
Zm00001eb065770	chr2	+	False	True	1	1	8	10	True
Zm00001eb065780	chr2	+	False	True	5	1	14	20	True
Zm00001eb065790	chr2	-	False	True	5	0	23	28	True
Zm00001eb065800	chr2	+	False	True	1	0	5	6	True
Zm00001eb065850	chr2	+	False	True	2	0	12	14	True
Zm00001eb065860	chr2	-	False	True	7	0	34	41	True
Zm00001eb065870	chr2	-	False	True	2	0	16	18	True
Zm00001eb065920	chr2	-	False	True	2	0	44	46	True
Zm00001eb065930	chr2	+	False	True	4	0	32	36	True
Zm00001eb065940	chr2	-	False	True	4	2	30	36	True
Zm00001eb065950	chr2	-	False	True	1	1	1	3	True
Zm00001eb066000	chr2	+	False	True	2	0	6	8	True
Zm00001eb066010	chr2	+	False	True	7	2	24	33	True
Zm00001eb066020	chr2	-	False	True	4	0	28	32	True
Zm00001eb066140	chr2	+	False	True	15	1	39	55	True
Zm00001eb066150	chr2	+	False	True	4	0	36	40	True
Zm00001eb066180	chr2	-	False	True	8	1	64	73	True
Zm00001eb066190	chr2	+	False	True	3	2	15	20	True
Zm00001eb066260	chr2	+	False	True	2	0	21	23	True
Zm00001eb066320	chr2	-	False	True	3	0	7	10	True
Zm00001eb066350	chr2	+	False	True	5	0	20	25	True
Zm00001eb066360	chr2	+	False	True	6	0	17	23	True
Zm00001eb066370	chr2	-	False	True	4	0	12	16	True
Zm00001eb066420	chr2	-	False	True	0	1	1	2	True
Zm00001eb066460	chr2	-	False	True	13	1	53	67	True
Zm00001eb066470	chr2	-	False	True	2	2	4	8	True
Zm00001eb066480	chr2	-	True	False	9	0	19	28	True
Zm00001eb066580	chr2	+	False	True	8	0	11	19	True
Zm00001eb066590	chr2	-	False	True	2	0	6	8	True
Zm00001eb066600	chr2	+	False	True	8	0	40	48	True
Zm00001eb066610	chr2	-	False	True	3	1	16	20	True
Zm00001eb066630	chr2	+	False	True	15	0	41	56	True
Zm00001eb066640	chr2	+	False	True	3	0	3	6	True
Zm00001eb066670	chr2	-	False	True	1	0	2	3	True
Zm00001eb066680	chr2	+	False	True	1	0	5	6	True
Zm00001eb066690	chr2	+	False	True	5	0	1	6	True
Zm00001eb066780	chr2	-	False	True	2	1	1	4	True
Zm00001eb066790	chr2	-	False	True	7	0	24	31	True
Zm00001eb066800	chr2	+	False	True	1	1	0	2	True
Zm00001eb066810	chr2	-	False	True	3	0	13	16	True
Zm00001eb066820	chr2	+	False	True	2	0	4	6	True
Zm00001eb066840	chr2	-	False	True	0	0	14	14	True
Zm00001eb066850	chr2	+	False	True	2	0	8	10	True
Zm00001eb066860	chr2	+	False	True	7	0	15	22	True
Zm00001eb066870	chr2	-	False	True	13	2	20	35	True
Zm00001eb066890	chr2	+	False	True	5	0	33	38	True
Zm00001eb066900	chr2	+	False	True	9	2	13	24	True
Zm00001eb066910	chr2	+	False	True	8	0	19	27	True
Zm00001eb066920	chr2	+	False	True	4	0	18	22	True
Zm00001eb066940	chr2	+	False	True	0	1	3	4	True
Zm00001eb066950	chr2	-	False	True	3	0	11	14	True
Zm00001eb066960	chr2	-	False	True	1	0	4	5	True
Zm00001eb067130	chr2	+	False	True	3	0	2	5	True
Zm00001eb067180	chr2	+	False	True	3	0	12	15	True
Zm00001eb067190	chr2	+	False	True	3	0	11	14	True
Zm00001eb067200	chr2	-	False	True	3	0	3	6	True
Zm00001eb067210	chr2	+	False	True	2	1	9	12	True
Zm00001eb067220	chr2	-	False	True	17	1	47	65	True
Zm00001eb067230	chr2	+	False	True	16	1	40	57	True
Zm00001eb067250	chr2	+	False	True	5	0	20	25	True
Zm00001eb067290	chr2	+	False	True	4	0	13	17	True
Zm00001eb067340	chr2	+	False	True	0	0	0	0	False
Zm00001eb067370	chr2	+	False	True	2	0	14	16	True
Zm00001eb067410	chr2	+	False	True	4	1	16	21	True
Zm00001eb067440	chr2	-	False	True	6	0	7	13	True
Zm00001eb067450	chr2	+	False	True	3	0	7	10	True
Zm00001eb067460	chr2	+	False	True	1	0	10	11	True
Zm00001eb067480	chr2	-	False	True	4	1	10	15	True
Zm00001eb067490	chr2	-	False	True	4	0	9	13	True
Zm00001eb067500	chr2	+	False	True	2	0	16	18	True
Zm00001eb067530	chr2	+	False	True	2	0	3	5	True
Zm00001eb067550	chr2	-	False	True	6	0	37	43	True
Zm00001eb067560	chr2	+	False	True	3	0	17	20	True
Zm00001eb067570	chr2	+	False	True	8	0	24	32	True
Zm00001eb067590	chr2	-	False	True	11	0	17	28	True
Zm00001eb067600	chr2	-	False	True	4	1	25	30	True
Zm00001eb067610	chr2	+	False	True	8	2	29	39	True
Zm00001eb067650	chr2	+	False	True	1	0	13	14	True
Zm00001eb067660	chr2	+	False	True	0	0	0	0	False
Zm00001eb067690	chr2	-	False	True	6	1	12	19	True
Zm00001eb067700	chr2	-	False	True	11	0	21	32	True
Zm00001eb067710	chr2	+	False	True	6	0	41	47	True
Zm00001eb067720	chr2	+	False	True	6	0	16	22	True
Zm00001eb067750	chr2	-	False	True	11	0	16	27	True
Zm00001eb067810	chr2	-	False	True	5	2	15	22	True
Zm00001eb067910	chr2	+	False	True	0	0	11	11	True
Zm00001eb067920	chr2	+	False	True	3	0	5	8	True
Zm00001eb067960	chr2	+	False	True	2	1	35	38	True
Zm00001eb068020	chr2	+	False	True	1	0	9	10	True
Zm00001eb068040	chr2	+	False	True	4	0	19	23	True
Zm00001eb068050	chr2	-	False	True	2	0	1	3	True
Zm00001eb068100	chr2	+	False	True	8	1	18	27	True
Zm00001eb068110	chr2	-	False	True	4	1	19	24	True
Zm00001eb068130	chr2	+	False	True	3	1	8	12	True
Zm00001eb068160	chr2	+	True	False	7	1	13	21	True
Zm00001eb068240	chr2	+	False	True	2	0	2	4	True
Zm00001eb068270	chr2	-	False	True	10	1	11	22	True
Zm00001eb068280	chr2	-	True	False	8	0	24	32	True
Zm00001eb068290	chr2	+	False	True	6	0	14	20	True
Zm00001eb068300	chr2	-	False	True	4	1	14	19	True
Zm00001eb068390	chr2	+	False	True	0	0	3	3	True
Zm00001eb068400	chr2	+	False	True	12	0	16	28	True
Zm00001eb068410	chr2	-	False	True	0	0	0	0	False
Zm00001eb068460	chr2	+	False	True	0	1	2	3	True
Zm00001eb068520	chr2	-	False	True	5	0	2	7	True
Zm00001eb068530	chr2	+	False	True	0	0	0	0	False
Zm00001eb068540	chr2	-	False	True	1	0	0	1	True
Zm00001eb068570	chr2	+	False	True	0	0	6	6	True
Zm00001eb068580	chr2	+	False	True	8	1	20	29	True
Zm00001eb068590	chr2	+	False	True	4	2	9	15	True
Zm00001eb068600	chr2	+	False	True	12	1	28	41	True
Zm00001eb068620	chr2	-	False	True	16	1	19	36	True
Zm00001eb068630	chr2	-	False	True	2	0	2	4	True
Zm00001eb068670	chr2	-	False	True	3	2	15	20	True
Zm00001eb068710	chr2	-	False	True	0	0	0	0	False
Zm00001eb068780	chr2	-	False	True	17	1	84	102	True
Zm00001eb068910	chr2	+	False	True	5	0	12	17	True
Zm00001eb068960	chr2	-	False	True	3	0	18	21	True
Zm00001eb068980	chr2	-	False	True	3	1	4	8	True
Zm00001eb069010	chr2	-	False	True	1	0	4	5	True
Zm00001eb069020	chr2	+	False	True	2	0	6	8	True
Zm00001eb069090	chr2	+	False	True	0	0	1	1	True
Zm00001eb069120	chr2	-	False	True	1	1	3	5	True
Zm00001eb069130	chr2	-	False	True	0	0	1	1	True
Zm00001eb069140	chr2	+	False	True	13	0	9	22	True
Zm00001eb069160	chr2	+	False	True	1	1	2	4	True
Zm00001eb069180	chr2	-	False	True	0	1	16	17	True
Zm00001eb069190	chr2	+	False	True	5	0	22	27	True
Zm00001eb069200	chr2	+	False	True	0	1	3	4	True
Zm00001eb069210	chr2	+	False	True	0	0	4	4	True
Zm00001eb069220	chr2	-	False	True	7	1	40	48	True
Zm00001eb069260	chr2	+	False	True	5	0	9	14	True
Zm00001eb069280	chr2	+	False	True	6	0	8	14	True
Zm00001eb069290	chr2	+	False	True	4	3	18	25	True
Zm00001eb069320	chr2	+	False	True	10	0	16	26	True
Zm00001eb069350	chr2	-	False	True	4	1	12	17	True
Zm00001eb069390	chr2	+	False	True	2	0	4	6	True
Zm00001eb069400	chr2	+	False	True	4	0	16	20	True
Zm00001eb069410	chr2	-	False	True	2	1	8	11	True
Zm00001eb069420	chr2	+	False	True	2	0	2	4	True
Zm00001eb069490	chr2	+	False	True	1	0	13	14	True
Zm00001eb069550	chr2	+	False	True	2	0	9	11	True
Zm00001eb069570	chr2	+	False	True	5	1	4	10	True
Zm00001eb069580	chr2	-	False	True	5	0	14	19	True
Zm00001eb069620	chr2	+	False	True	8	0	29	37	True
Zm00001eb069630	chr2	+	False	True	10	1	40	51	True
Zm00001eb069700	chr2	+	False	True	4	0	5	9	True
Zm00001eb070040	chr2	+	False	True	0	0	0	0	False
Zm00001eb070050	chr2	+	False	True	16	0	49	65	True
Zm00001eb070120	chr2	-	False	True	2	0	1	3	True
Zm00001eb070130	chr2	-	False	True	0	0	2	2	True
Zm00001eb070180	chr2	+	False	True	0	0	0	0	False
Zm00001eb070200	chr2	-	False	True	0	1	16	17	True
Zm00001eb070230	chr2	+	False	True	5	1	20	26	True
Zm00001eb070240	chr2	+	False	True	2	0	7	9	True
Zm00001eb070250	chr2	-	True	False	8	0	17	25	True
Zm00001eb070260	chr2	-	False	True	8	0	41	49	True
Zm00001eb070280	chr2	-	False	True	5	1	17	23	True
Zm00001eb070310	chr2	+	False	True	0	0	0	0	False
Zm00001eb070320	chr2	+	False	True	0	0	6	6	True
Zm00001eb070340	chr2	+	False	True	4	0	23	27	True
Zm00001eb070360	chr2	-	False	True	1	0	9	10	True
Zm00001eb070400	chr2	+	False	True	14	0	60	74	True
Zm00001eb070410	chr2	-	False	True	8	0	33	41	True
Zm00001eb070460	chr2	+	False	True	0	0	0	0	False
Zm00001eb070520	chr2	-	False	True	9	1	16	26	True
Zm00001eb070550	chr2	-	False	True	12	1	21	34	True
Zm00001eb070570	chr2	-	False	True	6	0	33	39	True
Zm00001eb070600	chr2	+	False	True	7	0	20	27	True
Zm00001eb070730	chr2	+	False	True	3	0	8	11	True
Zm00001eb070740	chr2	+	False	True	2	0	8	10	True
Zm00001eb070750	chr2	+	False	True	4	0	15	19	True
Zm00001eb070760	chr2	-	False	True	5	0	11	16	True
Zm00001eb070770	chr2	-	False	True	0	0	0	0	False
Zm00001eb070790	chr2	-	False	True	12	1	40	53	True
Zm00001eb070820	chr2	-	False	True	18	1	59	78	True
Zm00001eb070840	chr2	-	True	False	11	0	27	38	True
Zm00001eb070860	chr2	-	False	True	2	0	0	2	True
Zm00001eb070890	chr2	-	False	True	2	0	22	24	True
Zm00001eb070900	chr2	-	False	True	5	1	12	18	True
Zm00001eb070910	chr2	+	False	True	6	0	15	21	True
Zm00001eb070920	chr2	+	False	True	10	0	32	42	True
Zm00001eb070940	chr2	+	False	True	0	0	1	1	True
Zm00001eb070950	chr2	-	False	True	5	0	24	29	True
Zm00001eb070960	chr2	+	False	True	3	0	17	20	True
Zm00001eb070970	chr2	+	False	True	7	1	33	41	True
Zm00001eb071020	chr2	-	False	True	5	0	21	26	True
Zm00001eb071030	chr2	+	False	True	4	0	20	24	True
Zm00001eb071050	chr2	-	False	True	8	0	11	19	True
Zm00001eb071070	chr2	-	False	True	5	0	18	23	True
Zm00001eb071080	chr2	+	False	True	12	1	31	44	True
Zm00001eb071090	chr2	+	True	False	0	0	0	0	False
Zm00001eb071100	chr2	-	False	True	2	1	6	9	True
Zm00001eb071110	chr2	-	False	True	6	0	23	29	True
Zm00001eb071130	chr2	-	False	True	12	1	23	36	True
Zm00001eb071140	chr2	-	False	True	0	0	2	2	True
Zm00001eb071150	chr2	+	False	True	1	0	1	2	True
Zm00001eb071170	chr2	+	False	True	3	0	1	4	True
Zm00001eb071190	chr2	-	False	True	8	1	13	22	True
Zm00001eb071280	chr2	+	False	True	0	0	0	0	False
Zm00001eb071290	chr2	-	False	True	3	0	13	16	True
Zm00001eb071300	chr2	+	False	True	7	0	13	20	True
Zm00001eb071310	chr2	-	False	True	6	3	19	28	True
Zm00001eb071400	chr2	+	False	True	4	0	10	14	True
Zm00001eb071430	chr2	+	False	True	0	0	0	0	False
Zm00001eb071440	chr2	+	False	True	10	1	29	40	True
Zm00001eb071460	chr2	-	False	True	1	0	7	8	True
Zm00001eb071470	chr2	+	False	True	1	0	7	8	True
Zm00001eb071480	chr2	-	False	True	4	0	10	14	True
Zm00001eb071490	chr2	-	False	True	1	0	3	4	True
Zm00001eb071500	chr2	-	False	True	1	0	3	4	True
Zm00001eb071550	chr2	+	False	True	15	0	26	41	True
Zm00001eb071570	chr2	+	False	True	6	0	12	18	True
Zm00001eb071590	chr2	-	False	True	8	1	42	51	True
Zm00001eb071600	chr2	+	False	True	5	2	26	33	True
Zm00001eb071650	chr2	+	False	True	6	0	7	13	True
Zm00001eb071700	chr2	+	False	True	8	0	17	25	True
Zm00001eb071720	chr2	+	False	True	3	1	20	24	True
Zm00001eb071730	chr2	-	False	True	2	1	9	12	True
Zm00001eb071740	chr2	+	False	True	1	0	17	18	True
Zm00001eb071750	chr2	-	False	True	2	0	1	3	True
Zm00001eb071770	chr2	+	False	True	4	0	16	20	True
Zm00001eb071780	chr2	+	False	True	1	0	5	6	True
Zm00001eb071790	chr2	+	False	True	4	0	15	19	True
Zm00001eb071800	chr2	-	False	True	9	1	28	38	True
Zm00001eb071820	chr2	+	False	True	2	1	5	8	True
Zm00001eb071830	chr2	+	False	True	7	0	13	20	True
Zm00001eb071890	chr2	+	False	True	0	0	3	3	True
Zm00001eb071920	chr2	-	False	True	7	0	20	27	True
Zm00001eb071930	chr2	-	False	True	4	1	17	22	True
Zm00001eb071940	chr2	-	False	True	8	1	45	54	True
Zm00001eb071960	chr2	-	False	True	8	1	16	25	True
Zm00001eb071970	chr2	+	False	True	4	0	11	15	True
Zm00001eb071980	chr2	-	False	True	2	0	5	7	True
Zm00001eb072100	chr2	+	False	True	1	1	3	5	True
Zm00001eb072190	chr2	+	False	True	4	0	10	14	True
Zm00001eb072220	chr2	-	False	True	3	0	10	13	True
Zm00001eb072270	chr2	+	False	True	5	0	13	18	True
Zm00001eb072290	chr2	+	False	True	0	0	0	0	False
Zm00001eb072330	chr2	-	False	True	2	2	3	7	True
Zm00001eb072360	chr2	+	False	True	8	0	6	14	True
Zm00001eb072460	chr2	-	False	True	7	1	29	37	True
Zm00001eb072480	chr2	-	False	True	11	1	64	76	True
Zm00001eb072510	chr2	-	False	True	7	0	18	25	True
Zm00001eb072520	chr2	-	False	True	4	2	18	24	True
Zm00001eb072600	chr2	-	False	True	10	1	38	49	True
Zm00001eb072650	chr2	+	False	True	10	0	21	31	True
Zm00001eb072700	chr2	+	False	True	3	0	10	13	True
Zm00001eb072750	chr2	+	False	True	9	0	21	30	True
Zm00001eb072890	chr2	-	False	True	14	2	72	88	True
Zm00001eb072910	chr2	-	False	True	6	0	23	29	True
Zm00001eb073030	chr2	+	False	True	6	1	40	47	True
Zm00001eb073120	chr2	+	False	True	1	0	17	18	True
Zm00001eb073130	chr2	+	False	True	1	0	1	2	True
Zm00001eb073200	chr2	-	False	True	10	2	17	29	True
Zm00001eb073240	chr2	-	False	True	4	1	22	27	True
Zm00001eb073250	chr2	-	False	True	6	2	18	26	True
Zm00001eb073280	chr2	-	False	True	7	0	21	28	True
Zm00001eb073300	chr2	+	False	True	13	0	75	88	True
Zm00001eb073330	chr2	+	False	True	18	1	58	77	True
Zm00001eb073350	chr2	-	False	True	10	0	37	47	True
Zm00001eb073360	chr2	-	False	True	0	0	0	0	False
Zm00001eb073390	chr2	-	False	True	0	0	3	3	True
Zm00001eb073420	chr2	-	False	True	4	0	12	16	True
Zm00001eb073430	chr2	-	False	True	12	3	59	74	True
Zm00001eb073480	chr2	+	False	True	3	0	15	18	True
Zm00001eb073490	chr2	-	False	True	9	1	30	40	True
Zm00001eb073520	chr2	-	False	True	0	1	8	9	True
Zm00001eb073530	chr2	-	False	True	3	0	14	17	True
Zm00001eb073540	chr2	+	False	True	0	0	5	5	True
Zm00001eb073580	chr2	-	False	True	0	0	2	2	True
Zm00001eb073630	chr2	+	False	True	1	0	0	1	True
Zm00001eb073640	chr2	+	False	True	1	0	0	1	True
Zm00001eb073660	chr2	+	False	True	0	0	2	2	True
Zm00001eb073740	chr2	-	False	True	7	0	11	18	True
Zm00001eb073750	chr2	+	False	True	3	0	22	25	True
Zm00001eb073760	chr2	+	False	True	1	0	20	21	True
Zm00001eb073830	chr2	-	False	True	0	0	3	3	True
Zm00001eb073880	chr2	+	False	True	5	1	18	24	True
Zm00001eb073900	chr2	-	False	True	3	0	9	12	True
Zm00001eb073910	chr2	+	False	True	3	0	8	11	True
Zm00001eb073930	chr2	+	False	True	6	0	36	42	True
Zm00001eb073980	chr2	+	False	True	6	0	8	14	True
Zm00001eb074060	chr2	+	False	True	4	0	31	35	True
Zm00001eb074070	chr2	-	False	True	7	3	85	95	True
Zm00001eb074080	chr2	-	False	True	16	0	38	54	True
Zm00001eb074090	chr2	-	False	True	1	0	2	3	True
Zm00001eb074140	chr2	+	False	True	0	0	0	0	False
Zm00001eb074150	chr2	-	False	True	1	0	3	4	True
Zm00001eb074210	chr2	-	True	False	0	0	0	0	False
Zm00001eb074220	chr2	+	False	True	5	1	21	27	True
Zm00001eb074270	chr2	+	False	True	7	1	12	20	True
Zm00001eb074280	chr2	-	False	True	5	0	5	10	True
Zm00001eb074330	chr2	-	False	True	4	1	7	12	True
Zm00001eb074340	chr2	-	False	True	1	0	0	1	True
Zm00001eb074350	chr2	-	False	True	4	0	9	13	True
Zm00001eb074360	chr2	-	False	True	0	0	0	0	False
Zm00001eb074370	chr2	-	False	True	1	0	3	4	True
Zm00001eb074410	chr2	+	False	True	1	1	5	7	True
Zm00001eb074460	chr2	-	False	True	0	0	0	0	False
Zm00001eb074600	chr2	-	False	True	8	0	36	44	True
Zm00001eb074610	chr2	+	True	False	2	0	10	12	True
Zm00001eb074690	chr2	-	False	True	0	2	2	4	True
Zm00001eb074710	chr2	-	False	True	1	2	9	12	True
Zm00001eb074760	chr2	+	False	True	5	0	12	17	True
Zm00001eb074850	chr2	+	False	True	5	1	20	26	True
Zm00001eb074870	chr2	+	False	True	0	0	0	0	False
Zm00001eb074880	chr2	-	False	True	8	2	10	20	True
Zm00001eb074890	chr2	-	False	True	0	0	3	3	True
Zm00001eb075060	chr2	+	False	True	2	0	5	7	True
Zm00001eb075100	chr2	-	False	True	12	1	27	40	True
Zm00001eb075120	chr2	-	False	True	5	0	16	21	True
Zm00001eb075130	chr2	-	False	True	3	0	10	13	True
Zm00001eb075140	chr2	-	False	True	3	1	9	13	True
Zm00001eb075150	chr2	-	False	True	4	0	17	21	True
Zm00001eb075160	chr2	-	False	True	7	2	9	18	True
Zm00001eb075210	chr2	-	False	True	3	0	4	7	True
Zm00001eb075230	chr2	-	False	True	4	1	13	18	True
Zm00001eb075270	chr2	+	False	True	3	0	3	6	True
Zm00001eb075310	chr2	+	False	True	0	0	1	1	True
Zm00001eb075320	chr2	-	False	True	2	0	4	6	True
Zm00001eb075330	chr2	+	False	True	2	0	9	11	True
Zm00001eb075370	chr2	-	False	True	7	2	25	34	True
Zm00001eb075390	chr2	+	False	True	0	1	2	3	True
Zm00001eb075420	chr2	+	True	False	0	0	2	2	True
Zm00001eb075470	chr2	-	False	True	8	1	20	29	True
Zm00001eb075480	chr2	+	False	True	15	0	28	43	True
Zm00001eb075500	chr2	-	False	True	18	1	71	90	True
Zm00001eb075530	chr2	-	False	True	3	1	21	25	True
Zm00001eb075550	chr2	-	False	True	10	1	23	34	True
Zm00001eb075560	chr2	-	False	True	7	3	39	49	True
Zm00001eb075570	chr2	-	False	True	16	1	62	79	True
Zm00001eb075630	chr2	+	False	True	9	1	26	36	True
Zm00001eb075730	chr2	+	False	True	0	0	0	0	False
Zm00001eb076490	chr2	+	False	True	7	1	33	41	True
Zm00001eb076520	chr2	-	False	True	0	0	1	1	True
Zm00001eb076540	chr2	+	False	True	3	0	7	10	True
Zm00001eb076550	chr2	+	False	True	2	1	9	12	True
Zm00001eb076560	chr2	-	False	True	5	1	21	27	True
Zm00001eb076570	chr2	-	False	True	6	2	13	21	True
Zm00001eb076590	chr2	+	False	True	2	0	7	9	True
Zm00001eb076640	chr2	+	False	True	0	0	3	3	True
Zm00001eb076700	chr2	-	False	True	2	1	32	35	True
Zm00001eb076710	chr2	-	False	True	0	0	3	3	True
Zm00001eb076730	chr2	-	False	True	7	2	19	28	True
Zm00001eb076770	chr2	-	False	True	1	0	15	16	True
Zm00001eb076780	chr2	-	False	True	4	0	2	6	True
Zm00001eb077080	chr2	+	False	True	1	0	0	1	True
Zm00001eb077100	chr2	-	False	True	0	1	2	3	True
Zm00001eb077120	chr2	-	False	True	1	0	0	1	True
Zm00001eb077130	chr2	-	False	True	2	1	11	14	True
Zm00001eb077140	chr2	-	False	True	8	0	34	42	True
Zm00001eb077210	chr2	+	False	True	0	0	0	0	False
Zm00001eb077220	chr2	+	False	True	12	0	17	29	True
Zm00001eb077230	chr2	+	False	True	4	0	6	10	True
Zm00001eb077250	chr2	+	False	True	7	1	11	19	True
Zm00001eb077380	chr2	-	False	True	0	2	10	12	True
Zm00001eb077400	chr2	+	False	True	4	1	37	42	True
Zm00001eb077450	chr2	-	False	True	5	1	25	31	True
Zm00001eb077470	chr2	-	False	True	4	0	8	12	True
Zm00001eb077490	chr2	-	False	True	0	0	0	0	False
Zm00001eb077540	chr2	-	False	True	11	2	49	62	True
Zm00001eb077550	chr2	-	False	True	3	0	4	7	True
Zm00001eb077560	chr2	-	False	True	3	0	21	24	True
Zm00001eb077630	chr2	-	False	True	0	0	1	1	True
Zm00001eb077640	chr2	-	False	True	0	1	0	1	True
Zm00001eb077710	chr2	-	False	True	0	0	7	7	True
Zm00001eb077720	chr2	+	False	True	1	1	8	10	True
Zm00001eb077760	chr2	+	False	True	4	1	11	16	True
Zm00001eb077890	chr2	-	False	True	0	1	1	2	True
Zm00001eb077900	chr2	+	False	True	1	0	0	1	True
Zm00001eb077980	chr2	+	False	True	2	0	0	2	True
Zm00001eb078000	chr2	+	False	True	0	1	2	3	True
Zm00001eb078040	chr2	+	False	True	0	1	1	2	True
Zm00001eb078070	chr2	-	False	True	5	0	6	11	True
Zm00001eb078100	chr2	+	False	True	7	0	49	56	True
Zm00001eb078120	chr2	-	False	True	4	1	6	11	True
Zm00001eb078140	chr2	-	False	True	2	3	9	14	True
Zm00001eb078170	chr2	+	False	True	4	0	11	15	True
Zm00001eb078200	chr2	-	False	True	11	0	23	34	True
Zm00001eb078350	chr2	+	False	True	1	0	2	3	True
Zm00001eb078360	chr2	+	False	True	7	0	25	32	True
Zm00001eb078440	chr2	-	False	True	3	0	15	18	True
Zm00001eb078460	chr2	+	False	True	1	0	8	9	True
Zm00001eb078490	chr2	-	False	True	0	0	3	3	True
Zm00001eb078520	chr2	+	False	True	1	1	7	9	True
Zm00001eb078530	chr2	+	False	True	0	0	9	9	True
Zm00001eb078570	chr2	+	False	True	5	1	7	13	True
Zm00001eb078590	chr2	-	False	True	3	0	17	20	True
Zm00001eb078600	chr2	+	False	True	2	0	13	15	True
Zm00001eb078640	chr2	-	False	True	6	0	19	25	True
Zm00001eb078650	chr2	-	False	True	13	2	37	52	True
Zm00001eb078730	chr2	+	False	True	15	0	15	30	True
Zm00001eb078770	chr2	+	False	True	7	0	11	18	True
Zm00001eb078780	chr2	-	False	True	10	1	21	32	True
Zm00001eb078790	chr2	-	False	True	0	0	0	0	False
Zm00001eb078830	chr2	-	False	True	5	0	17	22	True
Zm00001eb078850	chr2	-	False	True	10	1	24	35	True
Zm00001eb078870	chr2	-	False	True	0	0	0	0	False
Zm00001eb079000	chr2	-	False	True	3	2	14	19	True
Zm00001eb079130	chr2	-	False	True	0	0	0	0	False
Zm00001eb079180	chr2	-	False	True	7	1	22	30	True
Zm00001eb079200	chr2	+	False	True	4	0	10	14	True
Zm00001eb079210	chr2	-	False	True	0	0	7	7	True
Zm00001eb079260	chr2	+	False	True	0	0	0	0	False
Zm00001eb079270	chr2	-	False	True	2	1	5	8	True
Zm00001eb079280	chr2	+	False	True	3	0	9	12	True
Zm00001eb079290	chr2	-	False	True	7	3	42	52	True
Zm00001eb079300	chr2	+	False	True	1	1	6	8	True
Zm00001eb079310	chr2	-	False	True	6	0	4	10	True
Zm00001eb079330	chr2	+	False	True	10	1	26	37	True
Zm00001eb079360	chr2	+	False	True	0	0	0	0	False
Zm00001eb079380	chr2	+	True	False	6	4	48	58	True
Zm00001eb079500	chr2	-	False	True	4	2	7	13	True
Zm00001eb079510	chr2	-	False	True	7	3	11	21	True
Zm00001eb079540	chr2	-	False	True	1	0	1	2	True
Zm00001eb079590	chr2	+	False	True	0	0	1	1	True
Zm00001eb079610	chr2	+	False	True	5	2	23	30	True
Zm00001eb079760	chr2	+	False	True	3	0	6	9	True
Zm00001eb079780	chr2	-	False	True	16	1	21	38	True
Zm00001eb079790	chr2	+	False	True	6	0	9	15	True
Zm00001eb079800	chr2	+	False	True	1	2	12	15	True
Zm00001eb079820	chr2	+	False	True	8	2	49	59	True
Zm00001eb079930	chr2	+	False	True	3	1	22	26	True
Zm00001eb079940	chr2	-	False	True	0	0	0	0	False
Zm00001eb079970	chr2	+	False	True	8	0	3	11	True
Zm00001eb079980	chr2	+	False	True	12	1	26	39	True
Zm00001eb080080	chr2	-	False	True	7	1	15	23	True
Zm00001eb080090	chr2	-	False	True	11	4	38	53	True
Zm00001eb080120	chr2	+	False	True	9	0	25	34	True
Zm00001eb080140	chr2	+	False	True	0	0	2	2	True
Zm00001eb080150	chr2	+	False	True	14	1	16	31	True
Zm00001eb080160	chr2	+	False	True	14	0	19	33	True
Zm00001eb080280	chr2	+	False	True	8	0	12	20	True
Zm00001eb080310	chr2	+	False	True	1	1	0	2	True
Zm00001eb080320	chr2	+	False	True	5	1	26	32	True
Zm00001eb080350	chr2	-	False	True	3	1	11	15	True
Zm00001eb080360	chr2	+	False	True	3	0	12	15	True
Zm00001eb080370	chr2	-	False	True	0	1	3	4	True
Zm00001eb080440	chr2	-	False	True	8	1	20	29	True
Zm00001eb080480	chr2	-	False	True	4	0	24	28	True
Zm00001eb080490	chr2	+	False	True	4	0	15	19	True
Zm00001eb080510	chr2	+	False	True	7	0	5	12	True
Zm00001eb080540	chr2	-	False	True	7	0	15	22	True
Zm00001eb080560	chr2	+	False	True	13	1	37	51	True
Zm00001eb080570	chr2	-	False	True	3	0	25	28	True
Zm00001eb080610	chr2	+	True	False	7	2	28	37	True
Zm00001eb080620	chr2	-	False	True	7	1	31	39	True
Zm00001eb080670	chr2	-	False	True	11	2	19	32	True
Zm00001eb080680	chr2	-	False	True	5	3	24	32	True
Zm00001eb080770	chr2	-	False	True	18	1	50	69	True
Zm00001eb080810	chr2	-	False	True	1	0	2	3	True
Zm00001eb080820	chr2	+	False	True	1	0	2	3	True
Zm00001eb080830	chr2	+	False	True	2	0	4	6	True
Zm00001eb080840	chr2	-	False	True	0	0	0	0	False
Zm00001eb080890	chr2	-	False	True	13	1	14	28	True
Zm00001eb080950	chr2	+	False	True	2	0	33	35	True
Zm00001eb080970	chr2	+	False	True	2	0	6	8	True
Zm00001eb081030	chr2	-	False	True	2	1	6	9	True
Zm00001eb081060	chr2	+	False	True	0	1	2	3	True
Zm00001eb081070	chr2	+	False	True	7	0	23	30	True
Zm00001eb081090	chr2	+	False	True	4	1	6	11	True
Zm00001eb081100	chr2	+	False	True	6	0	11	17	True
Zm00001eb081110	chr2	+	False	True	1	0	9	10	True
Zm00001eb081140	chr2	+	False	True	0	0	22	22	True
Zm00001eb081190	chr2	+	False	True	0	1	0	1	True
Zm00001eb081200	chr2	-	False	True	4	1	9	14	True
Zm00001eb081270	chr2	-	False	True	0	0	0	0	False
Zm00001eb081330	chr2	-	False	True	4	0	15	19	True
Zm00001eb081350	chr2	-	False	True	4	3	38	45	True
Zm00001eb081370	chr2	-	False	True	12	2	60	74	True
Zm00001eb081380	chr2	-	False	True	8	0	5	13	True
Zm00001eb081420	chr2	+	False	True	22	0	75	97	True
Zm00001eb081430	chr2	+	False	True	12	0	15	27	True
Zm00001eb081450	chr2	-	False	True	5	0	31	36	True
Zm00001eb081460	chr2	-	True	False	13	1	61	75	True
Zm00001eb081470	chr2	-	False	True	0	0	6	6	True
Zm00001eb081510	chr2	-	False	True	1	3	15	19	True
Zm00001eb081570	chr2	-	False	True	11	0	37	48	True
Zm00001eb081590	chr2	+	False	True	32	0	44	76	True
Zm00001eb081610	chr2	-	False	True	0	1	0	1	True
Zm00001eb081660	chr2	-	False	True	5	1	9	15	True
Zm00001eb081700	chr2	-	False	True	8	1	25	34	True
Zm00001eb081720	chr2	+	False	True	6	2	33	41	True
Zm00001eb081790	chr2	-	False	True	5	2	19	26	True
Zm00001eb081810	chr2	-	False	True	7	2	17	26	True
Zm00001eb081850	chr2	+	False	True	2	0	16	18	True
Zm00001eb081870	chr2	-	False	True	1	0	9	10	True
Zm00001eb081930	chr2	-	False	True	5	2	29	36	True
Zm00001eb082050	chr2	+	False	True	4	0	20	24	True
Zm00001eb082070	chr2	-	False	True	2	0	22	24	True
Zm00001eb082080	chr2	-	False	True	6	1	30	37	True
Zm00001eb082130	chr2	+	False	True	0	0	0	0	False
Zm00001eb082150	chr2	-	False	True	1	0	0	1	True
Zm00001eb082160	chr2	+	True	False	3	1	23	27	True
Zm00001eb082280	chr2	-	False	True	3	0	16	19	True
Zm00001eb082290	chr2	-	False	True	4	0	6	10	True
Zm00001eb082300	chr2	-	False	True	5	1	10	16	True
Zm00001eb082310	chr2	-	False	True	3	0	17	20	True
Zm00001eb082320	chr2	+	False	True	2	0	7	9	True
Zm00001eb082370	chr2	+	False	True	0	1	1	2	True
Zm00001eb082380	chr2	+	False	True	9	1	24	34	True
Zm00001eb082500	chr2	-	False	True	6	1	14	21	True
Zm00001eb082660	chr2	-	False	True	2	1	10	13	True
Zm00001eb082670	chr2	+	False	True	2	1	10	13	True
Zm00001eb082680	chr2	+	False	True	5	1	30	36	True
Zm00001eb082690	chr2	+	False	True	5	1	18	24	True
Zm00001eb082710	chr2	+	False	True	4	0	27	31	True
Zm00001eb082720	chr2	-	False	True	1	1	13	15	True
Zm00001eb082750	chr2	+	False	True	10	0	39	49	True
Zm00001eb082760	chr2	-	False	True	2	0	4	6	True
Zm00001eb082790	chr2	+	False	True	5	0	33	38	True
Zm00001eb082840	chr2	+	False	True	4	1	19	24	True
Zm00001eb082850	chr2	-	False	True	11	0	28	39	True
Zm00001eb082890	chr2	+	False	True	2	1	5	8	True
Zm00001eb082910	chr2	-	False	True	7	1	21	29	True
Zm00001eb082920	chr2	-	False	True	1	0	9	10	True
Zm00001eb082980	chr2	+	False	True	2	0	3	5	True
Zm00001eb083170	chr2	+	False	True	0	0	0	0	False
Zm00001eb083180	chr2	+	False	True	2	1	2	5	True
Zm00001eb083200	chr2	+	False	True	4	1	9	14	True
Zm00001eb083210	chr2	+	False	True	1	0	18	19	True
Zm00001eb083370	chr2	-	False	True	1	0	14	15	True
Zm00001eb083390	chr2	-	False	True	1	0	29	30	True
Zm00001eb083450	chr2	+	False	True	2	0	0	2	True
Zm00001eb083520	chr2	-	False	True	9	0	20	29	True
Zm00001eb083600	chr2	-	False	True	5	1	11	17	True
Zm00001eb083610	chr2	-	False	True	12	0	23	35	True
Zm00001eb083750	chr2	-	False	True	2	2	10	14	True
Zm00001eb083770	chr2	+	False	True	0	0	3	3	True
Zm00001eb083810	chr2	+	False	True	1	0	3	4	True
Zm00001eb083840	chr2	-	False	True	32	0	26	58	True
Zm00001eb083950	chr2	-	False	True	11	1	68	80	True
Zm00001eb083980	chr2	-	False	True	7	1	39	47	True
Zm00001eb084020	chr2	-	False	True	0	0	1	1	True
Zm00001eb084080	chr2	-	False	True	17	2	35	54	True
Zm00001eb084120	chr2	-	False	True	3	0	17	20	True
Zm00001eb084160	chr2	+	False	True	6	0	18	24	True
Zm00001eb084180	chr2	+	False	True	0	1	8	9	True
Zm00001eb084290	chr2	+	False	True	10	1	11	22	True
Zm00001eb084350	chr2	+	False	True	5	0	33	38	True
Zm00001eb084410	chr2	+	False	True	2	0	0	2	True
Zm00001eb084430	chr2	+	False	True	11	0	24	35	True
Zm00001eb084510	chr2	+	False	True	0	0	2	2	True
Zm00001eb084540	chr2	-	False	True	0	0	0	0	False
Zm00001eb084550	chr2	-	False	True	6	0	16	22	True
Zm00001eb084560	chr2	+	True	False	13	1	17	31	True
Zm00001eb084590	chr2	-	False	True	2	0	5	7	True
Zm00001eb084670	chr2	+	False	True	6	0	9	15	True
Zm00001eb084690	chr2	-	False	True	0	0	0	0	False
Zm00001eb084740	chr2	+	False	True	8	1	17	26	True
Zm00001eb084750	chr2	-	False	True	2	1	3	6	True
Zm00001eb084770	chr2	-	False	True	0	0	5	5	True
Zm00001eb084910	chr2	+	False	True	13	1	30	44	True
Zm00001eb084920	chr2	-	False	True	1	0	6	7	True
Zm00001eb084970	chr2	+	False	True	0	0	7	7	True
Zm00001eb084990	chr2	-	False	True	3	3	15	21	True
Zm00001eb085030	chr2	+	False	True	5	1	31	37	True
Zm00001eb085050	chr2	-	False	True	6	1	65	72	True
Zm00001eb085150	chr2	-	False	True	1	0	8	9	True
Zm00001eb085170	chr2	-	False	True	0	0	2	2	True
Zm00001eb085240	chr2	-	False	True	0	0	4	4	True
Zm00001eb085270	chr2	+	False	True	0	0	0	0	False
Zm00001eb085310	chr2	-	False	True	1	0	5	6	True
Zm00001eb085330	chr2	-	False	True	7	1	10	18	True
Zm00001eb085340	chr2	-	False	True	1	1	0	2	True
Zm00001eb085350	chr2	-	False	True	2	1	8	11	True
Zm00001eb085360	chr2	-	False	True	7	1	32	40	True
Zm00001eb085380	chr2	-	False	True	2	0	14	16	True
Zm00001eb085400	chr2	-	False	True	3	1	10	14	True
Zm00001eb085410	chr2	+	False	True	1	2	13	16	True
Zm00001eb085420	chr2	-	False	True	1	2	10	13	True
Zm00001eb085430	chr2	-	False	True	6	0	10	16	True
Zm00001eb085460	chr2	+	False	True	3	0	9	12	True
Zm00001eb085500	chr2	+	False	True	1	0	1	2	True
Zm00001eb085540	chr2	-	True	False	9	0	24	33	True
Zm00001eb085570	chr2	-	False	True	7	2	17	26	True
Zm00001eb085590	chr2	+	False	True	4	2	18	24	True
Zm00001eb085610	chr2	+	False	True	1	1	0	2	True
Zm00001eb085850	chr2	-	False	True	1	0	0	1	True
Zm00001eb085870	chr2	+	False	True	0	0	0	0	False
Zm00001eb086060	chr2	+	False	True	2	0	2	4	True
Zm00001eb086200	chr2	+	False	True	2	0	4	6	True
Zm00001eb086220	chr2	+	False	True	1	0	17	18	True
Zm00001eb086340	chr2	-	False	True	4	0	8	12	True
Zm00001eb086370	chr2	-	False	True	11	1	39	51	True
Zm00001eb086400	chr2	-	False	True	0	2	7	9	True
Zm00001eb086410	chr2	-	False	True	0	0	1	1	True
Zm00001eb086500	chr2	+	False	True	1	0	1	2	True
Zm00001eb086520	chr2	-	False	True	1	0	2	3	True
Zm00001eb086540	chr2	+	False	True	2	0	9	11	True
Zm00001eb086560	chr2	+	False	True	1	0	1	2	True
Zm00001eb086680	chr2	+	False	True	0	1	5	6	True
Zm00001eb086710	chr2	-	False	True	0	0	3	3	True
Zm00001eb086720	chr2	-	False	True	0	0	7	7	True
Zm00001eb086730	chr2	-	False	True	1	0	10	11	True
Zm00001eb086780	chr2	+	False	True	3	0	14	17	True
Zm00001eb086790	chr2	-	False	True	1	2	8	11	True
Zm00001eb086800	chr2	-	False	True	3	0	13	16	True
Zm00001eb087050	chr2	+	False	True	5	1	16	22	True
Zm00001eb087060	chr2	+	False	True	0	1	16	17	True
Zm00001eb087080	chr2	+	False	True	0	0	0	0	False
Zm00001eb087350	chr2	+	False	True	1	1	19	21	True
Zm00001eb087380	chr2	-	False	True	1	0	17	18	True
Zm00001eb087460	chr2	-	False	True	2	0	6	8	True
Zm00001eb087470	chr2	-	False	True	3	0	19	22	True
Zm00001eb087500	chr2	+	False	True	3	2	20	25	True
Zm00001eb087570	chr2	-	False	True	1	1	13	15	True
Zm00001eb087750	chr2	+	False	True	1	0	0	1	True
Zm00001eb087780	chr2	+	False	True	0	1	2	3	True
Zm00001eb087880	chr2	-	False	True	2	0	3	5	True
Zm00001eb087920	chr2	-	False	True	2	0	1	3	True
Zm00001eb087950	chr2	-	False	True	7	0	13	20	True
Zm00001eb087960	chr2	-	False	True	6	1	13	20	True
Zm00001eb088050	chr2	-	False	True	4	1	35	40	True
Zm00001eb088220	chr2	-	False	True	0	0	3	3	True
Zm00001eb088270	chr2	+	False	True	0	0	2	2	True
Zm00001eb088350	chr2	-	False	True	2	1	8	11	True
Zm00001eb088370	chr2	-	False	True	4	0	17	21	True
Zm00001eb088390	chr2	-	False	True	2	0	4	6	True
Zm00001eb088460	chr2	+	False	True	4	1	13	18	True
Zm00001eb088470	chr2	-	False	True	5	2	14	21	True
Zm00001eb088500	chr2	+	False	True	5	0	10	15	True
Zm00001eb088700	chr2	+	False	True	4	1	8	13	True
Zm00001eb088740	chr2	-	False	True	1	0	7	8	True
Zm00001eb088780	chr2	+	False	True	2	0	9	11	True
Zm00001eb088790	chr2	+	False	True	1	0	3	4	True
Zm00001eb088840	chr2	-	False	True	3	0	12	15	True
Zm00001eb088850	chr2	+	False	True	0	0	6	6	True
Zm00001eb088880	chr2	-	False	True	1	1	18	20	True
Zm00001eb088910	chr2	+	False	True	2	1	27	30	True
Zm00001eb088930	chr2	-	False	True	0	1	15	16	True
Zm00001eb088940	chr2	-	False	True	1	0	9	10	True
Zm00001eb089010	chr2	+	False	True	5	1	19	25	True
Zm00001eb089020	chr2	-	False	True	5	1	11	17	True
Zm00001eb089060	chr2	+	False	True	0	0	4	4	True
Zm00001eb089070	chr2	-	False	True	7	2	28	37	True
Zm00001eb089080	chr2	-	False	True	8	2	34	44	True
Zm00001eb089090	chr2	+	False	True	6	0	12	18	True
Zm00001eb089260	chr2	-	False	True	0	1	5	6	True
Zm00001eb089340	chr2	-	False	True	3	1	0	4	True
Zm00001eb089380	chr2	+	False	True	3	2	4	9	True
Zm00001eb089390	chr2	+	False	True	5	0	11	16	True
Zm00001eb089480	chr2	-	False	True	9	2	20	31	True
Zm00001eb089490	chr2	-	False	True	5	0	24	29	True
Zm00001eb089590	chr2	+	False	True	0	1	9	10	True
Zm00001eb089800	chr2	-	False	True	3	0	5	8	True
Zm00001eb089840	chr2	-	False	True	1	1	7	9	True
Zm00001eb089860	chr2	-	False	True	6	0	15	21	True
Zm00001eb089960	chr2	+	False	True	1	0	1	2	True
Zm00001eb089980	chr2	+	False	True	0	0	1	1	True
Zm00001eb090110	chr2	-	False	True	1	1	7	9	True
Zm00001eb090170	chr2	-	False	True	0	0	0	0	False
Zm00001eb090910	chr2	+	False	True	6	1	21	28	True
Zm00001eb090920	chr2	-	False	True	3	1	40	44	True
Zm00001eb090960	chr2	+	False	True	0	0	1	1	True
Zm00001eb090980	chr2	-	False	True	11	1	27	39	True
Zm00001eb090990	chr2	-	False	True	2	0	2	4	True
Zm00001eb091010	chr2	-	False	True	2	0	13	15	True
Zm00001eb091060	chr2	-	False	True	0	0	0	0	False
Zm00001eb091240	chr2	-	False	True	1	1	6	8	True
Zm00001eb091260	chr2	+	False	True	2	0	6	8	True
Zm00001eb091270	chr2	-	False	True	0	0	3	3	True
Zm00001eb091420	chr2	+	False	True	0	0	0	0	False
Zm00001eb091470	chr2	+	False	True	0	0	4	4	True
Zm00001eb091500	chr2	-	False	True	1	0	0	1	True
Zm00001eb091530	chr2	-	False	True	0	0	8	8	True
Zm00001eb091540	chr2	-	False	True	1	1	1	3	True
Zm00001eb091580	chr2	+	False	True	1	0	3	4	True
Zm00001eb091620	chr2	+	False	True	2	0	2	4	True
Zm00001eb091670	chr2	+	False	True	0	0	5	5	True
Zm00001eb091720	chr2	+	False	True	0	1	1	2	True
Zm00001eb091740	chr2	-	False	True	0	1	6	7	True
Zm00001eb092080	chr2	+	False	True	0	0	1	1	True
Zm00001eb092180	chr2	-	False	True	6	0	60	66	True
Zm00001eb092230	chr2	-	False	True	2	1	2	5	True
Zm00001eb092280	chr2	+	False	True	0	0	3	3	True
Zm00001eb092540	chr2	+	False	True	0	1	0	1	True
Zm00001eb092570	chr2	-	False	True	0	0	2	2	True
Zm00001eb092720	chr2	+	False	True	2	1	17	20	True
Zm00001eb092730	chr2	+	False	True	9	2	19	30	True
Zm00001eb092750	chr2	-	False	True	5	3	10	18	True
Zm00001eb092890	chr2	+	False	True	5	2	20	27	True
Zm00001eb093120	chr2	+	False	True	0	1	0	1	True
Zm00001eb093130	chr2	+	False	True	3	1	10	14	True
Zm00001eb093140	chr2	+	False	True	6	0	22	28	True
Zm00001eb093150	chr2	+	False	True	3	0	10	13	True
Zm00001eb093160	chr2	-	False	True	3	0	8	11	True
Zm00001eb093210	chr2	-	False	True	7	0	23	30	True
Zm00001eb093250	chr2	-	False	True	0	1	4	5	True
Zm00001eb093260	chr2	+	False	True	2	0	12	14	True
Zm00001eb093270	chr2	-	False	True	4	1	23	28	True
Zm00001eb093280	chr2	-	False	True	3	2	6	11	True
Zm00001eb093290	chr2	+	False	True	1	0	26	27	True
Zm00001eb093300	chr2	-	False	True	0	1	7	8	True
Zm00001eb093320	chr2	-	False	True	3	0	35	38	True
Zm00001eb093380	chr2	+	False	True	2	0	19	21	True
Zm00001eb093390	chr2	+	False	True	5	2	35	42	True
Zm00001eb093400	chr2	-	False	True	1	0	4	5	True
Zm00001eb093410	chr2	+	False	True	1	0	1	2	True
Zm00001eb093420	chr2	-	False	True	6	0	24	30	True
Zm00001eb093440	chr2	+	False	True	23	1	15	39	True
Zm00001eb093450	chr2	+	False	True	4	0	12	16	True
Zm00001eb093460	chr2	+	False	True	4	0	4	8	True
Zm00001eb093490	chr2	+	False	True	2	0	1	3	True
Zm00001eb093670	chr2	-	False	True	1	0	9	10	True
Zm00001eb093730	chr2	+	False	True	4	0	3	7	True
Zm00001eb093890	chr2	+	True	False	0	0	0	0	False
Zm00001eb093900	chr2	+	False	True	3	1	13	17	True
Zm00001eb093910	chr2	-	False	True	6	0	27	33	True
Zm00001eb093980	chr2	+	False	True	0	1	4	5	True
Zm00001eb094000	chr2	+	False	True	5	3	34	42	True
Zm00001eb094160	chr2	-	False	True	0	0	0	0	False
Zm00001eb094200	chr2	-	False	True	13	3	25	41	True
Zm00001eb094220	chr2	+	False	True	0	0	5	5	True
Zm00001eb094240	chr2	+	False	True	11	0	37	48	True
Zm00001eb094250	chr2	-	False	True	3	2	5	10	True
Zm00001eb094300	chr2	-	False	True	2	0	0	2	True
Zm00001eb094350	chr2	-	False	True	0	0	1	1	True
Zm00001eb094370	chr2	+	False	True	0	0	0	0	False
Zm00001eb094380	chr2	+	False	True	3	0	31	34	True
Zm00001eb094400	chr2	+	False	True	0	0	1	1	True
Zm00001eb094460	chr2	-	False	True	5	1	21	27	True
Zm00001eb094480	chr2	+	False	True	5	0	36	41	True
Zm00001eb094520	chr2	+	False	True	1	1	2	4	True
Zm00001eb094540	chr2	+	False	True	5	0	1	6	True
Zm00001eb094550	chr2	-	False	True	0	0	1	1	True
Zm00001eb094570	chr2	-	False	True	1	0	0	1	True
Zm00001eb094870	chr2	-	False	True	0	0	1	1	True
Zm00001eb095020	chr2	-	False	True	0	0	0	0	False
Zm00001eb095030	chr2	+	True	False	14	2	39	55	True
Zm00001eb095070	chr2	-	False	True	4	0	11	15	True
Zm00001eb095190	chr2	-	False	True	0	2	4	6	True
Zm00001eb095230	chr2	-	False	True	1	2	10	13	True
Zm00001eb095260	chr2	-	False	True	6	0	26	32	True
Zm00001eb095270	chr2	-	False	True	1	0	8	9	True
Zm00001eb095290	chr2	-	False	True	1	1	1	3	True
Zm00001eb095330	chr2	+	False	True	2	0	3	5	True
Zm00001eb095350	chr2	+	False	True	0	0	0	0	False
Zm00001eb095550	chr2	-	False	True	4	0	13	17	True
Zm00001eb095560	chr2	+	False	True	1	1	3	5	True
Zm00001eb095630	chr2	-	False	True	8	1	14	23	True
Zm00001eb095690	chr2	+	False	True	0	1	1	2	True
Zm00001eb095750	chr2	-	False	True	1	1	24	26	True
Zm00001eb095770	chr2	+	False	True	3	0	5	8	True
Zm00001eb095840	chr2	+	False	True	2	1	5	8	True
Zm00001eb095880	chr2	-	False	True	5	1	23	29	True
Zm00001eb095890	chr2	-	False	True	5	0	11	16	True
Zm00001eb095900	chr2	+	False	True	8	0	12	20	True
Zm00001eb095920	chr2	+	False	True	7	2	39	48	True
Zm00001eb095930	chr2	-	False	True	4	2	9	15	True
Zm00001eb095960	chr2	-	False	True	3	0	5	8	True
Zm00001eb095980	chr2	-	False	True	3	1	16	20	True
Zm00001eb096070	chr2	-	False	True	0	0	0	0	False
Zm00001eb096260	chr2	+	False	True	0	0	1	1	True
Zm00001eb096500	chr2	-	False	True	14	1	68	83	True
Zm00001eb096510	chr2	+	False	True	13	1	40	54	True
Zm00001eb096520	chr2	+	False	True	8	0	20	28	True
Zm00001eb096530	chr2	-	False	True	2	1	33	36	True
Zm00001eb096580	chr2	+	False	True	0	1	1	2	True
Zm00001eb096610	chr2	-	False	True	0	0	0	0	False
Zm00001eb096680	chr2	+	False	True	3	0	5	8	True
Zm00001eb096690	chr2	+	False	True	0	0	1	1	True
Zm00001eb096750	chr2	+	False	True	4	2	15	21	True
Zm00001eb096860	chr2	-	False	True	1	0	3	4	True
Zm00001eb096890	chr2	+	False	True	0	0	2	2	True
Zm00001eb096900	chr2	+	False	True	6	1	13	20	True
Zm00001eb096920	chr2	-	False	True	1	1	1	3	True
Zm00001eb096940	chr2	-	False	True	0	0	0	0	False
Zm00001eb096970	chr2	+	False	True	7	0	8	15	True
Zm00001eb096980	chr2	-	False	True	0	1	1	2	True
Zm00001eb096990	chr2	-	False	True	2	2	3	7	True
Zm00001eb097000	chr2	-	False	True	4	0	12	16	True
Zm00001eb097030	chr2	+	False	True	2	1	22	25	True
Zm00001eb097080	chr2	-	False	True	6	0	29	35	True
Zm00001eb097100	chr2	+	False	True	6	0	37	43	True
Zm00001eb097150	chr2	+	False	True	0	0	0	0	False
Zm00001eb097180	chr2	-	False	True	0	3	20	23	True
Zm00001eb097200	chr2	+	False	True	3	0	34	37	True
Zm00001eb097220	chr2	-	False	True	2	0	0	2	True
Zm00001eb097290	chr2	+	False	True	3	1	8	12	True
Zm00001eb097300	chr2	+	False	True	6	0	11	17	True
Zm00001eb097310	chr2	+	False	True	0	2	14	16	True
Zm00001eb097330	chr2	+	False	True	5	0	17	22	True
Zm00001eb097360	chr2	-	False	True	1	2	2	5	True
Zm00001eb097390	chr2	-	False	True	3	3	14	20	True
Zm00001eb097400	chr2	-	False	True	2	1	10	13	True
Zm00001eb097480	chr2	-	False	True	9	2	53	64	True
Zm00001eb097540	chr2	+	False	True	7	1	16	24	True
Zm00001eb097650	chr2	+	False	True	0	0	0	0	False
Zm00001eb097690	chr2	-	False	True	0	0	2	2	True
Zm00001eb097730	chr2	-	False	True	4	1	9	14	True
Zm00001eb097740	chr2	+	False	True	0	0	5	5	True
Zm00001eb097750	chr2	+	False	True	0	0	0	0	False
Zm00001eb097790	chr2	-	False	True	7	2	22	31	True
Zm00001eb097830	chr2	+	False	True	6	0	17	23	True
Zm00001eb097890	chr2	-	False	True	0	1	14	15	True
Zm00001eb097930	chr2	-	False	True	5	1	4	10	True
Zm00001eb097940	chr2	-	False	True	14	2	27	43	True
Zm00001eb097990	chr2	-	False	True	6	0	24	30	True
Zm00001eb098030	chr2	+	False	True	1	1	3	5	True
Zm00001eb098070	chr2	+	False	True	2	1	7	10	True
Zm00001eb098220	chr2	+	False	True	0	1	4	5	True
Zm00001eb098230	chr2	-	False	True	0	0	1	1	True
Zm00001eb098330	chr2	+	False	True	1	0	1	2	True
Zm00001eb098340	chr2	+	False	True	0	0	0	0	False
Zm00001eb098370	chr2	+	False	True	0	0	3	3	True
Zm00001eb098380	chr2	+	False	True	5	1	6	12	True
Zm00001eb098520	chr2	+	False	True	9	0	29	38	True
Zm00001eb098540	chr2	+	False	True	3	0	8	11	True
Zm00001eb098580	chr2	+	False	True	0	0	6	6	True
Zm00001eb098590	chr2	+	False	True	7	0	41	48	True
Zm00001eb098610	chr2	+	False	True	4	0	11	15	True
Zm00001eb098640	chr2	+	False	True	9	0	17	26	True
Zm00001eb098680	chr2	-	False	True	2	1	39	42	True
Zm00001eb098770	chr2	-	False	True	1	0	0	1	True
Zm00001eb098850	chr2	-	False	True	15	0	77	92	True
Zm00001eb098860	chr2	-	False	True	10	0	11	21	True
Zm00001eb098880	chr2	+	False	True	8	1	28	37	True
Zm00001eb098910	chr2	-	False	True	5	1	15	21	True
Zm00001eb098960	chr2	-	True	False	6	0	29	35	True
Zm00001eb098970	chr2	-	False	True	0	0	0	0	False
Zm00001eb098980	chr2	-	False	True	11	1	29	41	True
Zm00001eb098990	chr2	-	False	True	8	2	46	56	True
Zm00001eb100550	chr2	+	False	True	1	0	8	9	True
Zm00001eb100600	chr2	+	False	True	10	0	29	39	True
Zm00001eb100610	chr2	-	False	True	1	2	3	6	True
Zm00001eb100620	chr2	-	False	True	7	2	45	54	True
Zm00001eb100770	chr2	+	False	True	18	0	18	36	True
Zm00001eb100780	chr2	-	False	True	3	0	3	6	True
Zm00001eb100820	chr2	+	False	True	1	1	4	6	True
Zm00001eb100830	chr2	+	False	True	0	0	0	0	False
Zm00001eb100840	chr2	+	False	True	1	0	5	6	True
Zm00001eb100890	chr2	+	False	True	3	0	31	34	True
Zm00001eb100900	chr2	+	False	True	9	1	26	36	True
Zm00001eb100980	chr2	+	False	True	0	1	11	12	True
Zm00001eb101050	chr2	-	True	False	1	1	2	4	True
Zm00001eb101080	chr2	+	False	True	7	0	44	51	True
Zm00001eb101090	chr2	-	False	True	2	0	37	39	True
Zm00001eb101100	chr2	-	False	True	3	0	37	40	True
Zm00001eb101130	chr2	-	False	True	7	0	7	14	True
Zm00001eb101150	chr2	-	False	True	7	3	26	36	True
Zm00001eb101170	chr2	-	False	True	3	0	23	26	True
Zm00001eb101180	chr2	-	False	True	6	2	15	23	True
Zm00001eb101220	chr2	+	False	True	8	0	13	21	True
Zm00001eb101230	chr2	+	False	True	6	1	20	27	True
Zm00001eb101270	chr2	+	False	True	0	0	1	1	True
Zm00001eb101280	chr2	+	False	True	9	0	9	18	True
Zm00001eb101320	chr2	-	False	True	1	0	1	2	True
Zm00001eb101470	chr2	-	False	True	1	0	12	13	True
Zm00001eb101500	chr2	-	False	True	6	1	25	32	True
Zm00001eb101520	chr2	+	False	True	1	0	0	1	True
Zm00001eb101640	chr2	+	False	True	10	0	11	21	True
Zm00001eb101670	chr2	-	False	True	9	1	22	32	True
Zm00001eb101680	chr2	-	False	True	4	1	28	33	True
Zm00001eb101700	chr2	-	False	True	12	0	15	27	True
Zm00001eb101710	chr2	-	False	True	0	0	1	1	True
Zm00001eb101750	chr2	+	False	True	0	0	0	0	False
Zm00001eb101780	chr2	-	False	True	4	0	44	48	True
Zm00001eb101820	chr2	+	False	True	4	1	12	17	True
Zm00001eb101840	chr2	+	False	True	8	0	8	16	True
Zm00001eb101940	chr2	+	False	True	1	1	1	3	True
Zm00001eb101950	chr2	-	False	True	3	1	15	19	True
Zm00001eb101980	chr2	-	False	True	12	1	30	43	True
Zm00001eb101990	chr2	-	False	True	5	0	27	32	True
Zm00001eb102000	chr2	-	False	True	10	1	33	44	True
Zm00001eb102050	chr2	+	False	True	3	1	19	23	True
Zm00001eb102090	chr2	-	False	True	1	0	1	2	True
Zm00001eb102140	chr2	-	False	True	0	0	1	1	True
Zm00001eb102180	chr2	+	False	True	2	0	19	21	True
Zm00001eb102200	chr2	-	False	True	1	3	8	12	True
Zm00001eb102210	chr2	-	False	True	3	0	9	12	True
Zm00001eb102220	chr2	+	False	True	5	0	7	12	True
Zm00001eb102230	chr2	-	False	True	0	0	6	6	True
Zm00001eb102240	chr2	+	False	True	2	0	6	8	True
Zm00001eb102250	chr2	+	False	True	3	0	19	22	True
Zm00001eb102260	chr2	-	False	True	5	0	41	46	True
Zm00001eb102290	chr2	+	False	True	9	1	20	30	True
Zm00001eb102300	chr2	-	False	True	2	0	18	20	True
Zm00001eb102310	chr2	+	False	True	9	0	20	29	True
Zm00001eb102350	chr2	-	False	True	11	1	38	50	True
Zm00001eb102360	chr2	-	False	True	7	0	35	42	True
Zm00001eb102460	chr2	+	False	True	5	0	6	11	True
Zm00001eb102480	chr2	+	False	True	1	0	1	2	True
Zm00001eb102490	chr2	-	False	True	4	0	19	23	True
Zm00001eb102500	chr2	-	False	True	7	1	22	30	True
Zm00001eb102520	chr2	-	False	True	5	0	12	17	True
Zm00001eb102530	chr2	+	False	True	4	0	5	9	True
Zm00001eb102540	chr2	+	False	True	1	0	3	4	True
Zm00001eb102740	chr2	+	False	True	2	1	11	14	True
Zm00001eb102760	chr2	-	False	True	5	0	22	27	True
Zm00001eb102770	chr2	+	False	True	7	0	30	37	True
Zm00001eb102780	chr2	-	False	True	6	1	23	30	True
Zm00001eb102790	chr2	-	False	True	3	3	13	19	True
Zm00001eb102800	chr2	-	False	True	16	1	10	27	True
Zm00001eb102830	chr2	-	False	True	2	1	7	10	True
Zm00001eb102850	chr2	-	False	True	1	0	2	3	True
Zm00001eb102880	chr2	+	False	True	2	0	18	20	True
Zm00001eb102920	chr2	+	False	True	0	0	0	0	False
Zm00001eb102930	chr2	+	False	True	6	0	17	23	True
Zm00001eb102970	chr2	+	False	True	5	0	11	16	True
Zm00001eb103010	chr2	-	False	True	9	0	9	18	True
Zm00001eb103020	chr2	-	False	True	0	0	0	0	False
Zm00001eb103030	chr2	+	False	True	0	0	0	0	False
Zm00001eb103070	chr2	+	False	True	3	0	19	22	True
Zm00001eb103080	chr2	-	False	True	9	0	43	52	True
Zm00001eb103090	chr2	+	False	True	5	0	14	19	True
Zm00001eb103340	chr2	-	False	True	2	1	21	24	True
Zm00001eb103400	chr2	+	False	True	0	0	0	0	False
Zm00001eb103480	chr2	-	False	True	6	2	11	19	True
Zm00001eb103490	chr2	-	False	True	3	1	9	13	True
Zm00001eb103500	chr2	-	False	True	2	0	16	18	True
Zm00001eb103510	chr2	-	False	True	9	1	16	26	True
Zm00001eb103540	chr2	-	False	True	10	1	13	24	True
Zm00001eb103560	chr2	+	False	True	0	0	8	8	True
Zm00001eb103570	chr2	+	False	True	1	0	2	3	True
Zm00001eb103720	chr2	+	False	True	0	0	3	3	True
Zm00001eb103760	chr2	-	False	True	3	0	7	10	True
Zm00001eb103800	chr2	-	False	True	1	0	6	7	True
Zm00001eb103820	chr2	-	False	True	1	0	6	7	True
Zm00001eb103890	chr2	-	False	True	0	0	12	12	True
Zm00001eb103900	chr2	-	False	True	0	3	6	9	True
Zm00001eb103980	chr2	+	False	True	4	1	13	18	True
Zm00001eb104040	chr2	+	False	True	2	0	13	15	True
Zm00001eb104060	chr2	-	False	True	4	1	8	13	True
Zm00001eb104070	chr2	-	False	True	2	1	9	12	True
Zm00001eb104090	chr2	-	False	True	0	0	15	15	True
Zm00001eb104100	chr2	+	False	True	6	0	27	33	True
Zm00001eb104220	chr2	+	False	True	2	1	22	25	True
Zm00001eb104260	chr2	+	False	True	1	0	5	6	True
Zm00001eb104270	chr2	-	False	True	1	3	7	11	True
Zm00001eb104280	chr2	-	False	True	1	0	1	2	True
Zm00001eb104290	chr2	+	False	True	6	0	19	25	True
Zm00001eb104410	chr2	-	False	True	2	0	0	2	True
Zm00001eb104420	chr2	+	False	True	0	0	0	0	False
Zm00001eb104430	chr2	-	False	True	0	0	4	4	True
Zm00001eb104480	chr2	-	False	True	0	0	0	0	False
Zm00001eb104530	chr2	-	False	True	0	0	1	1	True
Zm00001eb104560	chr2	-	False	True	3	1	4	8	True
Zm00001eb104590	chr2	+	False	True	2	0	0	2	True
Zm00001eb104610	chr2	+	False	True	12	2	17	31	True
Zm00001eb104630	chr2	+	False	True	1	0	4	5	True
Zm00001eb104640	chr2	+	False	True	12	0	17	29	True
Zm00001eb104660	chr2	+	False	True	6	0	16	22	True
Zm00001eb104670	chr2	+	False	True	4	0	27	31	True
Zm00001eb104680	chr2	-	False	True	3	1	9	13	True
Zm00001eb104690	chr2	-	False	True	12	1	28	41	True
Zm00001eb104710	chr2	+	False	True	8	1	12	21	True
Zm00001eb104730	chr2	+	False	True	0	1	3	4	True
Zm00001eb104750	chr2	-	False	True	6	0	28	34	True
Zm00001eb104760	chr2	-	False	True	1	0	2	3	True
Zm00001eb104780	chr2	+	False	True	8	1	46	55	True
Zm00001eb104790	chr2	-	False	True	1	0	24	25	True
Zm00001eb104810	chr2	+	False	True	2	0	4	6	True
Zm00001eb104840	chr2	-	False	True	9	0	32	41	True
Zm00001eb104850	chr2	-	False	True	3	1	13	17	True
Zm00001eb104860	chr2	+	False	True	4	2	28	34	True
Zm00001eb104880	chr2	-	False	True	5	1	10	16	True
Zm00001eb104980	chr2	-	False	True	6	0	20	26	True
Zm00001eb104990	chr2	+	False	True	4	0	31	35	True
Zm00001eb105000	chr2	-	False	True	5	1	12	18	True
Zm00001eb105020	chr2	-	False	True	4	0	6	10	True
Zm00001eb105030	chr2	+	False	True	0	0	1	1	True
Zm00001eb105060	chr2	-	False	True	10	3	18	31	True
Zm00001eb105070	chr2	+	False	True	0	0	3	3	True
Zm00001eb105090	chr2	-	False	True	2	0	11	13	True
Zm00001eb105120	chr2	+	False	True	1	0	4	5	True
Zm00001eb105130	chr2	+	False	True	3	0	14	17	True
Zm00001eb105230	chr2	-	False	True	0	1	7	8	True
Zm00001eb105300	chr2	-	False	True	6	1	12	19	True
Zm00001eb105310	chr2	-	False	True	0	0	0	0	False
Zm00001eb105340	chr2	+	False	True	0	0	0	0	False
Zm00001eb105360	chr2	-	False	True	15	2	17	34	True
Zm00001eb105420	chr2	-	False	True	0	0	0	0	False
Zm00001eb105480	chr2	+	False	True	0	0	0	0	False
Zm00001eb105490	chr2	-	False	True	1	0	1	2	True
Zm00001eb105510	chr2	+	False	True	0	0	3	3	True
Zm00001eb105550	chr2	+	False	True	0	0	1	1	True
Zm00001eb105560	chr2	-	False	True	2	1	6	9	True
Zm00001eb105580	chr2	-	False	True	1	0	19	20	True
Zm00001eb105590	chr2	+	False	True	7	0	15	22	True
Zm00001eb105730	chr2	-	False	True	1	1	9	11	True
Zm00001eb105740	chr2	+	False	True	5	1	24	30	True
Zm00001eb105750	chr2	-	False	True	5	1	6	12	True
Zm00001eb105770	chr2	+	False	True	8	0	9	17	True
Zm00001eb105800	chr2	-	False	True	1	0	0	1	True
Zm00001eb105810	chr2	+	False	True	1	0	0	1	True
Zm00001eb105830	chr2	+	False	True	6	0	14	20	True
Zm00001eb105850	chr2	-	False	True	6	1	11	18	True
Zm00001eb105880	chr2	+	False	True	4	1	8	13	True
Zm00001eb105890	chr2	-	False	True	2	0	15	17	True
Zm00001eb105900	chr2	-	False	True	1	0	1	2	True
Zm00001eb105910	chr2	+	False	True	1	0	0	1	True
Zm00001eb105970	chr2	-	False	True	6	1	8	15	True
Zm00001eb106020	chr2	+	False	True	0	0	0	0	False
Zm00001eb106050	chr2	-	False	True	4	0	12	16	True
Zm00001eb106060	chr2	+	False	True	4	0	11	15	True
Zm00001eb106080	chr2	+	False	True	0	0	5	5	True
Zm00001eb106100	chr2	-	False	True	1	0	3	4	True
Zm00001eb106120	chr2	-	False	True	7	1	6	14	True
Zm00001eb106130	chr2	+	False	True	7	1	11	19	True
Zm00001eb106140	chr2	+	False	True	5	0	6	11	True
Zm00001eb106240	chr2	+	False	True	0	0	0	0	False
Zm00001eb106250	chr2	-	False	True	8	2	13	23	True
Zm00001eb106360	chr2	+	False	True	3	0	14	17	True
Zm00001eb106370	chr2	+	False	True	10	0	23	33	True
Zm00001eb106420	chr2	+	False	True	1	0	0	1	True
Zm00001eb106430	chr2	+	False	True	6	0	24	30	True
Zm00001eb106440	chr2	-	False	True	4	1	13	18	True
Zm00001eb106450	chr2	+	False	True	8	1	40	49	True
Zm00001eb106460	chr2	+	False	True	10	0	25	35	True
Zm00001eb106490	chr2	+	False	True	3	0	13	16	True
Zm00001eb106500	chr2	+	False	True	3	0	27	30	True
Zm00001eb106510	chr2	+	False	True	4	2	1	7	True
Zm00001eb106580	chr2	+	False	True	0	0	1	1	True
Zm00001eb106590	chr2	-	False	True	0	1	6	7	True
Zm00001eb106630	chr2	+	False	True	7	1	26	34	True
Zm00001eb106640	chr2	+	False	True	4	1	14	19	True
Zm00001eb106660	chr2	-	False	True	9	1	5	15	True
Zm00001eb106740	chr2	+	False	True	0	0	4	4	True
Zm00001eb106770	chr2	-	False	True	4	0	10	14	True
Zm00001eb106830	chr2	-	False	True	5	1	16	22	True
Zm00001eb106890	chr2	-	False	True	8	1	35	44	True
Zm00001eb106900	chr2	+	False	True	7	0	28	35	True
Zm00001eb106910	chr2	+	False	True	4	0	22	26	True
Zm00001eb106920	chr2	+	False	True	4	0	12	16	True
Zm00001eb106940	chr2	+	False	True	4	0	16	20	True
Zm00001eb106950	chr2	-	False	True	9	0	38	47	True
Zm00001eb107040	chr2	+	False	True	0	0	1	1	True
Zm00001eb107080	chr2	+	False	True	2	1	9	12	True
Zm00001eb107130	chr2	-	False	True	5	0	7	12	True
Zm00001eb107170	chr2	+	False	True	3	0	18	21	True
Zm00001eb107180	chr2	-	False	True	7	0	16	23	True
Zm00001eb107190	chr2	-	False	True	1	0	11	12	True
Zm00001eb107210	chr2	-	True	False	6	0	17	23	True
Zm00001eb107220	chr2	+	False	True	7	0	18	25	True
Zm00001eb107230	chr2	-	False	True	7	1	18	26	True
Zm00001eb107250	chr2	-	False	True	1	0	3	4	True
Zm00001eb107270	chr2	-	False	True	3	2	14	19	True
Zm00001eb107280	chr2	+	False	True	19	1	98	118	True
Zm00001eb107290	chr2	-	False	True	1	1	1	3	True
Zm00001eb107360	chr2	+	False	True	1	0	1	2	True
Zm00001eb107480	chr2	+	False	True	4	0	10	14	True
Zm00001eb107490	chr2	+	False	True	3	0	21	24	True
Zm00001eb107520	chr2	+	False	True	6	0	26	32	True
Zm00001eb107540	chr2	+	False	True	9	1	26	36	True
Zm00001eb107560	chr2	+	False	True	9	0	24	33	True
Zm00001eb107590	chr2	+	False	True	2	0	13	15	True
Zm00001eb107640	chr2	+	False	True	9	2	49	60	True
Zm00001eb107660	chr2	+	False	True	5	0	10	15	True
Zm00001eb107750	chr2	-	False	True	0	0	3	3	True
Zm00001eb107760	chr2	-	False	True	12	0	26	38	True
Zm00001eb107810	chr2	+	False	True	2	0	6	8	True
Zm00001eb107870	chr2	-	False	True	2	1	10	13	True
Zm00001eb107890	chr2	-	False	True	10	1	34	45	True
Zm00001eb107900	chr2	+	False	True	8	1	28	37	True
Zm00001eb107910	chr2	+	False	True	16	1	21	38	True
Zm00001eb107920	chr2	-	False	True	1	0	0	1	True
Zm00001eb107930	chr2	+	False	True	0	0	0	0	False
Zm00001eb107940	chr2	+	False	True	11	0	22	33	True
Zm00001eb108030	chr2	-	False	True	0	1	16	17	True
Zm00001eb108060	chr2	+	False	True	2	0	8	10	True
Zm00001eb108120	chr2	-	False	True	2	0	3	5	True
Zm00001eb108170	chr2	+	False	True	4	0	22	26	True
Zm00001eb108220	chr2	-	False	True	3	0	18	21	True
Zm00001eb108230	chr2	+	False	True	1	0	7	8	True
Zm00001eb108240	chr2	+	False	True	17	1	41	59	True
Zm00001eb108360	chr2	+	False	True	0	0	0	0	False
Zm00001eb108390	chr2	-	False	True	4	1	23	28	True
Zm00001eb108400	chr2	-	False	True	8	2	7	17	True
Zm00001eb108410	chr2	-	False	True	11	1	29	41	True
Zm00001eb108420	chr2	+	False	True	5	1	14	20	True
Zm00001eb108430	chr2	-	False	True	0	0	4	4	True
Zm00001eb108470	chr2	+	False	True	1	2	7	10	True
Zm00001eb108490	chr2	+	False	True	5	1	32	38	True
Zm00001eb108570	chr2	+	True	False	6	2	36	44	True
Zm00001eb108600	chr2	+	False	True	4	0	11	15	True
Zm00001eb108610	chr2	-	False	True	9	0	22	31	True
Zm00001eb108620	chr2	+	False	True	0	1	0	1	True
Zm00001eb108650	chr2	+	False	True	3	0	28	31	True
Zm00001eb108660	chr2	+	False	True	5	1	10	16	True
Zm00001eb108680	chr2	-	False	True	6	0	23	29	True
Zm00001eb108690	chr2	-	False	True	7	1	40	48	True
Zm00001eb108760	chr2	+	False	True	0	0	0	0	False
Zm00001eb108780	chr2	-	False	True	9	1	18	28	True
Zm00001eb108910	chr2	+	False	True	6	1	12	19	True
Zm00001eb108920	chr2	+	False	True	3	1	3	7	True
Zm00001eb108930	chr2	-	False	True	8	0	5	13	True
Zm00001eb108940	chr2	+	False	True	3	0	8	11	True
Zm00001eb108950	chr2	-	False	True	0	0	10	10	True
Zm00001eb109030	chr2	-	False	True	2	0	15	17	True
Zm00001eb109040	chr2	+	False	True	2	1	9	12	True
Zm00001eb109110	chr2	+	False	True	8	0	30	38	True
Zm00001eb109130	chr2	+	False	True	1	1	8	10	True
Zm00001eb109190	chr2	+	False	True	6	1	11	18	True
Zm00001eb109270	chr2	+	False	True	5	1	18	24	True
Zm00001eb109290	chr2	-	False	True	2	0	18	20	True
Zm00001eb109300	chr2	+	False	True	4	0	1	5	True
Zm00001eb109330	chr2	-	False	True	0	0	1	1	True
Zm00001eb109360	chr2	+	False	True	9	2	7	18	True
Zm00001eb109490	chr2	-	False	True	17	1	58	76	True
Zm00001eb109500	chr2	-	False	True	4	2	12	18	True
Zm00001eb109510	chr2	+	True	False	1	1	16	18	True
Zm00001eb109520	chr2	+	False	True	5	0	9	14	True
Zm00001eb109590	chr2	-	False	True	0	0	3	3	True
Zm00001eb109600	chr2	-	False	True	0	0	3	3	True
Zm00001eb109620	chr2	-	False	True	1	0	0	1	True
Zm00001eb109640	chr2	-	False	True	6	1	35	42	True
Zm00001eb109660	chr2	-	False	True	6	1	9	16	True
Zm00001eb109670	chr2	+	False	True	6	1	3	10	True
Zm00001eb109680	chr2	+	False	True	0	0	6	6	True
Zm00001eb109690	chr2	-	False	True	5	2	2	9	True
Zm00001eb109710	chr2	-	False	True	3	0	13	16	True
Zm00001eb109770	chr2	+	False	True	0	0	11	11	True
Zm00001eb109780	chr2	-	False	True	10	0	22	32	True
Zm00001eb109790	chr2	-	False	True	4	1	19	24	True
Zm00001eb109800	chr2	+	False	True	10	0	30	40	True
Zm00001eb109830	chr2	-	False	True	2	2	9	13	True
Zm00001eb109870	chr2	-	False	True	13	1	63	77	True
Zm00001eb109880	chr2	+	False	True	6	1	32	39	True
Zm00001eb109890	chr2	+	False	True	6	1	22	29	True
Zm00001eb110000	chr2	-	False	True	8	0	20	28	True
Zm00001eb110020	chr2	-	False	True	5	1	4	10	True
Zm00001eb110030	chr2	-	False	True	5	0	24	29	True
Zm00001eb110070	chr2	-	False	True	0	0	1	1	True
Zm00001eb110080	chr2	-	False	True	14	1	47	62	True
Zm00001eb110100	chr2	-	False	True	1	0	3	4	True
Zm00001eb110240	chr2	-	False	True	6	2	12	20	True
Zm00001eb110250	chr2	-	False	True	0	0	8	8	True
Zm00001eb110270	chr2	+	False	True	4	0	16	20	True
Zm00001eb110280	chr2	-	False	True	1	3	8	12	True
Zm00001eb110300	chr2	+	False	True	0	1	2	3	True
Zm00001eb110320	chr2	-	False	True	8	1	42	51	True
Zm00001eb110330	chr2	-	False	True	1	1	2	4	True
Zm00001eb110340	chr2	+	False	True	8	1	15	24	True
Zm00001eb110350	chr2	+	False	True	2	0	27	29	True
Zm00001eb110370	chr2	+	False	True	0	0	8	8	True
Zm00001eb110380	chr2	-	False	True	0	0	0	0	False
Zm00001eb110460	chr2	+	False	True	4	0	20	24	True
Zm00001eb110510	chr2	+	False	True	3	0	15	18	True
Zm00001eb110520	chr2	+	False	True	4	0	9	13	True
Zm00001eb110560	chr2	+	False	True	1	0	1	2	True
Zm00001eb110580	chr2	-	False	True	4	0	20	24	True
Zm00001eb110590	chr2	-	False	True	3	0	7	10	True
Zm00001eb110600	chr2	-	False	True	0	1	4	5	True
Zm00001eb110610	chr2	-	False	True	3	1	17	21	True
Zm00001eb110620	chr2	-	False	True	10	1	52	63	True
Zm00001eb110630	chr2	+	False	True	13	0	45	58	True
Zm00001eb110640	chr2	-	False	True	7	0	24	31	True
Zm00001eb110650	chr2	+	False	True	0	0	3	3	True
Zm00001eb110660	chr2	+	False	True	2	0	15	17	True
Zm00001eb110680	chr2	+	False	True	12	0	50	62	True
Zm00001eb110710	chr2	-	False	True	6	2	21	29	True
Zm00001eb110720	chr2	+	False	True	6	0	19	25	True
Zm00001eb110770	chr2	-	False	True	0	0	7	7	True
Zm00001eb110780	chr2	-	False	True	6	1	24	31	True
Zm00001eb110810	chr2	+	False	True	6	1	10	17	True
Zm00001eb110820	chr2	+	False	True	6	1	24	31	True
Zm00001eb110840	chr2	-	False	True	1	0	14	15	True
Zm00001eb110870	chr2	+	True	False	1	0	5	6	True
Zm00001eb110910	chr2	-	False	True	8	2	17	27	True
Zm00001eb110980	chr2	-	False	True	2	0	36	38	True
Zm00001eb111100	chr2	+	False	True	12	4	28	44	True
Zm00001eb111180	chr2	+	False	True	4	2	11	17	True
Zm00001eb111250	chr2	+	False	True	0	0	2	2	True
Zm00001eb111280	chr2	+	False	True	6	1	14	21	True
Zm00001eb111290	chr2	-	False	True	9	1	30	40	True
Zm00001eb111300	chr2	-	False	True	3	1	14	18	True
Zm00001eb111330	chr2	+	False	True	2	1	9	12	True
Zm00001eb111340	chr2	+	False	True	9	0	34	43	True
Zm00001eb111350	chr2	+	False	True	6	0	23	29	True
Zm00001eb111360	chr2	+	False	True	0	0	9	9	True
Zm00001eb111610	chr2	+	False	True	4	0	5	9	True
Zm00001eb111620	chr2	+	False	True	5	1	15	21	True
Zm00001eb111630	chr2	+	False	True	2	0	9	11	True
Zm00001eb111650	chr2	-	False	True	8	0	13	21	True
Zm00001eb111660	chr2	+	False	True	2	0	8	10	True
Zm00001eb111670	chr2	+	False	True	15	1	20	36	True
Zm00001eb111720	chr2	+	False	True	1	0	5	6	True
Zm00001eb111730	chr2	+	False	True	2	0	5	7	True
Zm00001eb111740	chr2	+	False	True	3	0	8	11	True
Zm00001eb111760	chr2	-	False	True	5	3	16	24	True
Zm00001eb111800	chr2	+	False	True	0	0	3	3	True
Zm00001eb111860	chr2	+	False	True	0	1	3	4	True
Zm00001eb111890	chr2	+	False	True	0	0	1	1	True
Zm00001eb111980	chr2	+	False	True	1	0	1	2	True
Zm00001eb111990	chr2	-	False	True	5	1	5	11	True
Zm00001eb112020	chr2	+	False	True	7	1	30	38	True
Zm00001eb112040	chr2	-	False	True	0	0	0	0	False
Zm00001eb112080	chr2	+	False	True	1	0	8	9	True
Zm00001eb112090	chr2	-	False	True	2	1	6	9	True
Zm00001eb112120	chr2	-	False	True	9	2	18	29	True
Zm00001eb112210	chr2	-	False	True	9	1	13	23	True
Zm00001eb112220	chr2	+	False	True	4	0	23	27	True
Zm00001eb112260	chr2	-	False	True	5	0	10	15	True
Zm00001eb112310	chr2	-	False	True	9	0	33	42	True
Zm00001eb112340	chr2	-	False	True	5	1	16	22	True
Zm00001eb112360	chr2	-	False	True	4	0	7	11	True
Zm00001eb112400	chr2	+	False	True	5	0	24	29	True
Zm00001eb112480	chr2	-	False	True	1	1	7	9	True
Zm00001eb112550	chr2	-	False	True	3	2	19	24	True
Zm00001eb112560	chr2	+	False	True	0	0	0	0	False
Zm00001eb112570	chr2	-	False	True	1	0	4	5	True
Zm00001eb112580	chr2	+	False	True	4	0	0	4	True
Zm00001eb112630	chr2	+	False	True	1	0	8	9	True
Zm00001eb112660	chr2	+	False	True	4	1	18	23	True
Zm00001eb112690	chr2	+	False	True	7	0	28	35	True
Zm00001eb112740	chr2	+	False	True	2	0	7	9	True
Zm00001eb112750	chr2	+	False	True	6	1	19	26	True
Zm00001eb112760	chr2	+	False	True	1	0	7	8	True
Zm00001eb112900	chr2	+	False	True	7	0	45	52	True
Zm00001eb112930	chr2	+	False	True	21	0	39	60	True
Zm00001eb112950	chr2	+	False	True	1	0	0	1	True
Zm00001eb112970	chr2	-	False	True	0	1	3	4	True
Zm00001eb113010	chr2	+	False	True	5	0	13	18	True
Zm00001eb113030	chr2	+	False	True	8	1	14	23	True
Zm00001eb113210	chr2	-	False	True	12	0	32	44	True
Zm00001eb113240	chr2	+	False	True	3	0	9	12	True
Zm00001eb113280	chr2	+	False	True	4	0	14	18	True
Zm00001eb113350	chr2	-	False	True	5	1	39	45	True
Zm00001eb113470	chr2	-	False	True	5	1	18	24	True
Zm00001eb113530	chr2	+	False	True	13	2	87	102	True
Zm00001eb113600	chr2	+	False	True	0	1	12	13	True
Zm00001eb113700	chr2	+	False	True	0	0	3	3	True
Zm00001eb113730	chr2	+	False	True	2	0	7	9	True
Zm00001eb113740	chr2	-	False	True	6	1	28	35	True
Zm00001eb113780	chr2	+	False	True	5	0	10	15	True
Zm00001eb113790	chr2	-	False	True	1	1	45	47	True
Zm00001eb113870	chr2	-	False	True	9	1	52	62	True
Zm00001eb113880	chr2	+	False	True	2	0	6	8	True
Zm00001eb114020	chr2	-	False	True	9	0	33	42	True
Zm00001eb114030	chr2	-	False	True	4	1	14	19	True
Zm00001eb114240	chr2	+	False	True	2	0	3	5	True
Zm00001eb114250	chr2	-	False	True	18	1	24	43	True
Zm00001eb114270	chr2	+	False	True	1	1	2	4	True
Zm00001eb114310	chr2	+	False	True	3	0	7	10	True
Zm00001eb114320	chr2	+	False	True	6	0	15	21	True
Zm00001eb114480	chr2	+	False	True	0	0	2	2	True
Zm00001eb114500	chr2	+	False	True	0	0	4	4	True
Zm00001eb114770	chr2	-	False	True	2	1	11	14	True
Zm00001eb114780	chr2	-	False	True	8	1	29	38	True
Zm00001eb114790	chr2	-	False	True	4	1	12	17	True
Zm00001eb114830	chr2	-	False	True	1	0	7	8	True
Zm00001eb114860	chr2	-	True	False	2	0	3	5	True
Zm00001eb114880	chr2	+	False	True	0	0	1	1	True
Zm00001eb114970	chr2	-	False	True	9	1	33	43	True
Zm00001eb115000	chr2	+	False	True	2	0	8	10	True
Zm00001eb115010	chr2	+	False	True	4	1	43	48	True
Zm00001eb115200	chr2	+	False	True	0	0	0	0	False
Zm00001eb115230	chr2	-	False	True	0	0	5	5	True
Zm00001eb115250	chr2	-	False	True	0	0	0	0	False
Zm00001eb115490	chr2	-	False	True	0	0	6	6	True
Zm00001eb115600	chr2	-	False	True	7	1	36	44	True
Zm00001eb115650	chr2	-	False	True	0	0	5	5	True
Zm00001eb115680	chr2	-	False	True	1	0	17	18	True
Zm00001eb115750	chr2	+	True	False	9	2	29	40	True
Zm00001eb115800	chr2	+	False	True	11	1	54	66	True
Zm00001eb115830	chr2	-	False	True	1	1	1	3	True
Zm00001eb115900	chr2	-	False	True	9	0	30	39	True
Zm00001eb115980	chr2	+	False	True	7	0	41	48	True
Zm00001eb115990	chr2	-	True	False	14	4	33	51	True
Zm00001eb116020	chr2	+	False	True	4	0	22	26	True
Zm00001eb116230	chr2	-	False	True	9	1	9	19	True
Zm00001eb116240	chr2	-	False	True	3	0	7	10	True
Zm00001eb116250	chr2	+	False	True	4	0	18	22	True
Zm00001eb116270	chr2	+	False	True	8	0	14	22	True
Zm00001eb116280	chr2	-	False	True	5	0	28	33	True
Zm00001eb116310	chr2	-	False	True	7	2	17	26	True
Zm00001eb116350	chr2	+	False	True	1	0	2	3	True
Zm00001eb116370	chr2	+	False	True	8	0	21	29	True
Zm00001eb116400	chr2	-	False	True	10	3	41	54	True
Zm00001eb116420	chr2	+	False	True	4	1	46	51	True
Zm00001eb116430	chr2	+	False	True	3	0	12	15	True
Zm00001eb116440	chr2	-	False	True	1	0	15	16	True
Zm00001eb116460	chr2	+	False	True	2	0	20	22	True
Zm00001eb116470	chr2	+	False	True	22	2	34	58	True
Zm00001eb116480	chr2	-	False	True	0	0	2	2	True
Zm00001eb116570	chr2	-	False	True	2	1	9	12	True
Zm00001eb116580	chr2	-	False	True	0	0	0	0	False
Zm00001eb116610	chr2	-	False	True	9	0	59	68	True
Zm00001eb116650	chr2	-	False	True	14	1	20	35	True
Zm00001eb116730	chr2	-	False	True	1	0	3	4	True
Zm00001eb116740	chr2	+	False	True	5	0	35	40	True
Zm00001eb116770	chr2	-	False	True	0	0	2	2	True
Zm00001eb116800	chr2	-	False	True	5	0	15	20	True
Zm00001eb116810	chr2	-	False	True	2	0	7	9	True
Zm00001eb116910	chr2	-	False	True	17	1	54	72	True
Zm00001eb116920	chr2	-	False	True	3	0	35	38	True
Zm00001eb116930	chr2	-	False	True	7	1	33	41	True
Zm00001eb116940	chr2	+	False	True	6	1	28	35	True
Zm00001eb116950	chr2	-	False	True	8	2	40	50	True
Zm00001eb116960	chr2	+	True	False	13	1	17	31	True
Zm00001eb117000	chr2	-	False	True	12	2	16	30	True
Zm00001eb117030	chr2	+	False	True	0	0	1	1	True
Zm00001eb117040	chr2	-	False	True	2	0	12	14	True
Zm00001eb117050	chr2	-	False	True	3	1	14	18	True
Zm00001eb117060	chr2	+	False	True	4	1	23	28	True
Zm00001eb117070	chr2	-	False	True	3	0	27	30	True
Zm00001eb117080	chr2	+	False	True	3	0	21	24	True
Zm00001eb117090	chr2	+	False	True	5	2	28	35	True
Zm00001eb117100	chr2	+	False	True	8	0	22	30	True
Zm00001eb117130	chr2	+	False	True	6	3	21	30	True
Zm00001eb117140	chr2	+	False	True	7	0	6	13	True
Zm00001eb117150	chr2	-	False	True	5	1	29	35	True
Zm00001eb117170	chr2	+	False	True	3	1	20	24	True
Zm00001eb117180	chr2	-	False	True	21	0	33	54	True
Zm00001eb117190	chr2	+	False	True	14	0	25	39	True
Zm00001eb117210	chr2	+	False	True	3	0	12	15	True
Zm00001eb117220	chr2	-	False	True	6	1	13	20	True
Zm00001eb117230	chr2	+	False	True	9	0	26	35	True
Zm00001eb117240	chr2	+	False	True	4	1	24	29	True
Zm00001eb117300	chr2	+	False	True	10	0	34	44	True
Zm00001eb117350	chr2	+	False	True	5	0	18	23	True
Zm00001eb117370	chr2	+	False	True	7	0	21	28	True
Zm00001eb117400	chr2	+	False	True	0	0	0	0	False
Zm00001eb117430	chr2	-	False	True	12	1	25	38	True
Zm00001eb117470	chr2	+	False	True	1	0	5	6	True
Zm00001eb117520	chr2	-	False	True	12	2	28	42	True
Zm00001eb117530	chr2	-	False	True	8	1	16	25	True
Zm00001eb117590	chr2	+	False	True	10	0	18	28	True
Zm00001eb117640	chr2	-	True	False	3	0	8	11	True
Zm00001eb117720	chr2	-	False	True	5	2	16	23	True
Zm00001eb117770	chr2	+	False	True	9	1	21	31	True
Zm00001eb117850	chr2	-	False	True	2	1	12	15	True
Zm00001eb117900	chr2	+	False	True	0	0	4	4	True
Zm00001eb117930	chr2	-	False	True	2	3	12	17	True
Zm00001eb118100	chr2	+	False	True	0	0	0	0	False
Zm00001eb118140	chr2	-	False	True	0	0	0	0	False
Zm00001eb118150	chr2	-	False	True	0	0	1	1	True
Zm00001eb118210	chr2	+	False	True	0	0	2	2	True
Zm00001eb118220	chr2	-	False	True	1	2	4	7	True
Zm00001eb118230	chr2	+	False	True	4	2	6	12	True
Zm00001eb118240	chr2	+	False	True	2	0	11	13	True
Zm00001eb118250	chr2	-	False	True	1	0	2	3	True
Zm00001eb118290	chr2	-	False	True	2	2	10	14	True
Zm00001eb118330	chr2	+	False	True	5	2	7	14	True
Zm00001eb118340	chr2	-	False	True	6	0	26	32	True
Zm00001eb118350	chr2	-	False	True	5	0	7	12	True
Zm00001eb118370	chr2	+	False	True	6	0	13	19	True
Zm00001eb118570	chr3	+	False	True	1	0	4	5	True
Zm00001eb118820	chr3	+	False	True	12	1	41	54	True
Zm00001eb118830	chr3	-	False	True	6	1	21	28	True
Zm00001eb118850	chr3	+	False	True	5	1	25	31	True
Zm00001eb118900	chr3	+	False	True	0	0	0	0	False
Zm00001eb118910	chr3	+	False	True	0	0	0	0	False
Zm00001eb118920	chr3	-	False	True	3	0	5	8	True
Zm00001eb118930	chr3	-	False	True	7	1	15	23	True
Zm00001eb118940	chr3	+	False	True	7	1	21	29	True
Zm00001eb118950	chr3	-	False	True	6	2	7	15	True
Zm00001eb118970	chr3	-	False	True	4	0	9	13	True
Zm00001eb118980	chr3	-	False	True	3	1	11	15	True
Zm00001eb118990	chr3	-	False	True	18	0	76	94	True
Zm00001eb119000	chr3	+	False	True	1	0	0	1	True
Zm00001eb119020	chr3	+	False	True	1	0	5	6	True
Zm00001eb119030	chr3	+	False	True	2	2	19	23	True
Zm00001eb119040	chr3	-	False	True	4	0	6	10	True
Zm00001eb119060	chr3	-	False	True	1	0	2	3	True
Zm00001eb119100	chr3	+	False	True	0	0	0	0	False
Zm00001eb119130	chr3	+	False	True	8	0	15	23	True
Zm00001eb119140	chr3	+	False	True	4	0	14	18	True
Zm00001eb119210	chr3	-	False	True	5	1	56	62	True
Zm00001eb119240	chr3	-	False	True	8	2	26	36	True
Zm00001eb119260	chr3	+	False	True	5	0	14	19	True
Zm00001eb119270	chr3	+	False	True	3	0	11	14	True
Zm00001eb119280	chr3	+	False	True	11	0	53	64	True
Zm00001eb119310	chr3	-	False	True	6	1	21	28	True
Zm00001eb119320	chr3	-	False	True	14	2	84	100	True
Zm00001eb119330	chr3	+	False	True	11	1	48	60	True
Zm00001eb119400	chr3	-	False	True	11	0	39	50	True
Zm00001eb119410	chr3	-	False	True	9	1	25	35	True
Zm00001eb119430	chr3	-	False	True	4	0	2	6	True
Zm00001eb119450	chr3	-	False	True	0	0	1	1	True
Zm00001eb119480	chr3	-	False	True	5	1	11	17	True
Zm00001eb119510	chr3	-	False	True	0	0	7	7	True
Zm00001eb119530	chr3	-	False	True	4	0	36	40	True
Zm00001eb119610	chr3	+	False	True	8	1	14	23	True
Zm00001eb119630	chr3	+	False	True	3	1	18	22	True
Zm00001eb119650	chr3	+	False	True	0	0	0	0	False
Zm00001eb119660	chr3	-	False	True	10	1	21	32	True
Zm00001eb119670	chr3	-	False	True	11	2	8	21	True
Zm00001eb119690	chr3	-	False	True	7	0	14	21	True
Zm00001eb119710	chr3	+	False	True	5	1	15	21	True
Zm00001eb119820	chr3	-	False	True	5	0	21	26	True
Zm00001eb119830	chr3	+	False	True	0	0	10	10	True
Zm00001eb119840	chr3	+	False	True	2	0	18	20	True
Zm00001eb119900	chr3	-	False	True	4	1	12	17	True
Zm00001eb119910	chr3	-	False	True	4	1	2	7	True
Zm00001eb119920	chr3	-	False	True	12	1	22	35	True
Zm00001eb119930	chr3	-	False	True	9	1	25	35	True
Zm00001eb119940	chr3	+	True	False	12	0	17	29	True
Zm00001eb119970	chr3	-	False	True	13	1	30	44	True
Zm00001eb119980	chr3	-	False	True	7	0	22	29	True
Zm00001eb119990	chr3	+	False	True	7	0	27	34	True
Zm00001eb120030	chr3	+	False	True	6	0	20	26	True
Zm00001eb120100	chr3	-	False	True	11	0	27	38	True
Zm00001eb120110	chr3	-	False	True	4	1	11	16	True
Zm00001eb120190	chr3	+	False	True	1	0	16	17	True
Zm00001eb120200	chr3	+	False	True	10	1	32	43	True
Zm00001eb120240	chr3	+	False	True	4	0	17	21	True
Zm00001eb120350	chr3	+	False	True	1	0	1	2	True
Zm00001eb120370	chr3	+	False	True	1	0	2	3	True
Zm00001eb120380	chr3	-	False	True	10	1	39	50	True
Zm00001eb120390	chr3	-	False	True	14	2	43	59	True
Zm00001eb120410	chr3	-	False	True	9	0	19	28	True
Zm00001eb120460	chr3	+	False	True	6	0	68	74	True
Zm00001eb120470	chr3	-	False	True	13	1	39	53	True
Zm00001eb120570	chr3	+	False	True	12	1	51	64	True
Zm00001eb120600	chr3	+	False	True	4	0	27	31	True
Zm00001eb120610	chr3	+	False	True	1	0	1	2	True
Zm00001eb120630	chr3	-	False	True	4	0	3	7	True
Zm00001eb120730	chr3	-	False	True	4	0	21	25	True
Zm00001eb120740	chr3	+	False	True	9	0	23	32	True
Zm00001eb120750	chr3	-	False	True	4	0	5	9	True
Zm00001eb120760	chr3	-	False	True	0	0	4	4	True
Zm00001eb120780	chr3	-	False	True	6	1	10	17	True
Zm00001eb120810	chr3	-	False	True	14	1	27	42	True
Zm00001eb120820	chr3	-	False	True	5	0	10	15	True
Zm00001eb120830	chr3	-	False	True	9	3	31	43	True
Zm00001eb120860	chr3	-	False	True	3	0	12	15	True
Zm00001eb120880	chr3	+	False	True	3	0	8	11	True
Zm00001eb120890	chr3	-	False	True	1	0	4	5	True
Zm00001eb120900	chr3	-	False	True	1	1	4	6	True
Zm00001eb120910	chr3	+	False	True	9	0	22	31	True
Zm00001eb120920	chr3	-	False	True	8	0	43	51	True
Zm00001eb120970	chr3	+	False	True	2	0	6	8	True
Zm00001eb121000	chr3	+	False	True	11	1	42	54	True
Zm00001eb121010	chr3	-	False	True	3	0	5	8	True
Zm00001eb121420	chr3	-	False	True	0	0	3	3	True
Zm00001eb121470	chr3	+	False	True	12	0	20	32	True
Zm00001eb121480	chr3	+	False	True	2	0	8	10	True
Zm00001eb121490	chr3	-	False	True	2	2	12	16	True
Zm00001eb121510	chr3	-	False	True	1	2	4	7	True
Zm00001eb121520	chr3	-	False	True	5	1	10	16	True
Zm00001eb121540	chr3	+	False	True	6	1	26	33	True
Zm00001eb121570	chr3	+	False	True	5	2	9	16	True
Zm00001eb121580	chr3	-	False	True	13	2	40	55	True
Zm00001eb121640	chr3	-	False	True	0	0	0	0	False
Zm00001eb121760	chr3	+	False	True	1	1	2	4	True
Zm00001eb121810	chr3	+	False	True	1	1	9	11	True
Zm00001eb121820	chr3	-	False	True	1	1	6	8	True
Zm00001eb121870	chr3	+	False	True	0	1	5	6	True
Zm00001eb121880	chr3	+	False	True	7	1	32	40	True
Zm00001eb121900	chr3	+	False	True	0	0	0	0	False
Zm00001eb121920	chr3	-	False	True	4	1	17	22	True
Zm00001eb121990	chr3	+	False	True	11	1	37	49	True
Zm00001eb122000	chr3	-	False	True	4	0	7	11	True
Zm00001eb122020	chr3	+	False	True	2	0	14	16	True
Zm00001eb122040	chr3	+	False	True	0	0	2	2	True
Zm00001eb122050	chr3	-	False	True	8	1	16	25	True
Zm00001eb122060	chr3	+	False	True	19	0	77	96	True
Zm00001eb122110	chr3	+	False	True	0	0	0	0	False
Zm00001eb122120	chr3	+	False	True	0	0	0	0	False
Zm00001eb122160	chr3	+	False	True	4	0	21	25	True
Zm00001eb122170	chr3	+	False	True	4	0	15	19	True
Zm00001eb122190	chr3	+	False	True	1	0	0	1	True
Zm00001eb122200	chr3	+	False	True	3	0	12	15	True
Zm00001eb122220	chr3	+	False	True	22	0	16	38	True
Zm00001eb122250	chr3	-	False	True	5	1	6	12	True
Zm00001eb122260	chr3	-	False	True	0	0	6	6	True
Zm00001eb122270	chr3	-	False	True	2	0	24	26	True
Zm00001eb122280	chr3	-	False	True	1	0	6	7	True
Zm00001eb122290	chr3	-	False	True	14	2	36	52	True
Zm00001eb122320	chr3	+	False	True	1	0	3	4	True
Zm00001eb122330	chr3	+	False	True	4	0	13	17	True
Zm00001eb122340	chr3	-	False	True	4	0	13	17	True
Zm00001eb122350	chr3	+	False	True	0	1	3	4	True
Zm00001eb122360	chr3	-	False	True	7	0	5	12	True
Zm00001eb122370	chr3	+	False	True	4	1	24	29	True
Zm00001eb122410	chr3	+	False	True	8	1	17	26	True
Zm00001eb122420	chr3	+	False	True	1	0	9	10	True
Zm00001eb122440	chr3	-	False	True	9	1	18	28	True
Zm00001eb122470	chr3	+	False	True	11	0	29	40	True
Zm00001eb122500	chr3	+	False	True	12	1	12	25	True
Zm00001eb122550	chr3	-	False	True	11	0	11	22	True
Zm00001eb122570	chr3	-	False	True	3	0	5	8	True
Zm00001eb122610	chr3	-	False	True	5	2	17	24	True
Zm00001eb122620	chr3	+	True	False	14	0	22	36	True
Zm00001eb122660	chr3	+	True	False	2	1	1	4	True
Zm00001eb122670	chr3	+	False	True	0	0	2	2	True
Zm00001eb122690	chr3	+	False	True	10	0	29	39	True
Zm00001eb122700	chr3	+	False	True	11	0	7	18	True
Zm00001eb122730	chr3	+	False	True	2	0	6	8	True
Zm00001eb122750	chr3	+	False	True	0	1	1	2	True
Zm00001eb122820	chr3	+	False	True	6	1	49	56	True
Zm00001eb122830	chr3	-	False	True	9	1	15	25	True
Zm00001eb122860	chr3	+	False	True	5	0	35	40	True
Zm00001eb122880	chr3	+	False	True	1	0	2	3	True
Zm00001eb122890	chr3	-	False	True	1	0	2	3	True
Zm00001eb122920	chr3	+	False	True	9	1	16	26	True
Zm00001eb122980	chr3	+	False	True	0	0	0	0	False
Zm00001eb122990	chr3	+	False	True	3	1	5	9	True
Zm00001eb123000	chr3	-	False	True	5	2	12	19	True
Zm00001eb123150	chr3	-	False	True	2	1	12	15	True
Zm00001eb123160	chr3	-	False	True	11	1	64	76	True
Zm00001eb123170	chr3	-	False	True	8	2	34	44	True
Zm00001eb123190	chr3	+	False	True	2	1	16	19	True
Zm00001eb123200	chr3	+	False	True	8	1	19	28	True
Zm00001eb123210	chr3	+	False	True	9	1	34	44	True
Zm00001eb123340	chr3	-	False	True	1	0	3	4	True
Zm00001eb123360	chr3	-	False	True	10	3	18	31	True
Zm00001eb123450	chr3	+	False	True	1	0	0	1	True
Zm00001eb123460	chr3	-	False	True	6	1	25	32	True
Zm00001eb123510	chr3	-	False	True	1	0	12	13	True
Zm00001eb123620	chr3	+	False	True	7	1	18	26	True
Zm00001eb123690	chr3	-	False	True	2	1	5	8	True
Zm00001eb123710	chr3	+	False	True	3	1	29	33	True
Zm00001eb123780	chr3	-	False	True	6	1	17	24	True
Zm00001eb124060	chr3	-	False	True	12	1	26	39	True
Zm00001eb124200	chr3	-	False	True	2	2	3	7	True
Zm00001eb124210	chr3	+	False	True	4	1	9	14	True
Zm00001eb124270	chr3	-	False	True	8	2	14	24	True
Zm00001eb124290	chr3	-	False	True	5	0	17	22	True
Zm00001eb124300	chr3	-	False	True	15	0	60	75	True
Zm00001eb124320	chr3	-	False	True	3	1	5	9	True
Zm00001eb124340	chr3	-	False	True	1	0	1	2	True
Zm00001eb124370	chr3	+	False	True	19	2	41	62	True
Zm00001eb124380	chr3	+	False	True	0	0	1	1	True
Zm00001eb124790	chr3	+	False	True	0	0	0	0	False
Zm00001eb124800	chr3	-	False	True	20	1	42	63	True
Zm00001eb124820	chr3	+	False	True	2	1	5	8	True
Zm00001eb124830	chr3	-	False	True	11	0	15	26	True
Zm00001eb124900	chr3	+	False	True	1	0	1	2	True
Zm00001eb124920	chr3	+	False	True	12	0	27	39	True
Zm00001eb124930	chr3	+	False	True	6	0	12	18	True
Zm00001eb125000	chr3	+	False	True	1	1	11	13	True
Zm00001eb125050	chr3	+	False	True	10	1	17	28	True
Zm00001eb125080	chr3	-	False	True	1	0	0	1	True
Zm00001eb125130	chr3	-	False	True	8	2	58	68	True
Zm00001eb125200	chr3	-	False	True	1	3	6	10	True
Zm00001eb125300	chr3	+	False	True	3	2	10	15	True
Zm00001eb125330	chr3	-	False	True	5	0	12	17	True
Zm00001eb125360	chr3	-	False	True	9	0	35	44	True
Zm00001eb125390	chr3	+	False	True	4	3	28	35	True
Zm00001eb125400	chr3	+	False	True	6	1	22	29	True
Zm00001eb125450	chr3	-	False	True	1	0	3	4	True
Zm00001eb125460	chr3	+	False	True	1	0	2	3	True
Zm00001eb125630	chr3	-	False	True	7	1	19	27	True
Zm00001eb125670	chr3	-	False	True	2	1	22	25	True
Zm00001eb125700	chr3	-	False	True	2	0	13	15	True
Zm00001eb125850	chr3	-	False	True	8	2	7	17	True
Zm00001eb125860	chr3	+	False	True	0	0	4	4	True
Zm00001eb125880	chr3	+	False	True	9	1	16	26	True
Zm00001eb125930	chr3	+	False	True	0	0	1	1	True
Zm00001eb126080	chr3	+	False	True	1	0	1	2	True
Zm00001eb126140	chr3	-	False	True	0	0	1	1	True
Zm00001eb126230	chr3	+	False	True	15	0	27	42	True
Zm00001eb126250	chr3	+	False	True	0	0	6	6	True
Zm00001eb126270	chr3	-	False	True	0	0	3	3	True
Zm00001eb126310	chr3	+	False	True	1	0	9	10	True
Zm00001eb126330	chr3	-	False	True	1	0	2	3	True
Zm00001eb126340	chr3	-	False	True	11	3	32	46	True
Zm00001eb126360	chr3	-	False	True	3	0	7	10	True
Zm00001eb126370	chr3	-	False	True	1	0	0	1	True
Zm00001eb126380	chr3	+	False	True	4	0	8	12	True
Zm00001eb126630	chr3	-	False	True	0	2	4	6	True
Zm00001eb126640	chr3	+	False	True	10	0	10	20	True
Zm00001eb126650	chr3	-	False	True	0	0	11	11	True
Zm00001eb126660	chr3	-	False	True	10	0	43	53	True
Zm00001eb126670	chr3	+	False	True	4	0	18	22	True
Zm00001eb126680	chr3	+	False	True	0	0	10	10	True
Zm00001eb126690	chr3	+	False	True	8	0	27	35	True
Zm00001eb126710	chr3	-	False	True	0	0	9	9	True
Zm00001eb126760	chr3	+	False	True	1	0	5	6	True
Zm00001eb126770	chr3	+	False	True	5	0	42	47	True
Zm00001eb126780	chr3	+	False	True	17	0	26	43	True
Zm00001eb126790	chr3	-	False	True	4	2	14	20	True
Zm00001eb126820	chr3	+	False	True	2	0	8	10	True
Zm00001eb126830	chr3	+	False	True	1	1	21	23	True
Zm00001eb126880	chr3	+	False	True	0	0	1	1	True
Zm00001eb126900	chr3	-	False	True	0	1	0	1	True
Zm00001eb126930	chr3	+	False	True	0	2	4	6	True
Zm00001eb126950	chr3	-	False	True	2	1	12	15	True
Zm00001eb126970	chr3	-	False	True	3	1	9	13	True
Zm00001eb127000	chr3	+	True	False	5	0	17	22	True
Zm00001eb127010	chr3	-	False	True	0	0	2	2	True
Zm00001eb127020	chr3	+	False	True	1	0	3	4	True
Zm00001eb127030	chr3	+	False	True	1	0	6	7	True
Zm00001eb127040	chr3	-	False	True	17	0	62	79	True
Zm00001eb127080	chr3	+	False	True	8	1	10	19	True
Zm00001eb127110	chr3	-	False	True	4	0	17	21	True
Zm00001eb127130	chr3	-	False	True	5	1	12	18	True
Zm00001eb127150	chr3	-	False	True	9	2	36	47	True
Zm00001eb127160	chr3	-	False	True	1	0	5	6	True
Zm00001eb127210	chr3	-	False	True	5	3	25	33	True
Zm00001eb127230	chr3	+	False	True	0	0	2	2	True
Zm00001eb127280	chr3	-	False	True	9	2	24	35	True
Zm00001eb127310	chr3	+	False	True	6	0	23	29	True
Zm00001eb127340	chr3	+	False	True	6	0	51	57	True
Zm00001eb127420	chr3	-	False	True	4	1	9	14	True
Zm00001eb127430	chr3	+	False	True	5	0	12	17	True
Zm00001eb127450	chr3	+	False	True	1	0	11	12	True
Zm00001eb127490	chr3	+	False	True	0	0	0	0	False
Zm00001eb127510	chr3	-	False	True	0	0	4	4	True
Zm00001eb127520	chr3	+	False	True	0	0	8	8	True
Zm00001eb127550	chr3	-	False	True	4	2	28	34	True
Zm00001eb127580	chr3	-	False	True	9	1	15	25	True
Zm00001eb127630	chr3	+	False	True	4	1	6	11	True
Zm00001eb127650	chr3	-	False	True	6	1	46	53	True
Zm00001eb127670	chr3	-	False	True	9	0	35	44	True
Zm00001eb127680	chr3	-	False	True	3	0	22	25	True
Zm00001eb127690	chr3	-	False	True	3	1	5	9	True
Zm00001eb127720	chr3	-	False	True	9	1	32	42	True
Zm00001eb127750	chr3	+	False	True	0	1	1	2	True
Zm00001eb127840	chr3	-	False	True	2	1	5	8	True
Zm00001eb127850	chr3	-	False	True	3	0	7	10	True
Zm00001eb127860	chr3	+	True	False	0	0	0	0	False
Zm00001eb127870	chr3	+	False	True	18	0	20	38	True
Zm00001eb127920	chr3	-	False	True	8	0	53	61	True
Zm00001eb127930	chr3	-	False	True	13	4	41	58	True
Zm00001eb127940	chr3	-	False	True	7	0	18	25	True
Zm00001eb127990	chr3	+	False	True	1	1	1	3	True
Zm00001eb128110	chr3	+	False	True	0	0	3	3	True
Zm00001eb128130	chr3	-	False	True	3	0	34	37	True
Zm00001eb128160	chr3	+	False	True	0	0	2	2	True
Zm00001eb128180	chr3	+	False	True	0	0	6	6	True
Zm00001eb128190	chr3	-	False	True	5	1	24	30	True
Zm00001eb128210	chr3	+	False	True	0	0	4	4	True
Zm00001eb128220	chr3	+	False	True	2	0	7	9	True
Zm00001eb128250	chr3	-	False	True	12	1	39	52	True
Zm00001eb128260	chr3	-	False	True	4	0	13	17	True
Zm00001eb128310	chr3	+	False	True	1	1	2	4	True
Zm00001eb128340	chr3	-	False	True	3	1	2	6	True
Zm00001eb128410	chr3	+	False	True	4	1	22	27	True
Zm00001eb128420	chr3	-	False	True	2	1	15	18	True
Zm00001eb128490	chr3	-	False	True	1	0	10	11	True
Zm00001eb128570	chr3	-	False	True	1	1	8	10	True
Zm00001eb128590	chr3	+	False	True	10	1	33	44	True
Zm00001eb128620	chr3	-	False	True	0	0	0	0	False
Zm00001eb128670	chr3	+	False	True	0	1	2	3	True
Zm00001eb128680	chr3	-	False	True	1	0	22	23	True
Zm00001eb128690	chr3	-	False	True	5	1	13	19	True
Zm00001eb128720	chr3	-	False	True	2	0	12	14	True
Zm00001eb128730	chr3	+	False	True	4	0	20	24	True
Zm00001eb128810	chr3	-	False	True	0	1	11	12	True
Zm00001eb128890	chr3	-	False	True	3	1	3	7	True
Zm00001eb128910	chr3	-	False	True	6	0	47	53	True
Zm00001eb128920	chr3	-	False	True	5	0	5	10	True
Zm00001eb128930	chr3	+	False	True	2	0	8	10	True
Zm00001eb129000	chr3	-	False	True	0	0	4	4	True
Zm00001eb129080	chr3	-	False	True	1	0	10	11	True
Zm00001eb129090	chr3	+	False	True	7	1	13	21	True
Zm00001eb129100	chr3	+	False	True	1	0	9	10	True
Zm00001eb129110	chr3	-	False	True	4	2	29	35	True
Zm00001eb129320	chr3	-	False	True	3	1	4	8	True
Zm00001eb129330	chr3	-	False	True	11	1	37	49	True
Zm00001eb129370	chr3	-	False	True	3	0	29	32	True
Zm00001eb129430	chr3	+	False	True	6	0	18	24	True
Zm00001eb129440	chr3	-	False	True	3	2	7	12	True
Zm00001eb129490	chr3	-	False	True	1	0	1	2	True
Zm00001eb129570	chr3	+	False	True	14	0	11	25	True
Zm00001eb129600	chr3	-	False	True	4	0	11	15	True
Zm00001eb129690	chr3	+	False	True	4	0	13	17	True
Zm00001eb129740	chr3	+	True	False	0	0	2	2	True
Zm00001eb129770	chr3	+	False	True	1	0	1	2	True
Zm00001eb129820	chr3	+	False	True	11	2	11	24	True
Zm00001eb129850	chr3	+	False	True	0	0	5	5	True
Zm00001eb129860	chr3	+	False	True	1	1	0	2	True
Zm00001eb129920	chr3	+	False	True	0	0	2	2	True
Zm00001eb129960	chr3	+	False	True	0	0	0	0	False
Zm00001eb130000	chr3	+	False	True	1	0	2	3	True
Zm00001eb130210	chr3	-	False	True	16	0	24	40	True
Zm00001eb130260	chr3	+	False	True	6	0	18	24	True
Zm00001eb130300	chr3	-	False	True	4	0	27	31	True
Zm00001eb130310	chr3	-	False	True	7	0	53	60	True
Zm00001eb130330	chr3	+	False	True	0	1	5	6	True
Zm00001eb130340	chr3	-	False	True	0	0	3	3	True
Zm00001eb130400	chr3	+	False	True	8	1	26	35	True
Zm00001eb130570	chr3	-	True	False	8	0	15	23	True
Zm00001eb130580	chr3	-	False	True	9	0	19	28	True
Zm00001eb130600	chr3	+	False	True	3	0	30	33	True
Zm00001eb130620	chr3	-	False	True	2	1	4	7	True
Zm00001eb130640	chr3	+	False	True	12	0	22	34	True
Zm00001eb130690	chr3	+	False	True	3	0	7	10	True
Zm00001eb130750	chr3	+	False	True	1	0	1	2	True
Zm00001eb130760	chr3	-	False	True	3	0	13	16	True
Zm00001eb130790	chr3	-	False	True	11	1	19	31	True
Zm00001eb130810	chr3	-	False	True	2	0	16	18	True
Zm00001eb130820	chr3	+	False	True	3	1	10	14	True
Zm00001eb130860	chr3	+	False	True	3	0	16	19	True
Zm00001eb131060	chr3	+	False	True	0	0	0	0	False
Zm00001eb131070	chr3	-	False	True	5	1	27	33	True
Zm00001eb131080	chr3	-	False	True	0	1	6	7	True
Zm00001eb131090	chr3	+	False	True	3	0	8	11	True
Zm00001eb131140	chr3	+	False	True	9	0	34	43	True
Zm00001eb131150	chr3	+	False	True	11	1	16	28	True
Zm00001eb131160	chr3	+	False	True	13	0	29	42	True
Zm00001eb131190	chr3	+	False	True	0	0	0	0	False
Zm00001eb131280	chr3	+	False	True	2	1	29	32	True
Zm00001eb131310	chr3	+	False	True	3	1	19	23	True
Zm00001eb131320	chr3	+	False	True	2	1	21	24	True
Zm00001eb131350	chr3	-	False	True	1	1	10	12	True
Zm00001eb131360	chr3	+	False	True	3	0	13	16	True
Zm00001eb131370	chr3	+	False	True	1	0	6	7	True
Zm00001eb131420	chr3	+	False	True	1	0	12	13	True
Zm00001eb131440	chr3	+	False	True	13	1	32	46	True
Zm00001eb131470	chr3	-	False	True	8	1	20	29	True
Zm00001eb131510	chr3	-	False	True	3	1	12	16	True
Zm00001eb131520	chr3	-	False	True	4	0	23	27	True
Zm00001eb131530	chr3	-	False	True	9	0	36	45	True
Zm00001eb131540	chr3	-	False	True	3	1	25	29	True
Zm00001eb131550	chr3	-	False	True	2	0	5	7	True
Zm00001eb131600	chr3	-	False	True	1	1	5	7	True
Zm00001eb131630	chr3	-	False	True	3	1	26	30	True
Zm00001eb131690	chr3	+	False	True	0	1	0	1	True
Zm00001eb131710	chr3	+	False	True	10	0	38	48	True
Zm00001eb131750	chr3	+	False	True	5	1	19	25	True
Zm00001eb131760	chr3	-	False	True	3	0	12	15	True
Zm00001eb131770	chr3	+	False	True	5	1	14	20	True
Zm00001eb131790	chr3	-	False	True	1	0	1	2	True
Zm00001eb131840	chr3	+	False	True	1	0	3	4	True
Zm00001eb131860	chr3	+	False	True	0	0	0	0	False
Zm00001eb131870	chr3	-	False	True	4	0	23	27	True
Zm00001eb131930	chr3	+	False	True	0	0	5	5	True
Zm00001eb132310	chr3	+	False	True	0	0	1	1	True
Zm00001eb132400	chr3	+	False	True	0	0	2	2	True
Zm00001eb132420	chr3	+	False	True	0	0	1	1	True
Zm00001eb132640	chr3	-	False	True	1	0	0	1	True
Zm00001eb132660	chr3	+	False	True	0	0	0	0	False
Zm00001eb132680	chr3	-	False	True	0	0	1	1	True
Zm00001eb133000	chr3	-	False	True	2	1	1	4	True
Zm00001eb133060	chr3	+	False	True	0	2	5	7	True
Zm00001eb133070	chr3	-	False	True	0	0	14	14	True
Zm00001eb133100	chr3	+	False	True	2	0	2	4	True
Zm00001eb133280	chr3	+	False	True	5	0	34	39	True
Zm00001eb133350	chr3	+	False	True	3	1	6	10	True
Zm00001eb133420	chr3	+	False	True	0	0	0	0	False
Zm00001eb133430	chr3	+	False	True	5	1	9	15	True
Zm00001eb133480	chr3	+	False	True	7	0	29	36	True
Zm00001eb133500	chr3	-	False	True	4	0	25	29	True
Zm00001eb133530	chr3	-	False	True	0	0	0	0	False
Zm00001eb133590	chr3	-	False	True	1	1	2	4	True
Zm00001eb133830	chr3	+	False	True	0	0	1	1	True
Zm00001eb133840	chr3	-	False	True	1	0	13	14	True
Zm00001eb133880	chr3	-	False	True	0	0	2	2	True
Zm00001eb133890	chr3	+	False	True	0	0	1	1	True
Zm00001eb134020	chr3	-	False	True	0	0	6	6	True
Zm00001eb134110	chr3	+	False	True	0	1	4	5	True
Zm00001eb134130	chr3	+	False	True	1	1	5	7	True
Zm00001eb134200	chr3	+	False	True	15	0	36	51	True
Zm00001eb134240	chr3	-	False	True	0	1	1	2	True
Zm00001eb134330	chr3	+	False	True	5	1	18	24	True
Zm00001eb134340	chr3	-	False	True	2	0	17	19	True
Zm00001eb134390	chr3	-	False	True	2	0	28	30	True
Zm00001eb134470	chr3	-	False	True	2	1	9	12	True
Zm00001eb134480	chr3	-	False	True	2	3	28	33	True
Zm00001eb134520	chr3	-	False	True	0	0	0	0	False
Zm00001eb134530	chr3	-	False	True	3	1	13	17	True
Zm00001eb134560	chr3	+	False	True	3	0	5	8	True
Zm00001eb134600	chr3	+	False	True	0	0	0	0	False
Zm00001eb134670	chr3	-	False	True	4	0	16	20	True
Zm00001eb134690	chr3	+	False	True	2	1	2	5	True
Zm00001eb134700	chr3	+	False	True	6	0	10	16	True
Zm00001eb134780	chr3	+	False	True	0	0	7	7	True
Zm00001eb134970	chr3	+	False	True	0	1	6	7	True
Zm00001eb135000	chr3	-	False	True	5	2	8	15	True
Zm00001eb135050	chr3	-	False	True	12	1	57	70	True
Zm00001eb135120	chr3	-	False	True	1	0	9	10	True
Zm00001eb135190	chr3	-	False	True	17	0	35	52	True
Zm00001eb135220	chr3	-	False	True	3	1	10	14	True
Zm00001eb135250	chr3	-	False	True	15	0	28	43	True
Zm00001eb135290	chr3	-	False	True	4	1	22	27	True
Zm00001eb135350	chr3	+	False	True	0	0	0	0	False
Zm00001eb135380	chr3	+	False	True	1	0	12	13	True
Zm00001eb135500	chr3	+	False	True	0	0	4	4	True
Zm00001eb135520	chr3	-	True	False	9	0	12	21	True
Zm00001eb135540	chr3	+	False	True	1	0	3	4	True
Zm00001eb135570	chr3	+	False	True	1	0	2	3	True
Zm00001eb135590	chr3	-	False	True	0	0	5	5	True
Zm00001eb135650	chr3	+	False	True	0	1	1	2	True
Zm00001eb135710	chr3	-	False	True	6	1	9	16	True
Zm00001eb135720	chr3	-	False	True	7	0	6	13	True
Zm00001eb135800	chr3	+	False	True	3	1	6	10	True
Zm00001eb135860	chr3	+	False	True	0	1	2	3	True
Zm00001eb135910	chr3	+	False	True	1	0	0	1	True
Zm00001eb135920	chr3	-	False	True	0	0	3	3	True
Zm00001eb135930	chr3	+	False	True	1	0	3	4	True
Zm00001eb135940	chr3	-	False	True	0	0	4	4	True
Zm00001eb135960	chr3	-	False	True	1	0	7	8	True
Zm00001eb135990	chr3	+	False	True	5	0	9	14	True
Zm00001eb136010	chr3	-	False	True	4	0	15	19	True
Zm00001eb136040	chr3	-	False	True	4	0	16	20	True
Zm00001eb136060	chr3	-	False	True	6	1	13	20	True
Zm00001eb136110	chr3	+	False	True	0	0	2	2	True
Zm00001eb136130	chr3	-	False	True	5	2	11	18	True
Zm00001eb136160	chr3	+	False	True	3	0	17	20	True
Zm00001eb136170	chr3	+	False	True	3	0	9	12	True
Zm00001eb136190	chr3	+	False	True	2	0	8	10	True
Zm00001eb136200	chr3	-	False	True	7	0	12	19	True
Zm00001eb136230	chr3	-	False	True	1	0	5	6	True
Zm00001eb136250	chr3	-	False	True	5	0	7	12	True
Zm00001eb136280	chr3	-	False	True	8	0	26	34	True
Zm00001eb136350	chr3	-	False	True	2	0	0	2	True
Zm00001eb136450	chr3	+	False	True	11	0	40	51	True
Zm00001eb136490	chr3	-	False	True	1	0	9	10	True
Zm00001eb136500	chr3	-	False	True	2	1	5	8	True
Zm00001eb136540	chr3	-	False	True	1	0	0	1	True
Zm00001eb136620	chr3	-	False	True	7	0	16	23	True
Zm00001eb136630	chr3	-	False	True	7	2	17	26	True
Zm00001eb136710	chr3	-	False	True	4	0	20	24	True
Zm00001eb136720	chr3	+	False	True	2	0	4	6	True
Zm00001eb136750	chr3	+	False	True	5	0	15	20	True
Zm00001eb136770	chr3	-	False	True	1	1	1	3	True
Zm00001eb136880	chr3	+	False	True	1	0	4	5	True
Zm00001eb136900	chr3	+	False	True	0	1	4	5	True
Zm00001eb136920	chr3	-	False	True	7	2	45	54	True
Zm00001eb136960	chr3	+	False	True	2	1	6	9	True
Zm00001eb136970	chr3	+	False	True	6	0	33	39	True
Zm00001eb136980	chr3	-	False	True	3	0	9	12	True
Zm00001eb137010	chr3	-	False	True	4	0	19	23	True
Zm00001eb137020	chr3	-	False	True	11	1	36	48	True
Zm00001eb137030	chr3	+	False	True	7	0	25	32	True
Zm00001eb137040	chr3	-	False	True	0	0	6	6	True
Zm00001eb137060	chr3	+	False	True	2	0	3	5	True
Zm00001eb137100	chr3	+	False	True	0	0	2	2	True
Zm00001eb137110	chr3	+	False	True	6	0	23	29	True
Zm00001eb137120	chr3	-	False	True	0	0	0	0	False
Zm00001eb137140	chr3	-	False	True	0	0	0	0	False
Zm00001eb137150	chr3	-	False	True	0	0	1	1	True
Zm00001eb137180	chr3	-	False	True	0	0	0	0	False
Zm00001eb137530	chr3	-	False	True	7	1	24	32	True
Zm00001eb137540	chr3	-	False	True	1	0	2	3	True
Zm00001eb137570	chr3	+	False	True	1	0	1	2	True
Zm00001eb137580	chr3	-	False	True	1	0	6	7	True
Zm00001eb137590	chr3	+	False	True	1	0	0	1	True
Zm00001eb137600	chr3	-	False	True	5	1	27	33	True
Zm00001eb137610	chr3	+	False	True	2	0	10	12	True
Zm00001eb137700	chr3	+	False	True	1	1	4	6	True
Zm00001eb137710	chr3	+	False	True	2	0	9	11	True
Zm00001eb137720	chr3	-	False	True	12	0	42	54	True
Zm00001eb137740	chr3	-	False	True	5	1	17	23	True
Zm00001eb137760	chr3	+	False	True	6	0	19	25	True
Zm00001eb137780	chr3	+	False	True	7	1	17	25	True
Zm00001eb137800	chr3	+	False	True	2	0	8	10	True
Zm00001eb137820	chr3	+	True	False	5	0	6	11	True
Zm00001eb137840	chr3	+	False	True	3	1	8	12	True
Zm00001eb137900	chr3	+	False	True	0	0	0	0	False
Zm00001eb137920	chr3	-	False	True	1	0	11	12	True
Zm00001eb137960	chr3	+	False	True	2	0	14	16	True
Zm00001eb137990	chr3	+	False	True	12	0	27	39	True
Zm00001eb138040	chr3	-	False	True	5	2	39	46	True
Zm00001eb138050	chr3	-	False	True	1	0	10	11	True
Zm00001eb138100	chr3	+	False	True	5	0	37	42	True
Zm00001eb138190	chr3	+	False	True	1	0	5	6	True
Zm00001eb138200	chr3	-	False	True	1	2	20	23	True
Zm00001eb138210	chr3	+	False	True	1	0	6	7	True
Zm00001eb138230	chr3	-	False	True	10	0	59	69	True
Zm00001eb138250	chr3	-	False	True	0	0	17	17	True
Zm00001eb138260	chr3	-	False	True	6	0	15	21	True
Zm00001eb138270	chr3	-	False	True	6	1	31	38	True
Zm00001eb138290	chr3	-	False	True	0	0	0	0	False
Zm00001eb138330	chr3	+	False	True	0	0	0	0	False
Zm00001eb138370	chr3	+	False	True	1	0	0	1	True
Zm00001eb138410	chr3	+	False	True	0	0	0	0	False
Zm00001eb138450	chr3	+	False	True	1	0	5	6	True
Zm00001eb138460	chr3	-	False	True	4	1	19	24	True
Zm00001eb138500	chr3	-	False	True	4	0	8	12	True
Zm00001eb138510	chr3	+	False	True	6	2	25	33	True
Zm00001eb138590	chr3	+	False	True	1	0	2	3	True
Zm00001eb138850	chr3	-	False	True	0	1	2	3	True
Zm00001eb139060	chr3	+	True	False	0	0	8	8	True
Zm00001eb139130	chr3	+	False	True	3	0	6	9	True
Zm00001eb139140	chr3	+	False	True	10	0	34	44	True
Zm00001eb139160	chr3	-	False	True	16	0	90	106	True
Zm00001eb139270	chr3	-	False	True	1	1	18	20	True
Zm00001eb139400	chr3	+	False	True	0	0	0	0	False
Zm00001eb139410	chr3	+	False	True	4	0	16	20	True
Zm00001eb139450	chr3	+	False	True	2	1	8	11	True
Zm00001eb139460	chr3	-	False	True	0	0	1	1	True
Zm00001eb139480	chr3	-	False	True	8	0	15	23	True
Zm00001eb139520	chr3	+	False	True	0	0	0	0	False
Zm00001eb139650	chr3	+	False	True	9	1	60	70	True
Zm00001eb139680	chr3	-	True	False	3	1	5	9	True
Zm00001eb139690	chr3	+	False	True	4	1	5	10	True
Zm00001eb139760	chr3	-	False	True	0	0	1	1	True
Zm00001eb139840	chr3	+	False	True	3	0	6	9	True
Zm00001eb139850	chr3	+	False	True	3	1	7	11	True
Zm00001eb139860	chr3	-	False	True	9	0	17	26	True
Zm00001eb139870	chr3	+	False	True	4	0	23	27	True
Zm00001eb139880	chr3	-	False	True	1	0	11	12	True
Zm00001eb139900	chr3	-	False	True	5	2	25	32	True
Zm00001eb139930	chr3	-	False	True	10	1	51	62	True
Zm00001eb139960	chr3	+	False	True	0	0	4	4	True
Zm00001eb139980	chr3	-	False	True	4	1	13	18	True
Zm00001eb139990	chr3	-	False	True	2	0	13	15	True
Zm00001eb140040	chr3	-	False	True	15	0	76	91	True
Zm00001eb140050	chr3	-	False	True	12	1	33	46	True
Zm00001eb140070	chr3	-	False	True	4	0	18	22	True
Zm00001eb140080	chr3	+	False	True	4	0	18	22	True
Zm00001eb140090	chr3	-	False	True	2	0	11	13	True
Zm00001eb140100	chr3	-	False	True	1	0	1	2	True
Zm00001eb140270	chr3	-	False	True	1	0	8	9	True
Zm00001eb140280	chr3	+	False	True	1	0	6	7	True
Zm00001eb140320	chr3	-	False	True	0	0	0	0	False
Zm00001eb140330	chr3	+	False	True	9	0	31	40	True
Zm00001eb140340	chr3	+	False	True	0	0	0	0	False
Zm00001eb140360	chr3	+	False	True	3	1	38	42	True
Zm00001eb140370	chr3	+	False	True	11	0	17	28	True
Zm00001eb140380	chr3	-	False	True	11	0	10	21	True
Zm00001eb140390	chr3	-	False	True	4	2	19	25	True
Zm00001eb140480	chr3	-	False	True	13	2	52	67	True
Zm00001eb140500	chr3	-	False	True	3	0	14	17	True
Zm00001eb140540	chr3	-	False	True	1	0	1	2	True
Zm00001eb140570	chr3	-	False	True	4	0	19	23	True
Zm00001eb140580	chr3	+	False	True	1	1	11	13	True
Zm00001eb140620	chr3	-	False	True	9	1	15	25	True
Zm00001eb140630	chr3	+	False	True	0	0	0	0	False
Zm00001eb140640	chr3	-	False	True	13	2	25	40	True
Zm00001eb140660	chr3	+	False	True	1	0	3	4	True
Zm00001eb140720	chr3	-	False	True	0	0	1	1	True
Zm00001eb140730	chr3	-	False	True	0	0	2	2	True
Zm00001eb140790	chr3	+	False	True	4	0	20	24	True
Zm00001eb140810	chr3	-	False	True	0	1	3	4	True
Zm00001eb140820	chr3	-	False	True	8	1	17	26	True
Zm00001eb140880	chr3	-	False	True	8	4	19	31	True
Zm00001eb140890	chr3	-	False	True	3	1	3	7	True
Zm00001eb140930	chr3	-	False	True	5	1	16	22	True
Zm00001eb140940	chr3	-	False	True	5	1	14	20	True
Zm00001eb140970	chr3	+	False	True	11	1	16	28	True
Zm00001eb140990	chr3	+	False	True	4	1	22	27	True
Zm00001eb141010	chr3	-	False	True	0	0	1	1	True
Zm00001eb141020	chr3	+	False	True	3	0	7	10	True
Zm00001eb141060	chr3	+	False	True	6	0	16	22	True
Zm00001eb141080	chr3	-	False	True	12	1	20	33	True
Zm00001eb141120	chr3	+	False	True	0	0	4	4	True
Zm00001eb141130	chr3	-	False	True	5	1	6	12	True
Zm00001eb141210	chr3	+	False	True	1	0	0	1	True
Zm00001eb141290	chr3	+	False	True	3	0	10	13	True
Zm00001eb141310	chr3	-	False	True	5	0	7	12	True
Zm00001eb141330	chr3	-	False	True	11	1	83	95	True
Zm00001eb141420	chr3	+	False	True	4	1	12	17	True
Zm00001eb141450	chr3	+	False	True	2	0	2	4	True
Zm00001eb141460	chr3	+	False	True	4	0	25	29	True
Zm00001eb141500	chr3	+	False	True	3	1	5	9	True
Zm00001eb141530	chr3	+	False	True	1	0	1	2	True
Zm00001eb141540	chr3	+	False	True	8	0	10	18	True
Zm00001eb141550	chr3	-	False	True	4	1	11	16	True
Zm00001eb141560	chr3	+	False	True	2	0	5	7	True
Zm00001eb141830	chr3	-	False	True	0	0	0	0	False
Zm00001eb141870	chr3	-	False	True	9	0	14	23	True
Zm00001eb142220	chr3	+	False	True	0	0	0	0	False
Zm00001eb142310	chr3	-	False	True	0	1	6	7	True
Zm00001eb142350	chr3	+	False	True	5	0	38	43	True
Zm00001eb142370	chr3	-	False	True	10	1	15	26	True
Zm00001eb142730	chr3	+	False	True	2	0	6	8	True
Zm00001eb142750	chr3	+	False	True	0	0	7	7	True
Zm00001eb142770	chr3	+	False	True	1	0	19	20	True
Zm00001eb142810	chr3	-	False	True	0	0	3	3	True
Zm00001eb142830	chr3	+	False	True	3	1	9	13	True
Zm00001eb142850	chr3	-	False	True	3	2	14	19	True
Zm00001eb142870	chr3	-	False	True	5	0	16	21	True
Zm00001eb142950	chr3	-	False	True	8	0	26	34	True
Zm00001eb142960	chr3	-	False	True	0	0	0	0	False
Zm00001eb143050	chr3	+	False	True	3	0	15	18	True
Zm00001eb143060	chr3	-	False	True	10	0	17	27	True
Zm00001eb143070	chr3	-	False	True	0	1	0	1	True
Zm00001eb143210	chr3	-	False	True	0	0	4	4	True
Zm00001eb143240	chr3	+	False	True	3	2	11	16	True
Zm00001eb143260	chr3	+	False	True	3	0	14	17	True
Zm00001eb143270	chr3	-	False	True	4	0	16	20	True
Zm00001eb143290	chr3	+	False	True	9	0	19	28	True
Zm00001eb143300	chr3	+	True	False	7	0	9	16	True
Zm00001eb143310	chr3	+	False	True	0	1	1	2	True
Zm00001eb143320	chr3	-	False	True	0	0	0	0	False
Zm00001eb143330	chr3	-	False	True	4	0	30	34	True
Zm00001eb143360	chr3	+	False	True	1	0	6	7	True
Zm00001eb143370	chr3	-	False	True	3	0	13	16	True
Zm00001eb143400	chr3	+	False	True	4	0	11	15	True
Zm00001eb143520	chr3	+	False	True	5	0	11	16	True
Zm00001eb144210	chr3	+	False	True	2	0	4	6	True
Zm00001eb144220	chr3	+	False	True	3	1	20	24	True
Zm00001eb144260	chr3	-	False	True	0	0	0	0	False
Zm00001eb144280	chr3	-	False	True	4	0	18	22	True
Zm00001eb144300	chr3	+	False	True	0	1	2	3	True
Zm00001eb144310	chr3	+	False	True	9	2	39	50	True
Zm00001eb144320	chr3	-	False	True	4	0	16	20	True
Zm00001eb144330	chr3	+	False	True	2	0	7	9	True
Zm00001eb144350	chr3	-	False	True	18	0	31	49	True
Zm00001eb144360	chr3	+	False	True	7	1	33	41	True
Zm00001eb144370	chr3	-	False	True	2	2	40	44	True
Zm00001eb144400	chr3	+	False	True	11	0	13	24	True
Zm00001eb144410	chr3	-	False	True	10	0	15	25	True
Zm00001eb144420	chr3	+	False	True	11	0	11	22	True
Zm00001eb144430	chr3	+	False	True	7	0	24	31	True
Zm00001eb144440	chr3	+	False	True	5	0	26	31	True
Zm00001eb144450	chr3	-	False	True	8	2	9	19	True
Zm00001eb144500	chr3	-	False	True	3	1	6	10	True
Zm00001eb144570	chr3	+	False	True	14	0	28	42	True
Zm00001eb144580	chr3	-	False	True	2	1	10	13	True
Zm00001eb144600	chr3	+	False	True	0	0	0	0	False
Zm00001eb144610	chr3	+	False	True	7	0	19	26	True
Zm00001eb144630	chr3	-	False	True	9	0	36	45	True
Zm00001eb144640	chr3	-	False	True	5	1	20	26	True
Zm00001eb144650	chr3	-	False	True	10	3	33	46	True
Zm00001eb144670	chr3	+	False	True	12	1	45	58	True
Zm00001eb144680	chr3	+	True	False	13	0	62	75	True
Zm00001eb144720	chr3	+	False	True	0	0	0	0	False
Zm00001eb144730	chr3	-	False	True	5	2	11	18	True
Zm00001eb144740	chr3	+	False	True	1	1	3	5	True
Zm00001eb144760	chr3	-	False	True	2	0	16	18	True
Zm00001eb144770	chr3	+	False	True	1	0	7	8	True
Zm00001eb144790	chr3	+	False	True	1	0	4	5	True
Zm00001eb144810	chr3	-	False	True	7	1	15	23	True
Zm00001eb144840	chr3	-	False	True	3	1	14	18	True
Zm00001eb144880	chr3	+	False	True	0	0	6	6	True
Zm00001eb144890	chr3	+	False	True	5	1	8	14	True
Zm00001eb144900	chr3	-	False	True	2	0	10	12	True
Zm00001eb144910	chr3	+	False	True	0	0	1	1	True
Zm00001eb145210	chr3	+	False	True	0	0	2	2	True
Zm00001eb145240	chr3	-	False	True	0	0	0	0	False
Zm00001eb145320	chr3	+	False	True	1	0	14	15	True
Zm00001eb145370	chr3	+	False	True	0	1	3	4	True
Zm00001eb145380	chr3	+	False	True	5	0	11	16	True
Zm00001eb145390	chr3	-	False	True	16	1	31	48	True
Zm00001eb145400	chr3	-	True	False	0	0	4	4	True
Zm00001eb145430	chr3	+	False	True	12	0	52	64	True
Zm00001eb145490	chr3	-	False	True	0	0	1	1	True
Zm00001eb145500	chr3	+	False	True	8	0	12	20	True
Zm00001eb145510	chr3	+	False	True	3	0	13	16	True
Zm00001eb145520	chr3	+	False	True	8	1	37	46	True
Zm00001eb145530	chr3	+	False	True	3	1	12	16	True
Zm00001eb145550	chr3	+	False	True	0	0	0	0	False
Zm00001eb145580	chr3	+	False	True	7	0	10	17	True
Zm00001eb145630	chr3	-	False	True	1	0	3	4	True
Zm00001eb145680	chr3	+	False	True	7	1	35	43	True
Zm00001eb145690	chr3	-	False	True	0	1	2	3	True
Zm00001eb145720	chr3	+	False	True	2	0	4	6	True
Zm00001eb145730	chr3	+	False	True	1	1	2	4	True
Zm00001eb145740	chr3	-	False	True	0	1	5	6	True
Zm00001eb145790	chr3	+	False	True	1	1	1	3	True
Zm00001eb145800	chr3	-	False	True	2	1	5	8	True
Zm00001eb145810	chr3	-	False	True	5	0	12	17	True
Zm00001eb145850	chr3	-	False	True	6	0	45	51	True
Zm00001eb145860	chr3	-	False	True	3	0	12	15	True
Zm00001eb145870	chr3	+	False	True	6	0	21	27	True
Zm00001eb145880	chr3	+	False	True	2	1	24	27	True
Zm00001eb145890	chr3	-	False	True	1	0	1	2	True
Zm00001eb145960	chr3	-	False	True	4	1	5	10	True
Zm00001eb145970	chr3	+	False	True	2	2	20	24	True
Zm00001eb146070	chr3	-	False	True	4	0	14	18	True
Zm00001eb146080	chr3	-	False	True	2	0	15	17	True
Zm00001eb146170	chr3	-	False	True	1	0	2	3	True
Zm00001eb146180	chr3	-	False	True	0	0	9	9	True
Zm00001eb146190	chr3	+	False	True	8	0	18	26	True
Zm00001eb146250	chr3	+	False	True	3	0	6	9	True
Zm00001eb146270	chr3	+	False	True	5	0	50	55	True
Zm00001eb146280	chr3	+	False	True	3	3	26	32	True
Zm00001eb146310	chr3	+	False	True	0	0	1	1	True
Zm00001eb146330	chr3	+	False	True	4	0	25	29	True
Zm00001eb146400	chr3	-	False	True	3	2	31	36	True
Zm00001eb146430	chr3	-	False	True	0	0	1	1	True
Zm00001eb146500	chr3	-	False	True	5	0	29	34	True
Zm00001eb146510	chr3	-	False	True	6	0	11	17	True
Zm00001eb146520	chr3	-	False	True	2	1	1	4	True
Zm00001eb146720	chr3	-	False	True	7	0	5	12	True
Zm00001eb146730	chr3	+	False	True	12	0	23	35	True
Zm00001eb146740	chr3	+	False	True	4	0	10	14	True
Zm00001eb146750	chr3	-	False	True	12	0	61	73	True
Zm00001eb146780	chr3	-	False	True	2	0	4	6	True
Zm00001eb146840	chr3	-	False	True	0	0	1	1	True
Zm00001eb146850	chr3	+	False	True	0	0	0	0	False
Zm00001eb146860	chr3	+	False	True	8	0	42	50	True
Zm00001eb146880	chr3	+	False	True	1	1	2	4	True
Zm00001eb146890	chr3	+	False	True	0	0	1	1	True
Zm00001eb146930	chr3	-	False	True	0	0	1	1	True
Zm00001eb146990	chr3	+	False	True	2	1	1	4	True
Zm00001eb147090	chr3	+	False	True	12	2	67	81	True
Zm00001eb147110	chr3	-	False	True	0	0	0	0	False
Zm00001eb147120	chr3	-	False	True	1	0	2	3	True
Zm00001eb147170	chr3	-	False	True	0	2	4	6	True
Zm00001eb147200	chr3	+	False	True	0	0	6	6	True
Zm00001eb147210	chr3	+	False	True	1	1	4	6	True
Zm00001eb147230	chr3	-	False	True	5	1	4	10	True
Zm00001eb147250	chr3	-	False	True	6	0	12	18	True
Zm00001eb147290	chr3	-	False	True	4	1	6	11	True
Zm00001eb147310	chr3	-	False	True	1	0	25	26	True
Zm00001eb147320	chr3	+	False	True	4	2	9	15	True
Zm00001eb147330	chr3	+	False	True	0	0	5	5	True
Zm00001eb147340	chr3	-	False	True	10	1	39	50	True
Zm00001eb147370	chr3	+	False	True	4	2	32	38	True
Zm00001eb147390	chr3	+	False	True	0	1	1	2	True
Zm00001eb147400	chr3	+	False	True	2	1	9	12	True
Zm00001eb147420	chr3	+	False	True	2	0	3	5	True
Zm00001eb147430	chr3	-	False	True	2	0	13	15	True
Zm00001eb147460	chr3	+	False	True	2	0	9	11	True
Zm00001eb147480	chr3	-	False	True	2	0	0	2	True
Zm00001eb147530	chr3	-	False	True	2	1	7	10	True
Zm00001eb147550	chr3	+	False	True	0	0	1	1	True
Zm00001eb147610	chr3	+	False	True	6	0	5	11	True
Zm00001eb147650	chr3	-	False	True	3	0	10	13	True
Zm00001eb147710	chr3	+	False	True	1	0	12	13	True
Zm00001eb147720	chr3	-	False	True	4	0	17	21	True
Zm00001eb147750	chr3	-	False	True	6	0	16	22	True
Zm00001eb147760	chr3	+	False	True	2	3	3	8	True
Zm00001eb147780	chr3	+	False	True	1	0	2	3	True
Zm00001eb147850	chr3	-	False	True	9	0	16	25	True
Zm00001eb147890	chr3	+	False	True	5	0	18	23	True
Zm00001eb147900	chr3	-	False	True	3	0	6	9	True
Zm00001eb147910	chr3	-	False	True	4	0	2	6	True
Zm00001eb147950	chr3	+	False	True	6	0	18	24	True
Zm00001eb147980	chr3	+	False	True	10	0	45	55	True
Zm00001eb147990	chr3	-	False	True	10	3	14	27	True
Zm00001eb148000	chr3	-	False	True	3	0	21	24	True
Zm00001eb148020	chr3	+	False	True	9	3	57	69	True
Zm00001eb148030	chr3	-	False	True	4	0	18	22	True
Zm00001eb148060	chr3	+	False	True	1	1	5	7	True
Zm00001eb148070	chr3	-	False	True	8	1	12	21	True
Zm00001eb148100	chr3	+	False	True	0	0	0	0	False
Zm00001eb148110	chr3	-	False	True	7	2	26	35	True
Zm00001eb148120	chr3	-	False	True	2	0	12	14	True
Zm00001eb148130	chr3	-	False	True	4	0	13	17	True
Zm00001eb148300	chr3	+	False	True	0	1	1	2	True
Zm00001eb148310	chr3	-	False	True	12	0	15	27	True
Zm00001eb148350	chr3	+	False	True	0	1	1	2	True
Zm00001eb148420	chr3	-	False	True	2	1	2	5	True
Zm00001eb148590	chr3	-	False	True	0	0	1	1	True
Zm00001eb148610	chr3	+	False	True	0	0	0	0	False
Zm00001eb148620	chr3	+	False	True	8	0	24	32	True
Zm00001eb148630	chr3	-	False	True	10	0	21	31	True
Zm00001eb148640	chr3	-	False	True	0	0	3	3	True
Zm00001eb148690	chr3	+	False	True	8	0	14	22	True
Zm00001eb148730	chr3	-	False	True	1	1	13	15	True
Zm00001eb148740	chr3	+	False	True	4	0	20	24	True
Zm00001eb148750	chr3	+	False	True	0	0	5	5	True
Zm00001eb148820	chr3	-	False	True	0	0	0	0	False
Zm00001eb148890	chr3	+	False	True	7	0	4	11	True
Zm00001eb148900	chr3	-	False	True	9	0	20	29	True
Zm00001eb149000	chr3	-	False	True	11	1	9	21	True
Zm00001eb149010	chr3	+	False	True	0	1	4	5	True
Zm00001eb149030	chr3	+	False	True	1	0	6	7	True
Zm00001eb149110	chr3	-	False	True	0	0	2	2	True
Zm00001eb149170	chr3	-	False	True	2	0	11	13	True
Zm00001eb149180	chr3	-	False	True	0	1	4	5	True
Zm00001eb149250	chr3	+	False	True	1	0	10	11	True
Zm00001eb149270	chr3	+	False	True	3	0	7	10	True
Zm00001eb149330	chr3	+	False	True	4	0	15	19	True
Zm00001eb149340	chr3	+	False	True	3	0	5	8	True
Zm00001eb149420	chr3	+	False	True	1	0	4	5	True
Zm00001eb149430	chr3	-	False	True	2	0	22	24	True
Zm00001eb149490	chr3	+	False	True	3	0	6	9	True
Zm00001eb149500	chr3	+	False	True	3	0	2	5	True
Zm00001eb149510	chr3	+	False	True	0	0	0	0	False
Zm00001eb149570	chr3	+	False	True	12	0	23	35	True
Zm00001eb149610	chr3	+	False	True	1	0	11	12	True
Zm00001eb149630	chr3	-	False	True	7	0	17	24	True
Zm00001eb149640	chr3	-	False	True	3	0	4	7	True
Zm00001eb149660	chr3	-	False	True	3	2	17	22	True
Zm00001eb149670	chr3	+	False	True	8	1	18	27	True
Zm00001eb149680	chr3	-	False	True	1	1	3	5	True
Zm00001eb149690	chr3	-	False	True	0	1	11	12	True
Zm00001eb149720	chr3	-	False	True	4	1	6	11	True
Zm00001eb149740	chr3	-	False	True	12	0	20	32	True
Zm00001eb149750	chr3	+	False	True	1	0	0	1	True
Zm00001eb149820	chr3	+	False	True	0	0	0	0	False
Zm00001eb149840	chr3	+	False	True	3	0	5	8	True
Zm00001eb149890	chr3	+	False	True	0	0	0	0	False
Zm00001eb149900	chr3	+	False	True	0	0	4	4	True
Zm00001eb149940	chr3	-	False	True	0	1	5	6	True
Zm00001eb149950	chr3	-	False	True	4	0	5	9	True
Zm00001eb149960	chr3	+	False	True	4	0	14	18	True
Zm00001eb149970	chr3	+	False	True	1	0	17	18	True
Zm00001eb149980	chr3	-	False	True	11	2	55	68	True
Zm00001eb150010	chr3	+	False	True	2	0	18	20	True
Zm00001eb150020	chr3	+	False	True	0	0	6	6	True
Zm00001eb150050	chr3	-	False	True	0	0	3	3	True
Zm00001eb150100	chr3	-	False	True	5	1	10	16	True
Zm00001eb150130	chr3	-	False	True	6	0	13	19	True
Zm00001eb150150	chr3	+	False	True	8	0	17	25	True
Zm00001eb150160	chr3	-	False	True	5	2	20	27	True
Zm00001eb150260	chr3	-	False	True	3	0	0	3	True
Zm00001eb150270	chr3	-	False	True	0	0	3	3	True
Zm00001eb150280	chr3	+	False	True	0	0	2	2	True
Zm00001eb150290	chr3	-	False	True	2	1	33	36	True
Zm00001eb150320	chr3	-	False	True	3	1	11	15	True
Zm00001eb150410	chr3	+	False	True	7	0	41	48	True
Zm00001eb150440	chr3	+	False	True	14	1	50	65	True
Zm00001eb150500	chr3	-	False	True	5	0	14	19	True
Zm00001eb150510	chr3	+	False	True	5	0	17	22	True
Zm00001eb150530	chr3	+	False	True	2	0	7	9	True
Zm00001eb150550	chr3	+	False	True	0	0	3	3	True
Zm00001eb150560	chr3	-	True	False	2	1	11	14	True
Zm00001eb150620	chr3	+	False	True	7	1	27	35	True
Zm00001eb150630	chr3	-	False	True	0	0	1	1	True
Zm00001eb150680	chr3	+	False	True	0	0	5	5	True
Zm00001eb150710	chr3	+	False	True	5	1	21	27	True
Zm00001eb150730	chr3	-	False	True	3	0	12	15	True
Zm00001eb150840	chr3	-	False	True	8	0	10	18	True
Zm00001eb150880	chr3	+	False	True	0	0	1	1	True
Zm00001eb151010	chr3	+	False	True	5	0	12	17	True
Zm00001eb151050	chr3	-	False	True	4	0	23	27	True
Zm00001eb151060	chr3	+	False	True	5	0	20	25	True
Zm00001eb151120	chr3	+	False	True	22	0	53	75	True
Zm00001eb151150	chr3	+	False	True	0	0	1	1	True
Zm00001eb151160	chr3	-	False	True	0	0	0	0	False
Zm00001eb151190	chr3	+	False	True	0	0	2	2	True
Zm00001eb151200	chr3	+	False	True	0	0	0	0	False
Zm00001eb151220	chr3	+	False	True	3	0	11	14	True
Zm00001eb151270	chr3	+	False	True	2	1	4	7	True
Zm00001eb151280	chr3	-	False	True	2	0	8	10	True
Zm00001eb151310	chr3	-	False	True	6	1	22	29	True
Zm00001eb151340	chr3	-	False	True	6	1	22	29	True
Zm00001eb151360	chr3	-	False	True	1	2	14	17	True
Zm00001eb151380	chr3	+	False	True	3	0	8	11	True
Zm00001eb151400	chr3	+	False	True	5	0	4	9	True
Zm00001eb151430	chr3	-	False	True	2	0	2	4	True
Zm00001eb151440	chr3	+	False	True	4	0	9	13	True
Zm00001eb151450	chr3	-	False	True	0	0	4	4	True
Zm00001eb151460	chr3	+	False	True	1	0	1	2	True
Zm00001eb151480	chr3	-	False	True	1	1	19	21	True
Zm00001eb151500	chr3	+	False	True	6	0	17	23	True
Zm00001eb151510	chr3	-	True	False	1	1	2	4	True
Zm00001eb151530	chr3	-	False	True	4	0	7	11	True
Zm00001eb151620	chr3	-	False	True	0	0	0	0	False
Zm00001eb151630	chr3	-	False	True	4	1	12	17	True
Zm00001eb151640	chr3	+	False	True	0	0	1	1	True
Zm00001eb151650	chr3	+	False	True	3	1	5	9	True
Zm00001eb151660	chr3	+	False	True	6	0	22	28	True
Zm00001eb151670	chr3	+	False	True	0	0	0	0	False
Zm00001eb151690	chr3	+	False	True	4	0	3	7	True
Zm00001eb151710	chr3	-	False	True	4	2	33	39	True
Zm00001eb151720	chr3	+	False	True	4	0	11	15	True
Zm00001eb151750	chr3	+	True	False	2	0	2	4	True
Zm00001eb151790	chr3	-	False	True	0	0	1	1	True
Zm00001eb151930	chr3	-	False	True	0	0	2	2	True
Zm00001eb151970	chr3	-	False	True	6	1	37	44	True
Zm00001eb152000	chr3	+	False	True	5	1	11	17	True
Zm00001eb152010	chr3	-	False	True	0	1	2	3	True
Zm00001eb152040	chr3	-	False	True	11	0	15	26	True
Zm00001eb152050	chr3	-	False	True	2	0	0	2	True
Zm00001eb152060	chr3	-	False	True	4	2	31	37	True
Zm00001eb152080	chr3	+	False	True	3	0	19	22	True
Zm00001eb152090	chr3	+	False	True	20	4	68	92	True
Zm00001eb152100	chr3	+	False	True	13	0	35	48	True
Zm00001eb152120	chr3	+	False	True	3	0	10	13	True
Zm00001eb152180	chr3	-	False	True	9	1	39	49	True
Zm00001eb152190	chr3	+	False	True	8	2	38	48	True
Zm00001eb152390	chr3	+	False	True	0	0	0	0	False
Zm00001eb152410	chr3	-	False	True	1	0	0	1	True
Zm00001eb152430	chr3	-	False	True	2	1	8	11	True
Zm00001eb152450	chr3	+	False	True	12	0	12	24	True
Zm00001eb152480	chr3	-	False	True	11	0	23	34	True
Zm00001eb152490	chr3	-	False	True	0	1	4	5	True
Zm00001eb152530	chr3	+	False	True	1	0	8	9	True
Zm00001eb152560	chr3	-	False	True	8	0	13	21	True
Zm00001eb152650	chr3	-	False	True	2	0	17	19	True
Zm00001eb152660	chr3	+	False	True	3	0	21	24	True
Zm00001eb152700	chr3	-	False	True	3	2	22	27	True
Zm00001eb152710	chr3	-	False	True	3	0	5	8	True
Zm00001eb152750	chr3	-	False	True	3	1	7	11	True
Zm00001eb152840	chr3	-	False	True	0	0	2	2	True
Zm00001eb152860	chr3	+	False	True	0	0	0	0	False
Zm00001eb152900	chr3	+	False	True	9	0	25	34	True
Zm00001eb152940	chr3	+	False	True	7	1	2	10	True
Zm00001eb152950	chr3	-	False	True	0	0	0	0	False
Zm00001eb152970	chr3	-	False	True	1	1	1	3	True
Zm00001eb152980	chr3	+	False	True	8	1	21	30	True
Zm00001eb152990	chr3	+	False	True	2	2	6	10	True
Zm00001eb153020	chr3	+	False	True	1	0	4	5	True
Zm00001eb153030	chr3	+	False	True	1	0	4	5	True
Zm00001eb153060	chr3	+	False	True	3	0	9	12	True
Zm00001eb153100	chr3	-	False	True	18	1	64	83	True
Zm00001eb153130	chr3	-	False	True	4	2	18	24	True
Zm00001eb153180	chr3	-	False	True	6	0	16	22	True
Zm00001eb153200	chr3	+	False	True	1	0	0	1	True
Zm00001eb153240	chr3	+	False	True	5	1	17	23	True
Zm00001eb153330	chr3	-	False	True	7	0	10	17	True
Zm00001eb153360	chr3	-	False	True	14	1	25	40	True
Zm00001eb153380	chr3	+	False	True	1	1	5	7	True
Zm00001eb153460	chr3	-	False	True	2	0	1	3	True
Zm00001eb153470	chr3	+	False	True	2	0	7	9	True
Zm00001eb153480	chr3	-	False	True	6	0	40	46	True
Zm00001eb153490	chr3	+	False	True	1	1	6	8	True
Zm00001eb153500	chr3	-	False	True	6	0	15	21	True
Zm00001eb153520	chr3	-	False	True	3	1	47	51	True
Zm00001eb153530	chr3	+	False	True	4	1	20	25	True
Zm00001eb153570	chr3	-	False	True	2	0	5	7	True
Zm00001eb153580	chr3	+	False	True	0	0	26	26	True
Zm00001eb153590	chr3	+	False	True	1	1	48	50	True
Zm00001eb153620	chr3	+	False	True	7	1	16	24	True
Zm00001eb153660	chr3	-	False	True	7	2	37	46	True
Zm00001eb153710	chr3	+	False	True	7	2	16	25	True
Zm00001eb153730	chr3	+	False	True	8	2	24	34	True
Zm00001eb153770	chr3	-	False	True	4	0	22	26	True
Zm00001eb153780	chr3	+	False	True	9	0	22	31	True
Zm00001eb153790	chr3	-	False	True	8	1	16	25	True
Zm00001eb153800	chr3	-	False	True	3	0	18	21	True
Zm00001eb153830	chr3	+	False	True	0	0	0	0	False
Zm00001eb153850	chr3	+	False	True	0	0	0	0	False
Zm00001eb153980	chr3	+	False	True	4	1	27	32	True
Zm00001eb154010	chr3	-	False	True	1	0	2	3	True
Zm00001eb154040	chr3	-	False	True	2	0	10	12	True
Zm00001eb154050	chr3	+	False	True	0	0	1	1	True
Zm00001eb154060	chr3	-	False	True	3	0	12	15	True
Zm00001eb154100	chr3	-	False	True	0	2	2	4	True
Zm00001eb154110	chr3	-	False	True	2	2	4	8	True
Zm00001eb154120	chr3	+	False	True	2	0	5	7	True
Zm00001eb154130	chr3	+	False	True	0	0	1	1	True
Zm00001eb154170	chr3	+	False	True	9	0	9	18	True
Zm00001eb154190	chr3	-	False	True	4	2	27	33	True
Zm00001eb154220	chr3	-	False	True	12	0	18	30	True
Zm00001eb154290	chr3	-	False	True	3	0	22	25	True
Zm00001eb154300	chr3	+	False	True	4	0	24	28	True
Zm00001eb154350	chr3	+	False	True	1	1	8	10	True
Zm00001eb154420	chr3	-	False	True	7	0	7	14	True
Zm00001eb154440	chr3	-	False	True	1	2	8	11	True
Zm00001eb154450	chr3	-	False	True	5	0	17	22	True
Zm00001eb154470	chr3	+	False	True	9	1	16	26	True
Zm00001eb154480	chr3	-	False	True	6	0	33	39	True
Zm00001eb154490	chr3	-	True	False	1	1	7	9	True
Zm00001eb154510	chr3	+	False	True	2	1	22	25	True
Zm00001eb154520	chr3	-	False	True	2	1	11	14	True
Zm00001eb154530	chr3	+	False	True	0	1	2	3	True
Zm00001eb154550	chr3	-	False	True	1	0	9	10	True
Zm00001eb154570	chr3	+	False	True	1	1	2	4	True
Zm00001eb154580	chr3	-	False	True	2	0	6	8	True
Zm00001eb154590	chr3	+	False	True	0	1	0	1	True
Zm00001eb154600	chr3	+	False	True	15	0	11	26	True
Zm00001eb154640	chr3	-	False	True	2	2	6	10	True
Zm00001eb154650	chr3	-	False	True	11	0	18	29	True
Zm00001eb154690	chr3	-	False	True	2	0	1	3	True
Zm00001eb154710	chr3	+	False	True	5	0	13	18	True
Zm00001eb154730	chr3	+	False	True	6	0	20	26	True
Zm00001eb154790	chr3	-	False	True	2	1	8	11	True
Zm00001eb154820	chr3	+	False	True	7	0	13	20	True
Zm00001eb154830	chr3	-	False	True	12	0	20	32	True
Zm00001eb155010	chr3	+	False	True	4	0	9	13	True
Zm00001eb155060	chr3	+	False	True	9	1	17	27	True
Zm00001eb155080	chr3	-	False	True	2	1	7	10	True
Zm00001eb155120	chr3	+	False	True	1	0	6	7	True
Zm00001eb155140	chr3	+	False	True	4	3	16	23	True
Zm00001eb155150	chr3	-	False	True	5	1	29	35	True
Zm00001eb155160	chr3	+	False	True	1	2	2	5	True
Zm00001eb155170	chr3	-	False	True	1	0	0	1	True
Zm00001eb155240	chr3	+	False	True	0	0	0	0	False
Zm00001eb155250	chr3	-	False	True	4	0	11	15	True
Zm00001eb155260	chr3	-	False	True	5	2	11	18	True
Zm00001eb155270	chr3	-	False	True	6	0	18	24	True
Zm00001eb155280	chr3	-	False	True	1	0	5	6	True
Zm00001eb155310	chr3	-	False	True	9	2	35	46	True
Zm00001eb155320	chr3	+	False	True	1	0	4	5	True
Zm00001eb155350	chr3	+	False	True	8	1	23	32	True
Zm00001eb155420	chr3	+	False	True	9	0	31	40	True
Zm00001eb155560	chr3	-	False	True	7	1	7	15	True
Zm00001eb155660	chr3	-	False	True	13	1	9	23	True
Zm00001eb155670	chr3	-	False	True	4	1	12	17	True
Zm00001eb155720	chr3	-	False	True	2	1	6	9	True
Zm00001eb155830	chr3	+	False	True	3	1	10	14	True
Zm00001eb155910	chr3	+	False	True	4	1	24	29	True
Zm00001eb155920	chr3	-	False	True	11	0	12	23	True
Zm00001eb155980	chr3	+	False	True	1	1	7	9	True
Zm00001eb155990	chr3	-	False	True	1	1	1	3	True
Zm00001eb156000	chr3	-	False	True	1	1	5	7	True
Zm00001eb156010	chr3	+	False	True	1	2	4	7	True
Zm00001eb156020	chr3	+	False	True	5	0	42	47	True
Zm00001eb156040	chr3	+	False	True	3	0	15	18	True
Zm00001eb156260	chr3	-	False	True	0	0	0	0	False
Zm00001eb156610	chr3	+	False	True	0	0	1	1	True
Zm00001eb156640	chr3	-	False	True	8	2	51	61	True
Zm00001eb156650	chr3	+	False	True	0	1	2	3	True
Zm00001eb156690	chr3	+	False	True	3	0	36	39	True
Zm00001eb156700	chr3	+	False	True	7	0	23	30	True
Zm00001eb156710	chr3	-	False	True	15	0	21	36	True
Zm00001eb156740	chr3	-	False	True	8	0	27	35	True
Zm00001eb156750	chr3	+	False	True	0	1	3	4	True
Zm00001eb156770	chr3	-	False	True	5	0	27	32	True
Zm00001eb156820	chr3	-	False	True	3	0	15	18	True
Zm00001eb156910	chr3	-	False	True	1	0	4	5	True
Zm00001eb156920	chr3	+	False	True	0	0	0	0	False
Zm00001eb156930	chr3	-	False	True	0	0	8	8	True
Zm00001eb157010	chr3	-	False	True	1	3	5	9	True
Zm00001eb157070	chr3	+	False	True	4	0	28	32	True
Zm00001eb157090	chr3	+	False	True	8	1	65	74	True
Zm00001eb157120	chr3	+	False	True	6	0	25	31	True
Zm00001eb157140	chr3	-	False	True	3	0	11	14	True
Zm00001eb157150	chr3	+	False	True	15	2	65	82	True
Zm00001eb157170	chr3	+	False	True	0	0	8	8	True
Zm00001eb157200	chr3	-	False	True	0	0	1	1	True
Zm00001eb157210	chr3	-	False	True	0	0	0	0	False
Zm00001eb157230	chr3	-	False	True	7	0	11	18	True
Zm00001eb157270	chr3	+	False	True	13	0	8	21	True
Zm00001eb157280	chr3	+	False	True	7	0	29	36	True
Zm00001eb157300	chr3	-	False	True	2	2	9	13	True
Zm00001eb157340	chr3	+	False	True	6	0	4	10	True
Zm00001eb157350	chr3	-	False	True	1	0	0	1	True
Zm00001eb157380	chr3	+	False	True	7	4	14	25	True
Zm00001eb157410	chr3	+	False	True	0	1	0	1	True
Zm00001eb157430	chr3	-	False	True	2	0	2	4	True
Zm00001eb157440	chr3	+	False	True	2	0	2	4	True
Zm00001eb157470	chr3	-	False	True	3	0	39	42	True
Zm00001eb157490	chr3	+	False	True	1	1	2	4	True
Zm00001eb157640	chr3	+	False	True	7	1	38	46	True
Zm00001eb157650	chr3	+	True	False	8	1	19	28	True
Zm00001eb157660	chr3	-	False	True	6	2	12	20	True
Zm00001eb157710	chr3	+	False	True	3	0	13	16	True
Zm00001eb157740	chr3	-	False	True	2	0	28	30	True
Zm00001eb157790	chr3	-	False	True	8	1	28	37	True
Zm00001eb157810	chr3	+	False	True	3	2	8	13	True
Zm00001eb157820	chr3	-	False	True	2	0	16	18	True
Zm00001eb157830	chr3	-	False	True	1	0	2	3	True
Zm00001eb157850	chr3	-	False	True	5	2	18	25	True
Zm00001eb157860	chr3	+	False	True	8	0	18	26	True
Zm00001eb157890	chr3	+	False	True	6	2	33	41	True
Zm00001eb157900	chr3	+	False	True	1	1	11	13	True
Zm00001eb158000	chr3	+	False	True	8	0	17	25	True
Zm00001eb158030	chr3	-	False	True	5	0	3	8	True
Zm00001eb158040	chr3	-	False	True	4	0	17	21	True
Zm00001eb158050	chr3	+	False	True	0	0	8	8	True
Zm00001eb158110	chr3	+	False	True	2	0	20	22	True
Zm00001eb158170	chr3	+	False	True	9	0	17	26	True
Zm00001eb158190	chr3	-	False	True	7	0	40	47	True
Zm00001eb158210	chr3	+	False	True	0	0	0	0	False
Zm00001eb158220	chr3	-	False	True	8	2	36	46	True
Zm00001eb158260	chr3	-	False	True	4	0	8	12	True
Zm00001eb158270	chr3	+	False	True	0	0	4	4	True
Zm00001eb158290	chr3	+	True	False	11	2	35	48	True
Zm00001eb158300	chr3	+	False	True	9	1	21	31	True
Zm00001eb158320	chr3	+	False	True	0	1	15	16	True
Zm00001eb158370	chr3	-	False	True	8	1	16	25	True
Zm00001eb158380	chr3	+	False	True	1	0	15	16	True
Zm00001eb158420	chr3	+	False	True	5	1	3	9	True
Zm00001eb158470	chr3	-	False	True	10	0	32	42	True
Zm00001eb158480	chr3	+	False	True	16	1	37	54	True
Zm00001eb158490	chr3	+	False	True	0	1	1	2	True
Zm00001eb158500	chr3	-	False	True	0	1	4	5	True
Zm00001eb158640	chr3	+	False	True	6	2	46	54	True
Zm00001eb158710	chr3	+	False	True	1	0	3	4	True
Zm00001eb158770	chr3	-	False	True	3	2	13	18	True
Zm00001eb158800	chr3	-	True	False	5	1	14	20	True
Zm00001eb158810	chr3	-	True	False	9	0	9	18	True
Zm00001eb158840	chr3	+	False	True	0	0	1	1	True
Zm00001eb158850	chr3	-	False	True	2	0	8	10	True
Zm00001eb158860	chr3	+	False	True	6	1	9	16	True
Zm00001eb158920	chr3	+	False	True	3	1	9	13	True
Zm00001eb158970	chr3	-	False	True	2	1	4	7	True
Zm00001eb159000	chr3	-	False	True	6	1	40	47	True
Zm00001eb159010	chr3	+	False	True	10	0	20	30	True
Zm00001eb159040	chr3	-	False	True	5	0	20	25	True
Zm00001eb159080	chr3	+	True	False	4	0	23	27	True
Zm00001eb159140	chr3	-	False	True	0	0	26	26	True
Zm00001eb159150	chr3	-	False	True	3	0	22	25	True
Zm00001eb159160	chr3	-	False	True	5	2	30	37	True
Zm00001eb159200	chr3	-	False	True	1	0	0	1	True
Zm00001eb159250	chr3	-	False	True	10	0	36	46	True
Zm00001eb159280	chr3	-	False	True	1	1	0	2	True
Zm00001eb159290	chr3	+	False	True	1	0	7	8	True
Zm00001eb159310	chr3	+	False	True	1	0	6	7	True
Zm00001eb159320	chr3	+	False	True	1	1	8	10	True
Zm00001eb159350	chr3	-	False	True	1	0	7	8	True
Zm00001eb159380	chr3	+	False	True	12	0	8	20	True
Zm00001eb159400	chr3	-	False	True	4	0	15	19	True
Zm00001eb159410	chr3	+	False	True	12	0	8	20	True
Zm00001eb159420	chr3	-	False	True	3	0	52	55	True
Zm00001eb159440	chr3	+	False	True	6	2	22	30	True
Zm00001eb159470	chr3	-	False	True	8	1	18	27	True
Zm00001eb159520	chr3	+	False	True	0	0	0	0	False
Zm00001eb159530	chr3	-	False	True	1	0	8	9	True
Zm00001eb159550	chr3	+	False	True	3	0	10	13	True
Zm00001eb159560	chr3	-	False	True	16	0	54	70	True
Zm00001eb159570	chr3	+	False	True	12	0	17	29	True
Zm00001eb159590	chr3	+	False	True	7	2	45	54	True
Zm00001eb159620	chr3	+	False	True	3	1	27	31	True
Zm00001eb159630	chr3	+	False	True	5	1	11	17	True
Zm00001eb159640	chr3	+	False	True	6	0	28	34	True
Zm00001eb159670	chr3	-	False	True	2	0	1	3	True
Zm00001eb159720	chr3	+	False	True	3	0	4	7	True
Zm00001eb159730	chr3	+	False	True	11	0	25	36	True
Zm00001eb159750	chr3	+	False	True	0	0	2	2	True
Zm00001eb159790	chr3	+	False	True	0	0	0	0	False
Zm00001eb159840	chr3	-	False	True	0	0	5	5	True
Zm00001eb159890	chr3	-	False	True	3	0	30	33	True
Zm00001eb159930	chr3	+	False	True	0	0	0	0	False
Zm00001eb159970	chr3	-	False	True	8	1	21	30	True
Zm00001eb159980	chr3	-	False	True	2	0	2	4	True
Zm00001eb160010	chr3	+	False	True	0	0	0	0	False
Zm00001eb160020	chr3	-	False	True	0	2	4	6	True
Zm00001eb160030	chr3	+	False	True	10	2	31	43	True
Zm00001eb160040	chr3	+	False	True	3	0	11	14	True
Zm00001eb160050	chr3	-	False	True	9	0	35	44	True
Zm00001eb160070	chr3	+	False	True	1	0	0	1	True
Zm00001eb160100	chr3	+	False	True	6	0	19	25	True
Zm00001eb160120	chr3	+	False	True	1	1	3	5	True
Zm00001eb160160	chr3	+	False	True	7	1	59	67	True
Zm00001eb160170	chr3	-	False	True	0	0	0	0	False
Zm00001eb160200	chr3	+	False	True	0	0	0	0	False
Zm00001eb160210	chr3	+	False	True	5	0	11	16	True
Zm00001eb160220	chr3	-	False	True	7	0	43	50	True
Zm00001eb160260	chr3	+	False	True	8	0	13	21	True
Zm00001eb160270	chr3	-	False	True	5	0	10	15	True
Zm00001eb160300	chr3	+	False	True	3	1	7	11	True
Zm00001eb160310	chr3	+	False	True	0	0	2	2	True
Zm00001eb160340	chr3	-	False	True	1	1	19	21	True
Zm00001eb160350	chr3	+	False	True	2	0	32	34	True
Zm00001eb160360	chr3	-	False	True	2	0	5	7	True
Zm00001eb160380	chr3	+	False	True	11	0	14	25	True
Zm00001eb160390	chr3	-	False	True	3	0	3	6	True
Zm00001eb160460	chr3	-	False	True	4	1	5	10	True
Zm00001eb160470	chr3	+	False	True	0	0	0	0	False
Zm00001eb160490	chr3	-	False	True	0	0	14	14	True
Zm00001eb160500	chr3	-	False	True	5	0	13	18	True
Zm00001eb160510	chr3	+	False	True	4	0	13	17	True
Zm00001eb160550	chr3	-	True	False	8	0	34	42	True
Zm00001eb160590	chr3	+	False	True	11	1	22	34	True
Zm00001eb160600	chr3	+	False	True	4	0	26	30	True
Zm00001eb160680	chr3	-	False	True	0	0	0	0	False
Zm00001eb160700	chr3	-	True	False	1	0	9	10	True
Zm00001eb160710	chr3	-	False	True	2	0	6	8	True
Zm00001eb160720	chr3	+	False	True	2	0	6	8	True
Zm00001eb160740	chr3	+	False	True	0	1	13	14	True
Zm00001eb160760	chr3	-	False	True	3	0	24	27	True
Zm00001eb160770	chr3	+	False	True	6	0	27	33	True
Zm00001eb160790	chr3	+	False	True	1	0	7	8	True
Zm00001eb160810	chr3	+	False	True	7	1	40	48	True
Zm00001eb160820	chr3	+	False	True	19	0	14	33	True
Zm00001eb160830	chr3	+	False	True	8	2	31	41	True
Zm00001eb161030	chr3	-	False	True	5	1	7	13	True
Zm00001eb161040	chr3	+	False	True	0	0	1	1	True
Zm00001eb161050	chr3	+	False	True	16	0	14	30	True
Zm00001eb161080	chr3	+	False	True	6	1	21	28	True
Zm00001eb161170	chr3	+	False	True	8	0	39	47	True
Zm00001eb161200	chr3	+	False	True	3	1	6	10	True
Zm00001eb161290	chr3	-	False	True	3	2	11	16	True
Zm00001eb161310	chr3	-	False	True	5	0	8	13	True
Zm00001eb161320	chr3	+	False	True	0	0	2	2	True
Zm00001eb161340	chr3	+	False	True	0	0	0	0	False
Zm00001eb161360	chr3	-	False	True	8	1	19	28	True
Zm00001eb161460	chr3	+	False	True	2	0	30	32	True
Zm00001eb161490	chr3	-	False	True	8	0	17	25	True
Zm00001eb161510	chr3	-	False	True	6	3	28	37	True
Zm00001eb161520	chr3	-	False	True	4	0	17	21	True
Zm00001eb161530	chr3	+	False	True	5	0	18	23	True
Zm00001eb161570	chr3	+	False	True	4	0	7	11	True
Zm00001eb161590	chr3	-	False	True	0	0	4	4	True
Zm00001eb161610	chr3	+	False	True	12	1	20	33	True
Zm00001eb161640	chr3	+	False	True	5	0	29	34	True
Zm00001eb161660	chr3	+	False	True	11	0	26	37	True
Zm00001eb161680	chr3	-	False	True	8	0	14	22	True
Zm00001eb161690	chr3	-	False	True	4	1	10	15	True
Zm00001eb161700	chr3	-	False	True	4	0	9	13	True
Zm00001eb161710	chr3	-	False	True	13	0	24	37	True
Zm00001eb161720	chr3	+	False	True	6	1	30	37	True
Zm00001eb161790	chr3	-	False	True	15	0	21	36	True
Zm00001eb161810	chr3	+	False	True	6	1	28	35	True
Zm00001eb161820	chr3	+	False	True	1	0	18	19	True
Zm00001eb161830	chr3	-	False	True	4	1	4	9	True
Zm00001eb161850	chr3	-	False	True	7	1	23	31	True
Zm00001eb161860	chr3	-	False	True	5	1	8	14	True
Zm00001eb161900	chr3	+	False	True	5	0	17	22	True
Zm00001eb162000	chr3	+	False	True	0	0	0	0	False
Zm00001eb162010	chr3	-	False	True	3	0	22	25	True
Zm00001eb162020	chr3	-	False	True	2	1	5	8	True
Zm00001eb162030	chr3	+	False	True	0	1	1	2	True
Zm00001eb162060	chr3	-	False	True	1	0	4	5	True
Zm00001eb162090	chr3	+	False	True	3	1	24	28	True
Zm00001eb162130	chr3	-	False	True	0	1	4	5	True
Zm00001eb162140	chr3	+	False	True	5	0	11	16	True
Zm00001eb162150	chr3	-	False	True	4	1	8	13	True
Zm00001eb162180	chr3	-	False	True	15	0	43	58	True
Zm00001eb162210	chr3	-	False	True	8	2	25	35	True
Zm00001eb162220	chr3	-	False	True	1	2	11	14	True
Zm00001eb162230	chr3	-	False	True	5	0	19	24	True
Zm00001eb162240	chr3	-	False	True	0	1	0	1	True
Zm00001eb162250	chr3	-	False	True	2	1	17	20	True
Zm00001eb162270	chr3	-	False	True	1	0	6	7	True
Zm00001eb162300	chr3	-	False	True	2	1	9	12	True
Zm00001eb162330	chr3	+	False	True	0	0	4	4	True
Zm00001eb162370	chr3	+	False	True	3	2	18	23	True
Zm00001eb162400	chr3	+	False	True	1	0	10	11	True
Zm00001eb162410	chr3	+	False	True	4	1	23	28	True
Zm00001eb162430	chr3	-	False	True	5	1	13	19	True
Zm00001eb162470	chr3	-	False	True	8	1	48	57	True
Zm00001eb162530	chr3	+	True	False	1	1	6	8	True
Zm00001eb162550	chr3	-	False	True	5	0	40	45	True
Zm00001eb162570	chr3	+	True	False	5	0	13	18	True
Zm00001eb162630	chr3	+	False	True	0	0	0	0	False
Zm00001eb162710	chr3	-	False	True	11	0	30	41	True
Zm00001eb162720	chr3	+	False	True	10	2	19	31	True
Zm00001eb162740	chr3	-	False	True	7	0	11	18	True
Zm00001eb162760	chr3	-	False	True	3	0	24	27	True
Zm00001eb162790	chr3	+	False	True	2	0	9	11	True
Zm00001eb162800	chr3	-	False	True	3	2	45	50	True
Zm00001eb162810	chr3	-	False	True	0	0	2	2	True
Zm00001eb162820	chr3	+	False	True	0	0	0	0	False
Zm00001eb162830	chr3	+	False	True	13	1	24	38	True
Zm00001eb162920	chr3	+	False	True	0	0	1	1	True
Zm00001eb162930	chr3	-	True	False	3	2	8	13	True
Zm00001eb162950	chr3	+	False	True	1	0	36	37	True
Zm00001eb163100	chr3	+	False	True	8	0	35	43	True
Zm00001eb163120	chr3	+	False	True	5	1	11	17	True
Zm00001eb163150	chr3	-	False	True	6	1	28	35	True
Zm00001eb163160	chr3	-	False	True	4	0	28	32	True
Zm00001eb163200	chr3	-	False	True	4	0	6	10	True
Zm00001eb163210	chr3	-	False	True	7	0	17	24	True
Zm00001eb163250	chr3	+	False	True	6	2	14	22	True
Zm00001eb163260	chr3	-	False	True	8	0	30	38	True
Zm00001eb163270	chr3	+	False	True	10	0	30	40	True
Zm00001eb163280	chr3	-	False	True	5	2	12	19	True
Zm00001eb163300	chr3	+	False	True	5	1	17	23	True
Zm00001eb163370	chr3	+	False	True	0	0	4	4	True
Zm00001eb163380	chr3	+	False	True	2	0	18	20	True
Zm00001eb163470	chr3	+	False	True	11	0	18	29	True
Zm00001eb163480	chr3	-	False	True	5	1	8	14	True
Zm00001eb163500	chr3	+	False	True	3	0	23	26	True
Zm00001eb163510	chr3	-	False	True	8	0	16	24	True
Zm00001eb163520	chr3	+	False	True	8	0	12	20	True
Zm00001eb163530	chr3	-	False	True	1	1	8	10	True
Zm00001eb163540	chr3	+	False	True	4	0	14	18	True
Zm00001eb163550	chr3	+	False	True	7	0	13	20	True
Zm00001eb163570	chr3	-	False	True	0	0	0	0	False
Zm00001eb163630	chr3	+	False	True	15	1	83	99	True
Zm00001eb163640	chr3	-	False	True	2	0	17	19	True
Zm00001eb163730	chr3	+	False	True	20	0	50	70	True
Zm00001eb163750	chr3	-	False	True	4	1	16	21	True
Zm00001eb163760	chr3	+	False	True	8	0	14	22	True
Zm00001eb163780	chr3	+	False	True	0	0	1	1	True
Zm00001eb163800	chr3	-	False	True	0	1	8	9	True
Zm00001eb163810	chr3	+	False	True	2	0	17	19	True
Zm00001eb163860	chr3	+	False	True	15	0	17	32	True
Zm00001eb163950	chr3	-	False	True	12	0	7	19	True
Zm00001eb163960	chr3	-	False	True	3	2	5	10	True
Zm00001eb163970	chr3	+	False	True	0	0	5	5	True
Zm00001eb163980	chr3	-	False	True	1	0	0	1	True
Zm00001eb164300	chr4	+	False	True	6	0	6	12	True
Zm00001eb164310	chr4	-	False	True	7	0	29	36	True
Zm00001eb164330	chr4	+	False	True	9	1	42	52	True
Zm00001eb164380	chr4	+	False	True	4	0	19	23	True
Zm00001eb164390	chr4	+	False	True	0	0	1	1	True
Zm00001eb164530	chr4	-	False	True	6	1	9	16	True
Zm00001eb164590	chr4	+	False	True	3	0	20	23	True
Zm00001eb164610	chr4	-	True	False	5	0	14	19	True
Zm00001eb164620	chr4	+	False	True	0	0	1	1	True
Zm00001eb164630	chr4	-	False	True	0	0	0	0	False
Zm00001eb164660	chr4	+	False	True	0	0	1	1	True
Zm00001eb164720	chr4	+	False	True	0	0	5	5	True
Zm00001eb164730	chr4	+	False	True	6	1	48	55	True
Zm00001eb164820	chr4	-	False	True	4	1	20	25	True
Zm00001eb164960	chr4	-	False	True	12	0	30	42	True
Zm00001eb165060	chr4	-	False	True	2	1	18	21	True
Zm00001eb165200	chr4	+	False	True	5	1	5	11	True
Zm00001eb165210	chr4	-	False	True	1	0	8	9	True
Zm00001eb165310	chr4	-	False	True	2	0	4	6	True
Zm00001eb165320	chr4	-	False	True	3	0	9	12	True
Zm00001eb165370	chr4	+	False	True	0	0	0	0	False
Zm00001eb165400	chr4	+	False	True	1	0	0	1	True
Zm00001eb165410	chr4	+	False	True	2	0	6	8	True
Zm00001eb165420	chr4	+	False	True	7	0	36	43	True
Zm00001eb165440	chr4	-	False	True	5	3	25	33	True
Zm00001eb165450	chr4	+	False	True	14	1	51	66	True
Zm00001eb165460	chr4	+	True	False	8	1	23	32	True
Zm00001eb165580	chr4	+	True	False	6	0	25	31	True
Zm00001eb165610	chr4	+	False	True	1	0	7	8	True
Zm00001eb165620	chr4	+	False	True	7	0	8	15	True
Zm00001eb165700	chr4	-	False	True	4	0	15	19	True
Zm00001eb165740	chr4	-	False	True	1	0	6	7	True
Zm00001eb165810	chr4	+	False	True	3	1	16	20	True
Zm00001eb165860	chr4	+	False	True	19	3	29	51	True
Zm00001eb165870	chr4	+	False	True	9	1	34	44	True
Zm00001eb165880	chr4	+	False	True	6	0	13	19	True
Zm00001eb165950	chr4	+	False	True	4	2	22	28	True
Zm00001eb166150	chr4	+	False	True	11	0	17	28	True
Zm00001eb166180	chr4	+	False	True	6	1	11	18	True
Zm00001eb166260	chr4	+	False	True	3	0	27	30	True
Zm00001eb166390	chr4	-	False	True	13	1	13	27	True
Zm00001eb166410	chr4	+	False	True	14	0	11	25	True
Zm00001eb166440	chr4	+	True	False	1	1	9	11	True
Zm00001eb166450	chr4	+	False	True	7	1	17	25	True
Zm00001eb166460	chr4	-	False	True	2	0	0	2	True
Zm00001eb166490	chr4	-	False	True	1	0	0	1	True
Zm00001eb166540	chr4	-	False	True	16	0	25	41	True
Zm00001eb166550	chr4	+	False	True	7	0	6	13	True
Zm00001eb166570	chr4	+	False	True	0	0	0	0	False
Zm00001eb166680	chr4	+	False	True	9	0	50	59	True
Zm00001eb166700	chr4	-	False	True	10	1	61	72	True
Zm00001eb166710	chr4	+	False	True	12	1	40	53	True
Zm00001eb166740	chr4	-	False	True	23	2	35	60	True
Zm00001eb166750	chr4	+	False	True	11	3	17	31	True
Zm00001eb166760	chr4	-	False	True	1	0	6	7	True
Zm00001eb166820	chr4	-	False	True	0	0	1	1	True
Zm00001eb166870	chr4	+	False	True	13	1	26	40	True
Zm00001eb167080	chr4	-	False	True	0	0	1	1	True
Zm00001eb167230	chr4	+	False	True	3	0	14	17	True
Zm00001eb167240	chr4	-	False	True	6	0	16	22	True
Zm00001eb167250	chr4	-	False	True	0	1	0	1	True
Zm00001eb167290	chr4	+	False	True	3	0	9	12	True
Zm00001eb167300	chr4	-	False	True	5	0	33	38	True
Zm00001eb167310	chr4	+	False	True	2	1	29	32	True
Zm00001eb167320	chr4	-	False	True	10	1	59	70	True
Zm00001eb167360	chr4	-	False	True	10	0	14	24	True
Zm00001eb167370	chr4	-	False	True	7	2	12	21	True
Zm00001eb167380	chr4	-	False	True	20	1	21	42	True
Zm00001eb167430	chr4	+	False	True	4	0	4	8	True
Zm00001eb167710	chr4	-	False	True	7	0	18	25	True
Zm00001eb167720	chr4	+	False	True	5	0	8	13	True
Zm00001eb167740	chr4	+	False	True	10	1	17	28	True
Zm00001eb167770	chr4	-	False	True	6	0	38	44	True
Zm00001eb167790	chr4	-	False	True	2	1	9	12	True
Zm00001eb167820	chr4	-	False	True	10	2	20	32	True
Zm00001eb167850	chr4	-	False	True	2	0	4	6	True
Zm00001eb167910	chr4	-	False	True	9	0	27	36	True
Zm00001eb167940	chr4	+	False	True	0	0	3	3	True
Zm00001eb168090	chr4	+	False	True	2	0	5	7	True
Zm00001eb168100	chr4	+	False	True	2	0	14	16	True
Zm00001eb168160	chr4	-	False	True	8	1	6	15	True
Zm00001eb168170	chr4	-	False	True	1	0	1	2	True
Zm00001eb168220	chr4	-	False	True	0	0	1	1	True
Zm00001eb168270	chr4	+	False	True	3	0	24	27	True
Zm00001eb168410	chr4	+	False	True	5	1	17	23	True
Zm00001eb168430	chr4	-	False	True	2	0	7	9	True
Zm00001eb168450	chr4	+	False	True	0	0	1	1	True
Zm00001eb168470	chr4	+	False	True	6	0	20	26	True
Zm00001eb168480	chr4	-	False	True	5	0	20	25	True
Zm00001eb168510	chr4	+	False	True	3	1	2	6	True
Zm00001eb168520	chr4	+	False	True	3	0	3	6	True
Zm00001eb168550	chr4	+	False	True	2	0	7	9	True
Zm00001eb168570	chr4	-	False	True	6	0	22	28	True
Zm00001eb168670	chr4	+	False	True	5	0	11	16	True
Zm00001eb168720	chr4	+	False	True	0	1	1	2	True
Zm00001eb168730	chr4	-	False	True	6	0	6	12	True
Zm00001eb168810	chr4	-	False	True	10	2	17	29	True
Zm00001eb168830	chr4	+	False	True	5	0	16	21	True
Zm00001eb168870	chr4	-	False	True	0	0	0	0	False
Zm00001eb168910	chr4	-	False	True	4	0	22	26	True
Zm00001eb168920	chr4	-	False	True	1	0	0	1	True
Zm00001eb168930	chr4	+	False	True	0	1	1	2	True
Zm00001eb168950	chr4	-	False	True	10	1	33	44	True
Zm00001eb169010	chr4	-	False	True	2	0	26	28	True
Zm00001eb169020	chr4	-	False	True	5	0	8	13	True
Zm00001eb169050	chr4	+	False	True	4	1	18	23	True
Zm00001eb169070	chr4	-	False	True	1	0	21	22	True
Zm00001eb169130	chr4	+	False	True	7	0	11	18	True
Zm00001eb169140	chr4	-	False	True	6	0	18	24	True
Zm00001eb169150	chr4	+	False	True	3	0	13	16	True
Zm00001eb169160	chr4	-	False	True	2	1	5	8	True
Zm00001eb169190	chr4	+	False	True	4	1	21	26	True
Zm00001eb169280	chr4	-	True	False	6	1	10	17	True
Zm00001eb169310	chr4	+	False	True	3	0	8	11	True
Zm00001eb169320	chr4	+	False	True	19	0	45	64	True
Zm00001eb169330	chr4	-	False	True	9	1	29	39	True
Zm00001eb169340	chr4	+	False	True	2	0	2	4	True
Zm00001eb169350	chr4	+	False	True	4	1	9	14	True
Zm00001eb169360	chr4	+	False	True	1	0	5	6	True
Zm00001eb169370	chr4	-	False	True	1	0	3	4	True
Zm00001eb169380	chr4	-	False	True	2	3	25	30	True
Zm00001eb169400	chr4	-	False	True	4	0	28	32	True
Zm00001eb169450	chr4	-	False	True	9	2	52	63	True
Zm00001eb169490	chr4	-	False	True	1	0	2	3	True
Zm00001eb169520	chr4	+	False	True	12	1	57	70	True
Zm00001eb169540	chr4	+	False	True	1	0	3	4	True
Zm00001eb169560	chr4	+	False	True	1	0	1	2	True
Zm00001eb169570	chr4	-	False	True	12	1	11	24	True
Zm00001eb169580	chr4	-	False	True	7	4	52	63	True
Zm00001eb169590	chr4	+	False	True	8	2	49	59	True
Zm00001eb169600	chr4	+	False	True	5	0	32	37	True
Zm00001eb169620	chr4	+	True	False	1	1	6	8	True
Zm00001eb169630	chr4	-	False	True	5	2	12	19	True
Zm00001eb169640	chr4	-	False	True	1	2	8	11	True
Zm00001eb169710	chr4	-	False	True	4	0	29	33	True
Zm00001eb169740	chr4	-	False	True	2	0	14	16	True
Zm00001eb169750	chr4	+	False	True	11	0	49	60	True
Zm00001eb169770	chr4	-	False	True	0	0	1	1	True
Zm00001eb169790	chr4	+	False	True	1	0	4	5	True
Zm00001eb169800	chr4	-	False	True	10	0	32	42	True
Zm00001eb169870	chr4	+	False	True	2	1	10	13	True
Zm00001eb169910	chr4	-	False	True	1	0	12	13	True
Zm00001eb169920	chr4	+	False	True	0	0	0	0	False
Zm00001eb169940	chr4	-	False	True	5	1	25	31	True
Zm00001eb170020	chr4	-	False	True	6	1	21	28	True
Zm00001eb170040	chr4	+	False	True	0	0	6	6	True
Zm00001eb170080	chr4	-	False	True	0	0	2	2	True
Zm00001eb170190	chr4	-	False	True	8	0	21	29	True
Zm00001eb170240	chr4	-	False	True	6	0	36	42	True
Zm00001eb170330	chr4	+	False	True	8	0	13	21	True
Zm00001eb170340	chr4	+	False	True	0	0	0	0	False
Zm00001eb170350	chr4	+	False	True	0	0	4	4	True
Zm00001eb170360	chr4	+	False	True	5	0	12	17	True
Zm00001eb170540	chr4	-	False	True	6	0	14	20	True
Zm00001eb170550	chr4	+	False	True	1	0	0	1	True
Zm00001eb170610	chr4	-	False	True	1	2	9	12	True
Zm00001eb170630	chr4	+	False	True	1	1	7	9	True
Zm00001eb170650	chr4	-	False	True	2	3	16	21	True
Zm00001eb170690	chr4	+	False	True	0	0	8	8	True
Zm00001eb170720	chr4	+	False	True	1	0	4	5	True
Zm00001eb170740	chr4	+	False	True	0	1	2	3	True
Zm00001eb170810	chr4	-	True	False	9	2	18	29	True
Zm00001eb170870	chr4	+	False	True	0	0	3	3	True
Zm00001eb170900	chr4	-	False	True	10	0	21	31	True
Zm00001eb170920	chr4	-	False	True	1	0	4	5	True
Zm00001eb170930	chr4	-	False	True	1	1	6	8	True
Zm00001eb171000	chr4	+	False	True	10	0	19	29	True
Zm00001eb171010	chr4	+	False	True	0	1	1	2	True
Zm00001eb171020	chr4	-	False	True	5	0	15	20	True
Zm00001eb171030	chr4	-	False	True	5	1	37	43	True
Zm00001eb171040	chr4	-	False	True	0	0	1	1	True
Zm00001eb171060	chr4	-	False	True	0	0	1	1	True
Zm00001eb171080	chr4	+	False	True	0	0	1	1	True
Zm00001eb171090	chr4	-	False	True	10	1	30	41	True
Zm00001eb171100	chr4	+	False	True	2	0	16	18	True
Zm00001eb171110	chr4	-	False	True	8	0	39	47	True
Zm00001eb171130	chr4	+	False	True	5	0	52	57	True
Zm00001eb171140	chr4	-	False	True	13	2	42	57	True
Zm00001eb171180	chr4	+	False	True	2	0	14	16	True
Zm00001eb171190	chr4	+	False	True	4	1	13	18	True
Zm00001eb171200	chr4	-	False	True	0	0	1	1	True
Zm00001eb171230	chr4	-	False	True	2	0	3	5	True
Zm00001eb171240	chr4	+	False	True	1	0	2	3	True
Zm00001eb171260	chr4	+	False	True	0	0	3	3	True
Zm00001eb171440	chr4	+	False	True	9	0	8	17	True
Zm00001eb171480	chr4	+	False	True	0	0	4	4	True
Zm00001eb171710	chr4	+	False	True	10	0	38	48	True
Zm00001eb171720	chr4	-	False	True	2	0	0	2	True
Zm00001eb171750	chr4	+	False	True	3	1	8	12	True
Zm00001eb171780	chr4	-	False	True	1	1	16	18	True
Zm00001eb171790	chr4	-	False	True	2	1	8	11	True
Zm00001eb171810	chr4	-	False	True	1	1	2	4	True
Zm00001eb171840	chr4	+	False	True	1	0	3	4	True
Zm00001eb171850	chr4	-	False	True	1	0	1	2	True
Zm00001eb172020	chr4	+	False	True	0	0	1	1	True
Zm00001eb172070	chr4	-	False	True	7	4	21	32	True
Zm00001eb172090	chr4	-	False	True	0	1	8	9	True
Zm00001eb172100	chr4	+	False	True	10	0	38	48	True
Zm00001eb172170	chr4	-	False	True	3	1	17	21	True
Zm00001eb172200	chr4	-	False	True	9	1	17	27	True
Zm00001eb172230	chr4	+	False	True	3	0	10	13	True
Zm00001eb172280	chr4	-	False	True	0	0	1	1	True
Zm00001eb172290	chr4	+	False	True	17	0	25	42	True
Zm00001eb172300	chr4	-	False	True	4	2	6	12	True
Zm00001eb172390	chr4	+	False	True	6	2	25	33	True
Zm00001eb172410	chr4	+	False	True	10	0	25	35	True
Zm00001eb172420	chr4	-	False	True	3	0	12	15	True
Zm00001eb172520	chr4	+	False	True	8	1	16	25	True
Zm00001eb172540	chr4	+	False	True	0	0	8	8	True
Zm00001eb172580	chr4	+	False	True	1	0	2	3	True
Zm00001eb172590	chr4	-	False	True	8	0	18	26	True
Zm00001eb172630	chr4	-	False	True	0	1	5	6	True
Zm00001eb172640	chr4	-	False	True	3	1	22	26	True
Zm00001eb172650	chr4	-	False	True	2	2	8	12	True
Zm00001eb172680	chr4	+	False	True	1	1	1	3	True
Zm00001eb172700	chr4	-	False	True	0	0	2	2	True
Zm00001eb172770	chr4	+	False	True	3	0	3	6	True
Zm00001eb172780	chr4	-	False	True	1	2	2	5	True
Zm00001eb172860	chr4	+	False	True	7	1	17	25	True
Zm00001eb172880	chr4	+	False	True	0	0	3	3	True
Zm00001eb172890	chr4	-	False	True	2	1	9	12	True
Zm00001eb172910	chr4	+	False	True	1	1	6	8	True
Zm00001eb172980	chr4	-	False	True	4	1	15	20	True
Zm00001eb173030	chr4	+	False	True	1	0	4	5	True
Zm00001eb173050	chr4	+	False	True	2	0	33	35	True
Zm00001eb173060	chr4	-	False	True	1	0	5	6	True
Zm00001eb173070	chr4	+	False	True	6	0	3	9	True
Zm00001eb173100	chr4	-	False	True	1	0	1	2	True
Zm00001eb173150	chr4	+	False	True	1	0	0	1	True
Zm00001eb173170	chr4	-	False	True	7	2	35	44	True
Zm00001eb173190	chr4	+	False	True	0	0	0	0	False
Zm00001eb173250	chr4	-	False	True	8	0	20	28	True
Zm00001eb173260	chr4	+	False	True	2	0	10	12	True
Zm00001eb173270	chr4	+	False	True	6	0	29	35	True
Zm00001eb173330	chr4	-	False	True	3	1	6	10	True
Zm00001eb173350	chr4	-	False	True	1	0	16	17	True
Zm00001eb173360	chr4	+	False	True	4	1	31	36	True
Zm00001eb173410	chr4	-	False	True	4	0	5	9	True
Zm00001eb173470	chr4	-	False	True	1	0	11	12	True
Zm00001eb173490	chr4	+	False	True	4	0	6	10	True
Zm00001eb173500	chr4	-	False	True	8	2	19	29	True
Zm00001eb173520	chr4	+	False	True	7	1	19	27	True
Zm00001eb173640	chr4	+	False	True	6	0	32	38	True
Zm00001eb173650	chr4	-	False	True	5	0	12	17	True
Zm00001eb173660	chr4	+	False	True	4	0	15	19	True
Zm00001eb173680	chr4	-	False	True	0	2	31	33	True
Zm00001eb173700	chr4	+	False	True	0	1	1	2	True
Zm00001eb173710	chr4	+	False	True	8	0	43	51	True
Zm00001eb173820	chr4	+	False	True	3	1	1	5	True
Zm00001eb173880	chr4	-	False	True	0	1	11	12	True
Zm00001eb173940	chr4	+	False	True	5	1	33	39	True
Zm00001eb173960	chr4	-	False	True	5	0	12	17	True
Zm00001eb173990	chr4	+	False	True	5	1	26	32	True
Zm00001eb174000	chr4	-	False	True	10	0	15	25	True
Zm00001eb174010	chr4	+	False	True	2	1	10	13	True
Zm00001eb174030	chr4	+	False	True	1	0	7	8	True
Zm00001eb174060	chr4	+	False	True	0	0	0	0	False
Zm00001eb174080	chr4	-	False	True	0	0	1	1	True
Zm00001eb174100	chr4	-	False	True	1	0	0	1	True
Zm00001eb174120	chr4	+	False	True	0	0	1	1	True
Zm00001eb174130	chr4	+	False	True	5	1	10	16	True
Zm00001eb174170	chr4	-	False	True	5	0	19	24	True
Zm00001eb174340	chr4	-	False	True	0	0	1	1	True
Zm00001eb174360	chr4	+	False	True	0	0	1	1	True
Zm00001eb174440	chr4	+	False	True	0	0	0	0	False
Zm00001eb174450	chr4	-	False	True	1	0	1	2	True
Zm00001eb174460	chr4	-	False	True	1	0	1	2	True
Zm00001eb174480	chr4	+	False	True	1	0	5	6	True
Zm00001eb174560	chr4	+	False	True	0	0	0	0	False
Zm00001eb174610	chr4	+	False	True	1	0	19	20	True
Zm00001eb174620	chr4	-	False	True	1	0	23	24	True
Zm00001eb174630	chr4	-	False	True	6	2	21	29	True
Zm00001eb174640	chr4	-	False	True	1	0	9	10	True
Zm00001eb174670	chr4	+	False	True	0	1	3	4	True
Zm00001eb174710	chr4	-	False	True	3	3	24	30	True
Zm00001eb174730	chr4	+	False	True	8	0	14	22	True
Zm00001eb174750	chr4	-	False	True	0	0	0	0	False
Zm00001eb174880	chr4	+	False	True	0	0	1	1	True
Zm00001eb174900	chr4	-	True	False	0	0	0	0	False
Zm00001eb174930	chr4	+	False	True	0	0	1	1	True
Zm00001eb174990	chr4	-	False	True	7	0	14	21	True
Zm00001eb175230	chr4	+	False	True	0	0	0	0	False
Zm00001eb175280	chr4	-	False	True	1	0	8	9	True
Zm00001eb175380	chr4	-	False	True	4	0	28	32	True
Zm00001eb175400	chr4	+	False	True	5	0	3	8	True
Zm00001eb175430	chr4	+	False	True	5	0	5	10	True
Zm00001eb175470	chr4	-	False	True	0	0	1	1	True
Zm00001eb175540	chr4	-	False	True	0	0	0	0	False
Zm00001eb175620	chr4	+	False	True	0	0	1	1	True
Zm00001eb175670	chr4	+	False	True	1	0	1	2	True
Zm00001eb175760	chr4	-	False	True	0	1	2	3	True
Zm00001eb175810	chr4	+	False	True	1	1	5	7	True
Zm00001eb175840	chr4	+	False	True	5	0	20	25	True
Zm00001eb175850	chr4	+	False	True	1	0	21	22	True
Zm00001eb175890	chr4	-	False	True	1	0	1	2	True
Zm00001eb175980	chr4	+	False	True	0	0	1	1	True
Zm00001eb176050	chr4	+	False	True	0	0	1	1	True
Zm00001eb176120	chr4	-	False	True	0	0	1	1	True
Zm00001eb176160	chr4	-	False	True	0	0	2	2	True
Zm00001eb176220	chr4	+	False	True	0	1	3	4	True
Zm00001eb176260	chr4	+	False	True	2	0	14	16	True
Zm00001eb176270	chr4	-	False	True	0	1	2	3	True
Zm00001eb176300	chr4	+	False	True	0	0	0	0	False
Zm00001eb176310	chr4	-	False	True	2	0	15	17	True
Zm00001eb176340	chr4	+	False	True	1	0	8	9	True
Zm00001eb176370	chr4	+	False	True	1	0	2	3	True
Zm00001eb176440	chr4	+	False	True	3	0	4	7	True
Zm00001eb176470	chr4	+	False	True	4	1	5	10	True
Zm00001eb176620	chr4	-	False	True	3	0	3	6	True
Zm00001eb176710	chr4	+	False	True	0	0	0	0	False
Zm00001eb176760	chr4	-	False	True	0	0	0	0	False
Zm00001eb176800	chr4	+	False	True	1	0	0	1	True
Zm00001eb176810	chr4	-	False	True	0	0	2	2	True
Zm00001eb176900	chr4	+	False	True	4	0	9	13	True
Zm00001eb176930	chr4	+	False	True	0	1	7	8	True
Zm00001eb176950	chr4	-	False	True	1	0	2	3	True
Zm00001eb177000	chr4	+	False	True	1	1	1	3	True
Zm00001eb177100	chr4	-	False	True	0	1	7	8	True
Zm00001eb177120	chr4	+	False	True	0	0	1	1	True
Zm00001eb177150	chr4	+	False	True	2	1	16	19	True
Zm00001eb177180	chr4	+	False	True	0	1	0	1	True
Zm00001eb177260	chr4	+	False	True	1	0	0	1	True
Zm00001eb177290	chr4	-	False	True	6	2	42	50	True
Zm00001eb177310	chr4	-	False	True	7	0	20	27	True
Zm00001eb177410	chr4	+	False	True	1	0	1	2	True
Zm00001eb177440	chr4	-	False	True	0	1	3	4	True
Zm00001eb177490	chr4	+	False	True	0	0	0	0	False
Zm00001eb177530	chr4	-	False	True	3	2	13	18	True
Zm00001eb177560	chr4	-	False	True	3	1	20	24	True
Zm00001eb177640	chr4	+	False	True	1	0	27	28	True
Zm00001eb177670	chr4	+	False	True	3	0	14	17	True
Zm00001eb177690	chr4	+	False	True	6	0	11	17	True
Zm00001eb177750	chr4	-	False	True	5	2	17	24	True
Zm00001eb177820	chr4	-	False	True	7	0	13	20	True
Zm00001eb177850	chr4	-	False	True	0	1	8	9	True
Zm00001eb177870	chr4	+	False	True	3	1	25	29	True
Zm00001eb177880	chr4	+	False	True	7	1	7	15	True
Zm00001eb177920	chr4	+	False	True	4	0	10	14	True
Zm00001eb177940	chr4	+	False	True	1	0	3	4	True
Zm00001eb177980	chr4	+	False	True	2	0	4	6	True
Zm00001eb178070	chr4	-	False	True	1	0	3	4	True
Zm00001eb178110	chr4	+	False	True	2	0	4	6	True
Zm00001eb178120	chr4	+	False	True	0	0	4	4	True
Zm00001eb178240	chr4	-	False	True	0	1	8	9	True
Zm00001eb178250	chr4	-	False	True	10	1	21	32	True
Zm00001eb178280	chr4	+	False	True	6	0	12	18	True
Zm00001eb178290	chr4	-	False	True	0	0	4	4	True
Zm00001eb178320	chr4	+	True	False	4	0	13	17	True
Zm00001eb178330	chr4	+	False	True	4	0	16	20	True
Zm00001eb178370	chr4	+	False	True	6	0	39	45	True
Zm00001eb178400	chr4	-	False	True	3	1	7	11	True
Zm00001eb178470	chr4	-	False	True	0	0	0	0	False
Zm00001eb178500	chr4	+	False	True	0	0	6	6	True
Zm00001eb178520	chr4	+	False	True	1	0	6	7	True
Zm00001eb178540	chr4	+	False	True	4	0	4	8	True
Zm00001eb178560	chr4	-	False	True	3	1	12	16	True
Zm00001eb178690	chr4	+	False	True	6	0	34	40	True
Zm00001eb178700	chr4	+	False	True	3	0	9	12	True
Zm00001eb178810	chr4	+	False	True	4	1	5	10	True
Zm00001eb178820	chr4	+	False	True	0	0	2	2	True
Zm00001eb178840	chr4	-	False	True	2	0	0	2	True
Zm00001eb178890	chr4	+	False	True	0	1	0	1	True
Zm00001eb178930	chr4	-	False	True	4	1	24	29	True
Zm00001eb178960	chr4	+	False	True	21	2	64	87	True
Zm00001eb179000	chr4	-	False	True	5	0	19	24	True
Zm00001eb179010	chr4	-	False	True	0	0	1	1	True
Zm00001eb179020	chr4	-	False	True	1	0	2	3	True
Zm00001eb179040	chr4	-	False	True	0	1	10	11	True
Zm00001eb179140	chr4	+	False	True	0	0	3	3	True
Zm00001eb179170	chr4	-	False	True	0	0	2	2	True
Zm00001eb179190	chr4	+	False	True	0	0	0	0	False
Zm00001eb179200	chr4	+	False	True	1	0	1	2	True
Zm00001eb179210	chr4	-	False	True	0	0	0	0	False
Zm00001eb179260	chr4	+	False	True	0	0	4	4	True
Zm00001eb179280	chr4	-	False	True	9	0	33	42	True
Zm00001eb179390	chr4	-	False	True	0	0	0	0	False
Zm00001eb179440	chr4	-	False	True	7	0	16	23	True
Zm00001eb179570	chr4	-	False	True	0	0	1	1	True
Zm00001eb179600	chr4	-	False	True	3	1	4	8	True
Zm00001eb179680	chr4	+	False	True	1	1	3	5	True
Zm00001eb179750	chr4	-	False	True	1	1	10	12	True
Zm00001eb179810	chr4	-	False	True	1	1	3	5	True
Zm00001eb179830	chr4	-	False	True	0	0	6	6	True
Zm00001eb179870	chr4	-	False	True	1	1	2	4	True
Zm00001eb180080	chr4	-	False	True	0	0	2	2	True
Zm00001eb180180	chr4	-	False	True	1	0	4	5	True
Zm00001eb180290	chr4	+	False	True	0	0	0	0	False
Zm00001eb180420	chr4	-	False	True	0	1	0	1	True
Zm00001eb180470	chr4	-	False	True	1	0	6	7	True
Zm00001eb180480	chr4	-	False	True	2	0	3	5	True
Zm00001eb180650	chr4	+	False	True	0	0	1	1	True
Zm00001eb180680	chr4	-	False	True	0	0	2	2	True
Zm00001eb180790	chr4	-	False	True	0	0	1	1	True
Zm00001eb180850	chr4	-	False	True	1	0	17	18	True
Zm00001eb180890	chr4	-	False	True	0	0	0	0	False
Zm00001eb180900	chr4	-	False	True	4	1	22	27	True
Zm00001eb181030	chr4	-	False	True	0	0	0	0	False
Zm00001eb181100	chr4	-	False	True	0	0	0	0	False
Zm00001eb181230	chr4	-	False	True	0	0	0	0	False
Zm00001eb181430	chr4	-	False	True	0	0	1	1	True
Zm00001eb181500	chr4	+	False	True	1	0	13	14	True
Zm00001eb181510	chr4	-	False	True	2	0	15	17	True
Zm00001eb181530	chr4	+	False	True	0	0	17	17	True
Zm00001eb181550	chr4	-	False	True	0	0	11	11	True
Zm00001eb181690	chr4	+	False	True	3	1	14	18	True
Zm00001eb181710	chr4	-	False	True	2	1	8	11	True
Zm00001eb181760	chr4	+	False	True	2	0	6	8	True
Zm00001eb181820	chr4	+	False	True	0	1	4	5	True
Zm00001eb181940	chr4	-	False	True	0	0	1	1	True
Zm00001eb182090	chr4	+	False	True	1	0	1	2	True
Zm00001eb182130	chr4	+	False	True	2	0	0	2	True
Zm00001eb182260	chr4	-	False	True	7	1	16	24	True
Zm00001eb182290	chr4	-	False	True	2	1	49	52	True
Zm00001eb182330	chr4	+	False	True	0	0	0	0	False
Zm00001eb182380	chr4	+	False	True	1	1	1	3	True
Zm00001eb182460	chr4	+	False	True	1	0	0	1	True
Zm00001eb182620	chr4	-	False	True	5	0	12	17	True
Zm00001eb182740	chr4	+	False	True	1	0	0	1	True
Zm00001eb182750	chr4	+	False	True	1	0	7	8	True
Zm00001eb182770	chr4	-	False	True	1	1	13	15	True
Zm00001eb182820	chr4	+	False	True	9	0	53	62	True
Zm00001eb182830	chr4	-	False	True	2	1	3	6	True
Zm00001eb182900	chr4	+	False	True	4	0	15	19	True
Zm00001eb182940	chr4	-	False	True	1	0	5	6	True
Zm00001eb182980	chr4	+	False	True	10	0	24	34	True
Zm00001eb183010	chr4	-	False	True	1	0	16	17	True
Zm00001eb183100	chr4	+	False	True	3	0	13	16	True
Zm00001eb183160	chr4	-	False	True	1	3	17	21	True
Zm00001eb183170	chr4	-	False	True	4	0	19	23	True
Zm00001eb183690	chr4	+	False	True	4	0	17	21	True
Zm00001eb183710	chr4	-	False	True	5	0	3	8	True
Zm00001eb183830	chr4	-	False	True	5	0	6	11	True
Zm00001eb183860	chr4	+	False	True	2	0	11	13	True
Zm00001eb183910	chr4	+	False	True	5	1	24	30	True
Zm00001eb184070	chr4	-	False	True	1	0	4	5	True
Zm00001eb184110	chr4	-	False	True	3	0	24	27	True
Zm00001eb184150	chr4	-	False	True	0	0	0	0	False
Zm00001eb184160	chr4	-	False	True	1	2	14	17	True
Zm00001eb184240	chr4	-	False	True	11	2	26	39	True
Zm00001eb184290	chr4	+	False	True	2	0	11	13	True
Zm00001eb184320	chr4	-	False	True	6	0	24	30	True
Zm00001eb184340	chr4	+	False	True	6	0	31	37	True
Zm00001eb184410	chr4	-	False	True	4	0	19	23	True
Zm00001eb184420	chr4	-	False	True	0	2	6	8	True
Zm00001eb184450	chr4	-	False	True	7	2	18	27	True
Zm00001eb184470	chr4	+	False	True	10	0	18	28	True
Zm00001eb184480	chr4	-	False	True	1	0	2	3	True
Zm00001eb184500	chr4	-	False	True	0	0	1	1	True
Zm00001eb184540	chr4	-	False	True	5	0	6	11	True
Zm00001eb184560	chr4	-	False	True	3	1	14	18	True
Zm00001eb184570	chr4	+	False	True	0	0	0	0	False
Zm00001eb184600	chr4	-	False	True	2	1	3	6	True
Zm00001eb184610	chr4	+	False	True	7	0	32	39	True
Zm00001eb184620	chr4	+	False	True	0	1	4	5	True
Zm00001eb184630	chr4	-	False	True	8	1	45	54	True
Zm00001eb184850	chr4	+	False	True	7	0	16	23	True
Zm00001eb184870	chr4	+	False	True	2	0	6	8	True
Zm00001eb184930	chr4	+	False	True	2	0	9	11	True
Zm00001eb185070	chr4	+	False	True	0	1	0	1	True
Zm00001eb185080	chr4	-	False	True	2	0	11	13	True
Zm00001eb185090	chr4	+	False	True	3	0	19	22	True
Zm00001eb185100	chr4	-	False	True	6	0	10	16	True
Zm00001eb185220	chr4	-	False	True	3	1	21	25	True
Zm00001eb185250	chr4	-	False	True	4	0	4	8	True
Zm00001eb185290	chr4	+	False	True	3	0	3	6	True
Zm00001eb185300	chr4	+	False	True	14	1	14	29	True
Zm00001eb185310	chr4	+	False	True	16	0	71	87	True
Zm00001eb185330	chr4	-	False	True	5	0	9	14	True
Zm00001eb185340	chr4	-	False	True	0	0	1	1	True
Zm00001eb185380	chr4	+	False	True	0	0	2	2	True
Zm00001eb185400	chr4	+	False	True	8	1	15	24	True
Zm00001eb185470	chr4	+	False	True	11	3	22	36	True
Zm00001eb185550	chr4	+	False	True	4	0	6	10	True
Zm00001eb185570	chr4	-	False	True	6	1	30	37	True
Zm00001eb185610	chr4	-	False	True	2	1	3	6	True
Zm00001eb185620	chr4	-	False	True	2	2	7	11	True
Zm00001eb185630	chr4	+	False	True	4	0	26	30	True
Zm00001eb185640	chr4	+	False	True	2	0	10	12	True
Zm00001eb185650	chr4	-	False	True	2	0	23	25	True
Zm00001eb185670	chr4	-	False	True	9	0	25	34	True
Zm00001eb185690	chr4	+	False	True	0	0	13	13	True
Zm00001eb185700	chr4	+	False	True	0	0	1	1	True
Zm00001eb185770	chr4	-	False	True	3	0	9	12	True
Zm00001eb185780	chr4	-	False	True	4	2	7	13	True
Zm00001eb185800	chr4	+	False	True	2	0	15	17	True
Zm00001eb185930	chr4	+	False	True	1	0	4	5	True
Zm00001eb185950	chr4	-	False	True	5	1	6	12	True
Zm00001eb185960	chr4	+	False	True	1	0	5	6	True
Zm00001eb186000	chr4	-	False	True	3	0	10	13	True
Zm00001eb186060	chr4	+	False	True	3	0	5	8	True
Zm00001eb186090	chr4	+	False	True	6	0	17	23	True
Zm00001eb186100	chr4	+	False	True	4	1	3	8	True
Zm00001eb186120	chr4	-	False	True	5	1	11	17	True
Zm00001eb186130	chr4	-	False	True	0	0	0	0	False
Zm00001eb186320	chr4	+	False	True	3	1	19	23	True
Zm00001eb186330	chr4	+	False	True	3	1	8	12	True
Zm00001eb186450	chr4	-	False	True	4	1	21	26	True
Zm00001eb186540	chr4	-	False	True	3	0	26	29	True
Zm00001eb186570	chr4	-	False	True	12	0	8	20	True
Zm00001eb186600	chr4	+	False	True	4	3	14	21	True
Zm00001eb186770	chr4	+	False	True	2	0	7	9	True
Zm00001eb186790	chr4	-	False	True	9	1	27	37	True
Zm00001eb186820	chr4	+	False	True	2	1	13	16	True
Zm00001eb186850	chr4	+	False	True	1	1	8	10	True
Zm00001eb186880	chr4	+	False	True	10	1	39	50	True
Zm00001eb186900	chr4	+	False	True	0	0	0	0	False
Zm00001eb186910	chr4	-	False	True	1	0	13	14	True
Zm00001eb186920	chr4	-	False	True	3	1	33	37	True
Zm00001eb186980	chr4	-	False	True	12	0	37	49	True
Zm00001eb187000	chr4	-	False	True	0	0	8	8	True
Zm00001eb187020	chr4	+	False	True	1	0	15	16	True
Zm00001eb187030	chr4	-	False	True	0	0	3	3	True
Zm00001eb187050	chr4	+	False	True	1	1	1	3	True
Zm00001eb187060	chr4	+	False	True	0	0	0	0	False
Zm00001eb187070	chr4	-	False	True	2	0	0	2	True
Zm00001eb187110	chr4	+	False	True	0	0	3	3	True
Zm00001eb187140	chr4	-	False	True	0	0	2	2	True
Zm00001eb187150	chr4	-	False	True	9	1	19	29	True
Zm00001eb187160	chr4	+	False	True	1	0	8	9	True
Zm00001eb187200	chr4	+	False	True	6	0	56	62	True
Zm00001eb187240	chr4	+	False	True	0	1	3	4	True
Zm00001eb187250	chr4	-	False	True	6	0	19	25	True
Zm00001eb187260	chr4	-	False	True	6	2	21	29	True
Zm00001eb187460	chr4	+	False	True	9	1	18	28	True
Zm00001eb187570	chr4	+	False	True	7	0	7	14	True
Zm00001eb187580	chr4	+	False	True	4	0	28	32	True
Zm00001eb187590	chr4	-	False	True	19	0	41	60	True
Zm00001eb187630	chr4	-	False	True	6	0	24	30	True
Zm00001eb187690	chr4	-	False	True	0	0	0	0	False
Zm00001eb187730	chr4	-	False	True	12	1	16	29	True
Zm00001eb187760	chr4	-	False	True	11	0	13	24	True
Zm00001eb187800	chr4	-	False	True	9	1	57	67	True
Zm00001eb187910	chr4	-	False	True	9	2	13	24	True
Zm00001eb187970	chr4	-	False	True	2	1	25	28	True
Zm00001eb187980	chr4	+	False	True	5	0	13	18	True
Zm00001eb188040	chr4	-	False	True	13	1	30	44	True
Zm00001eb188120	chr4	-	False	True	0	0	0	0	False
Zm00001eb188190	chr4	+	False	True	3	0	12	15	True
Zm00001eb188240	chr4	-	False	True	8	2	16	26	True
Zm00001eb188280	chr4	-	False	True	1	1	11	13	True
Zm00001eb188310	chr4	+	False	True	1	0	0	1	True
Zm00001eb188330	chr4	+	False	True	0	1	2	3	True
Zm00001eb188340	chr4	-	False	True	9	2	19	30	True
Zm00001eb188350	chr4	-	False	True	2	1	15	18	True
Zm00001eb188360	chr4	-	False	True	5	3	14	22	True
Zm00001eb188370	chr4	+	False	True	0	0	0	0	False
Zm00001eb188380	chr4	-	False	True	10	0	25	35	True
Zm00001eb188390	chr4	+	False	True	0	1	5	6	True
Zm00001eb188510	chr4	+	False	True	9	1	20	30	True
Zm00001eb188520	chr4	-	False	True	5	2	20	27	True
Zm00001eb188530	chr4	+	False	True	1	0	9	10	True
Zm00001eb188540	chr4	+	False	True	1	0	3	4	True
Zm00001eb188550	chr4	-	False	True	1	1	17	19	True
Zm00001eb188560	chr4	+	False	True	0	0	0	0	False
Zm00001eb188600	chr4	-	False	True	2	0	21	23	True
Zm00001eb189070	chr4	-	False	True	9	1	23	33	True
Zm00001eb189090	chr4	+	False	True	4	0	5	9	True
Zm00001eb189290	chr4	+	False	True	0	0	1	1	True
Zm00001eb189390	chr4	+	False	True	0	0	2	2	True
Zm00001eb189400	chr4	+	False	True	8	0	16	24	True
Zm00001eb190190	chr4	-	False	True	4	1	12	17	True
Zm00001eb190280	chr4	+	False	True	5	0	9	14	True
Zm00001eb190330	chr4	+	False	True	6	1	13	20	True
Zm00001eb190340	chr4	-	False	True	9	1	14	24	True
Zm00001eb190350	chr4	+	False	True	7	1	30	38	True
Zm00001eb190360	chr4	+	False	True	3	0	2	5	True
Zm00001eb190390	chr4	-	False	True	1	1	20	22	True
Zm00001eb190420	chr4	+	False	True	2	0	5	7	True
Zm00001eb190610	chr4	-	False	True	1	0	4	5	True
Zm00001eb190620	chr4	-	False	True	0	0	8	8	True
Zm00001eb190660	chr4	+	False	True	1	0	3	4	True
Zm00001eb190700	chr4	+	False	True	1	2	7	10	True
Zm00001eb190740	chr4	+	False	True	1	1	7	9	True
Zm00001eb190750	chr4	-	False	True	4	1	19	24	True
Zm00001eb190770	chr4	+	False	True	5	1	17	23	True
Zm00001eb190820	chr4	-	False	True	1	2	0	3	True
Zm00001eb190830	chr4	+	False	True	4	0	8	12	True
Zm00001eb190840	chr4	+	False	True	10	0	44	54	True
Zm00001eb190870	chr4	+	False	True	0	0	0	0	False
Zm00001eb190880	chr4	-	False	True	3	0	3	6	True
Zm00001eb190910	chr4	+	False	True	2	0	3	5	True
Zm00001eb190920	chr4	-	False	True	5	1	11	17	True
Zm00001eb190930	chr4	-	False	True	0	0	0	0	False
Zm00001eb190960	chr4	-	False	True	2	1	5	8	True
Zm00001eb190970	chr4	-	False	True	1	0	1	2	True
Zm00001eb190990	chr4	+	False	True	1	1	0	2	True
Zm00001eb191020	chr4	-	False	True	1	0	4	5	True
Zm00001eb191030	chr4	-	False	True	0	0	7	7	True
Zm00001eb191060	chr4	-	False	True	0	0	0	0	False
Zm00001eb191070	chr4	-	False	True	0	1	1	2	True
Zm00001eb191080	chr4	-	False	True	15	0	25	40	True
Zm00001eb191090	chr4	-	False	True	3	0	14	17	True
Zm00001eb191130	chr4	-	False	True	1	0	6	7	True
Zm00001eb191150	chr4	+	False	True	3	0	15	18	True
Zm00001eb191230	chr4	+	False	True	1	0	2	3	True
Zm00001eb191260	chr4	+	False	True	3	0	8	11	True
Zm00001eb191340	chr4	+	False	True	0	1	0	1	True
Zm00001eb191350	chr4	-	False	True	1	0	2	3	True
Zm00001eb191380	chr4	-	False	True	2	1	22	25	True
Zm00001eb191400	chr4	+	False	True	6	0	18	24	True
Zm00001eb191420	chr4	+	False	True	0	0	2	2	True
Zm00001eb191500	chr4	+	False	True	8	1	10	19	True
Zm00001eb191530	chr4	+	False	True	2	0	9	11	True
Zm00001eb191560	chr4	+	False	True	0	1	1	2	True
Zm00001eb191640	chr4	-	False	True	3	0	5	8	True
Zm00001eb191930	chr4	+	False	True	2	0	2	4	True
Zm00001eb191940	chr4	-	False	True	2	1	3	6	True
Zm00001eb191980	chr4	+	False	True	5	0	16	21	True
Zm00001eb191990	chr4	-	False	True	7	0	9	16	True
Zm00001eb192060	chr4	+	False	True	5	0	15	20	True
Zm00001eb192070	chr4	-	False	True	5	2	22	29	True
Zm00001eb192080	chr4	+	False	True	6	3	22	31	True
Zm00001eb192090	chr4	-	False	True	4	2	14	20	True
Zm00001eb192110	chr4	+	False	True	10	0	11	21	True
Zm00001eb192120	chr4	-	False	True	4	2	7	13	True
Zm00001eb192130	chr4	-	False	True	6	0	23	29	True
Zm00001eb192140	chr4	-	False	True	0	0	4	4	True
Zm00001eb192150	chr4	+	False	True	0	0	0	0	False
Zm00001eb192230	chr4	-	False	True	3	0	9	12	True
Zm00001eb192260	chr4	-	False	True	1	0	0	1	True
Zm00001eb192340	chr4	+	False	True	1	0	0	1	True
Zm00001eb192360	chr4	+	False	True	0	0	1	1	True
Zm00001eb192430	chr4	-	False	True	0	0	2	2	True
Zm00001eb192460	chr4	+	False	True	6	0	16	22	True
Zm00001eb192530	chr4	+	False	True	0	0	3	3	True
Zm00001eb192560	chr4	+	False	True	5	1	9	15	True
Zm00001eb192570	chr4	-	False	True	2	0	16	18	True
Zm00001eb192630	chr4	-	False	True	0	0	0	0	False
Zm00001eb192640	chr4	-	False	True	7	0	26	33	True
Zm00001eb192680	chr4	-	False	True	4	0	19	23	True
Zm00001eb193170	chr4	+	False	True	11	0	31	42	True
Zm00001eb193190	chr4	+	False	True	3	0	12	15	True
Zm00001eb193230	chr4	+	False	True	1	0	5	6	True
Zm00001eb193240	chr4	+	False	True	3	0	3	6	True
Zm00001eb193260	chr4	-	False	True	15	0	16	31	True
Zm00001eb193560	chr4	+	False	True	2	0	12	14	True
Zm00001eb193640	chr4	-	False	True	2	0	3	5	True
Zm00001eb193650	chr4	+	False	True	9	0	19	28	True
Zm00001eb193660	chr4	+	True	False	5	1	12	18	True
Zm00001eb193700	chr4	-	False	True	6	2	18	26	True
Zm00001eb193730	chr4	-	False	True	0	0	6	6	True
Zm00001eb193760	chr4	+	False	True	3	0	12	15	True
Zm00001eb193790	chr4	-	False	True	6	0	1	7	True
Zm00001eb193820	chr4	-	False	True	4	0	2	6	True
Zm00001eb193850	chr4	-	False	True	4	0	3	7	True
Zm00001eb193970	chr4	-	False	True	13	0	13	26	True
Zm00001eb194110	chr4	+	False	True	0	0	5	5	True
Zm00001eb194150	chr4	-	False	True	2	0	2	4	True
Zm00001eb194240	chr4	+	False	True	1	0	2	3	True
Zm00001eb194260	chr4	-	False	True	12	1	15	28	True
Zm00001eb194270	chr4	-	False	True	7	1	13	21	True
Zm00001eb194330	chr4	+	False	True	5	0	14	19	True
Zm00001eb194340	chr4	-	False	True	1	1	4	6	True
Zm00001eb194350	chr4	-	False	True	6	2	12	20	True
Zm00001eb194380	chr4	+	False	True	0	0	7	7	True
Zm00001eb194410	chr4	-	False	True	1	0	9	10	True
Zm00001eb194420	chr4	-	False	True	0	0	9	9	True
Zm00001eb194440	chr4	+	False	True	1	1	18	20	True
Zm00001eb194500	chr4	-	False	True	4	0	8	12	True
Zm00001eb194510	chr4	-	False	True	1	1	8	10	True
Zm00001eb194530	chr4	-	False	True	12	1	18	31	True
Zm00001eb194550	chr4	+	False	True	0	0	0	0	False
Zm00001eb194590	chr4	-	False	True	2	0	4	6	True
Zm00001eb194670	chr4	+	False	True	1	0	3	4	True
Zm00001eb194700	chr4	+	False	True	1	0	2	3	True
Zm00001eb194730	chr4	+	False	True	0	0	2	2	True
Zm00001eb194760	chr4	-	False	True	1	1	5	7	True
Zm00001eb194780	chr4	+	False	True	2	2	4	8	True
Zm00001eb194800	chr4	+	False	True	11	1	33	45	True
Zm00001eb194820	chr4	-	False	True	3	1	9	13	True
Zm00001eb194870	chr4	-	False	True	1	1	1	3	True
Zm00001eb194920	chr4	-	False	True	1	0	3	4	True
Zm00001eb194930	chr4	+	False	True	1	0	27	28	True
Zm00001eb194940	chr4	-	False	True	6	0	17	23	True
Zm00001eb194950	chr4	+	False	True	0	1	0	1	True
Zm00001eb194970	chr4	-	False	True	4	0	9	13	True
Zm00001eb194980	chr4	-	False	True	1	1	3	5	True
Zm00001eb194990	chr4	-	False	True	1	1	10	12	True
Zm00001eb195000	chr4	-	False	True	1	0	9	10	True
Zm00001eb195190	chr4	+	False	True	0	0	0	0	False
Zm00001eb195200	chr4	+	False	True	22	2	26	50	True
Zm00001eb195220	chr4	+	False	True	4	1	26	31	True
Zm00001eb195230	chr4	-	False	True	6	1	7	14	True
Zm00001eb195270	chr4	-	False	True	15	1	23	39	True
Zm00001eb195280	chr4	-	False	True	1	4	11	16	True
Zm00001eb195450	chr4	-	False	True	10	2	4	16	True
Zm00001eb195480	chr4	+	False	True	0	0	0	0	False
Zm00001eb195510	chr4	+	False	True	1	0	8	9	True
Zm00001eb195550	chr4	-	False	True	5	0	8	13	True
Zm00001eb195600	chr4	-	False	True	7	0	13	20	True
Zm00001eb195620	chr4	-	False	True	6	1	37	44	True
Zm00001eb195630	chr4	-	False	True	8	0	14	22	True
Zm00001eb195640	chr4	-	False	True	13	2	30	45	True
Zm00001eb195650	chr4	+	False	True	5	0	32	37	True
Zm00001eb195780	chr4	-	False	True	4	1	58	63	True
Zm00001eb195880	chr4	+	False	True	8	0	7	15	True
Zm00001eb195910	chr4	+	False	True	5	0	11	16	True
Zm00001eb195970	chr4	-	False	True	2	1	15	18	True
Zm00001eb195980	chr4	-	False	True	3	0	12	15	True
Zm00001eb196020	chr4	+	False	True	2	0	3	5	True
Zm00001eb196030	chr4	-	True	False	0	0	0	0	False
Zm00001eb196060	chr4	+	False	True	4	0	12	16	True
Zm00001eb196080	chr4	-	False	True	1	1	11	13	True
Zm00001eb196170	chr4	-	False	True	4	1	2	7	True
Zm00001eb196180	chr4	-	False	True	4	1	27	32	True
Zm00001eb196190	chr4	-	False	True	3	1	22	26	True
Zm00001eb196200	chr4	+	False	True	3	1	24	28	True
Zm00001eb196230	chr4	-	False	True	0	0	0	0	False
Zm00001eb196270	chr4	+	False	True	19	1	11	31	True
Zm00001eb196280	chr4	-	False	True	13	0	60	73	True
Zm00001eb196350	chr4	-	False	True	0	0	1	1	True
Zm00001eb196360	chr4	+	False	True	0	0	1	1	True
Zm00001eb196500	chr4	-	False	True	9	2	24	35	True
Zm00001eb196510	chr4	+	False	True	3	0	9	12	True
Zm00001eb196520	chr4	-	False	True	0	0	0	0	False
Zm00001eb196590	chr4	-	False	True	25	0	32	57	True
Zm00001eb196600	chr4	+	False	True	16	1	46	63	True
Zm00001eb196610	chr4	-	False	True	0	0	1	1	True
Zm00001eb196650	chr4	-	False	True	11	3	20	34	True
Zm00001eb196870	chr4	-	False	True	4	1	14	19	True
Zm00001eb196880	chr4	+	False	True	0	0	0	0	False
Zm00001eb196900	chr4	+	False	True	5	0	3	8	True
Zm00001eb196930	chr4	-	False	True	6	1	17	24	True
Zm00001eb196980	chr4	+	False	True	1	0	3	4	True
Zm00001eb197150	chr4	-	False	True	0	0	0	0	False
Zm00001eb197180	chr4	-	False	True	3	0	25	28	True
Zm00001eb197300	chr4	+	False	True	5	2	38	45	True
Zm00001eb197400	chr4	+	False	True	12	0	14	26	True
Zm00001eb197410	chr4	-	False	True	11	0	12	23	True
Zm00001eb197610	chr4	-	False	True	1	0	2	3	True
Zm00001eb197620	chr4	+	False	True	4	0	18	22	True
Zm00001eb197630	chr4	-	False	True	0	1	1	2	True
Zm00001eb197640	chr4	-	False	True	6	1	30	37	True
Zm00001eb197710	chr4	-	False	True	5	0	37	42	True
Zm00001eb197740	chr4	+	False	True	2	0	11	13	True
Zm00001eb197810	chr4	+	False	True	8	0	10	18	True
Zm00001eb197890	chr4	+	False	True	8	0	7	15	True
Zm00001eb197910	chr4	-	False	True	12	0	67	79	True
Zm00001eb197990	chr4	+	False	True	5	0	16	21	True
Zm00001eb198000	chr4	-	False	True	3	1	7	11	True
Zm00001eb198100	chr4	-	False	True	0	0	3	3	True
Zm00001eb198110	chr4	+	False	True	1	0	4	5	True
Zm00001eb198120	chr4	+	False	True	0	0	0	0	False
Zm00001eb198180	chr4	+	False	True	0	0	0	0	False
Zm00001eb198210	chr4	+	False	True	1	0	6	7	True
Zm00001eb198240	chr4	-	False	True	9	1	27	37	True
Zm00001eb198250	chr4	-	False	True	2	0	31	33	True
Zm00001eb198260	chr4	+	False	True	4	0	27	31	True
Zm00001eb198280	chr4	+	False	True	9	0	49	58	True
Zm00001eb198300	chr4	+	False	True	1	1	9	11	True
Zm00001eb198310	chr4	-	False	True	5	1	35	41	True
Zm00001eb198350	chr4	+	False	True	1	1	1	3	True
Zm00001eb198370	chr4	+	False	True	7	0	25	32	True
Zm00001eb198420	chr4	-	False	True	0	0	0	0	False
Zm00001eb198460	chr4	-	False	True	0	0	0	0	False
Zm00001eb198490	chr4	+	False	True	6	0	61	67	True
Zm00001eb198540	chr4	-	False	True	3	1	26	30	True
Zm00001eb198550	chr4	-	False	True	3	1	18	22	True
Zm00001eb198590	chr4	+	False	True	0	0	1	1	True
Zm00001eb198650	chr4	-	False	True	1	0	2	3	True
Zm00001eb198660	chr4	-	False	True	0	0	0	0	False
Zm00001eb198670	chr4	-	False	True	2	1	10	13	True
Zm00001eb198690	chr4	+	False	True	3	2	9	14	True
Zm00001eb198710	chr4	+	False	True	1	1	2	4	True
Zm00001eb198720	chr4	+	False	True	3	1	4	8	True
Zm00001eb198730	chr4	+	False	True	3	1	3	7	True
Zm00001eb198740	chr4	+	False	True	6	1	39	46	True
Zm00001eb198750	chr4	-	False	True	2	0	12	14	True
Zm00001eb198810	chr4	-	False	True	0	0	1	1	True
Zm00001eb198820	chr4	+	False	True	1	0	1	2	True
Zm00001eb198830	chr4	-	False	True	0	0	1	1	True
Zm00001eb198840	chr4	-	False	True	1	0	0	1	True
Zm00001eb198850	chr4	-	False	True	7	1	25	33	True
Zm00001eb198860	chr4	+	False	True	5	0	5	10	True
Zm00001eb198910	chr4	-	False	True	9	2	33	44	True
Zm00001eb198950	chr4	-	False	True	9	1	21	31	True
Zm00001eb198960	chr4	+	False	True	1	0	2	3	True
Zm00001eb198990	chr4	-	False	True	0	0	5	5	True
Zm00001eb199080	chr4	-	False	True	3	0	12	15	True
Zm00001eb199090	chr4	-	False	True	6	0	14	20	True
Zm00001eb199100	chr4	-	False	True	3	0	26	29	True
Zm00001eb199110	chr4	+	False	True	3	1	18	22	True
Zm00001eb199140	chr4	+	False	True	2	0	29	31	True
Zm00001eb199150	chr4	+	False	True	6	0	67	73	True
Zm00001eb199160	chr4	-	False	True	9	2	15	26	True
Zm00001eb199230	chr4	-	True	False	5	0	40	45	True
Zm00001eb199240	chr4	-	False	True	0	1	0	1	True
Zm00001eb199300	chr4	-	False	True	3	0	13	16	True
Zm00001eb199330	chr4	-	False	True	2	0	1	3	True
Zm00001eb199360	chr4	+	False	True	2	0	1	3	True
Zm00001eb199410	chr4	+	False	True	11	0	17	28	True
Zm00001eb199460	chr4	+	False	True	0	0	0	0	False
Zm00001eb199530	chr4	-	False	True	9	0	3	12	True
Zm00001eb199560	chr4	+	False	True	0	0	1	1	True
Zm00001eb199590	chr4	-	False	True	0	0	3	3	True
Zm00001eb199670	chr4	+	False	True	8	0	7	15	True
Zm00001eb199730	chr4	+	False	True	7	0	31	38	True
Zm00001eb199800	chr4	-	False	True	1	0	0	1	True
Zm00001eb199950	chr4	+	False	True	4	0	16	20	True
Zm00001eb199960	chr4	+	False	True	3	2	20	25	True
Zm00001eb199970	chr4	+	False	True	3	0	4	7	True
Zm00001eb200010	chr4	-	False	True	0	0	10	10	True
Zm00001eb200080	chr4	+	False	True	8	0	24	32	True
Zm00001eb200130	chr4	+	False	True	5	0	11	16	True
Zm00001eb200140	chr4	+	False	True	6	0	31	37	True
Zm00001eb200150	chr4	-	False	True	2	0	8	10	True
Zm00001eb200170	chr4	+	False	True	3	0	6	9	True
Zm00001eb200260	chr4	+	False	True	1	0	0	1	True
Zm00001eb200300	chr4	-	False	True	4	1	13	18	True
Zm00001eb200320	chr4	+	False	True	0	1	1	2	True
Zm00001eb200370	chr4	+	False	True	5	0	9	14	True
Zm00001eb200400	chr4	-	False	True	0	0	0	0	False
Zm00001eb200430	chr4	+	False	True	8	0	7	15	True
Zm00001eb200510	chr4	+	False	True	7	0	26	33	True
Zm00001eb200590	chr4	+	False	True	3	0	9	12	True
Zm00001eb200870	chr4	+	False	True	2	0	28	30	True
Zm00001eb200880	chr4	-	False	True	8	0	29	37	True
Zm00001eb200900	chr4	-	False	True	1	0	10	11	True
Zm00001eb200910	chr4	-	False	True	6	1	13	20	True
Zm00001eb200920	chr4	-	False	True	0	1	7	8	True
Zm00001eb200930	chr4	-	False	True	3	0	36	39	True
Zm00001eb200940	chr4	+	False	True	0	0	4	4	True
Zm00001eb201180	chr4	+	False	True	0	0	0	0	False
Zm00001eb201220	chr4	+	False	True	6	0	45	51	True
Zm00001eb201230	chr4	+	False	True	1	0	10	11	True
Zm00001eb201450	chr4	+	False	True	0	0	4	4	True
Zm00001eb201710	chr4	+	False	True	6	0	16	22	True
Zm00001eb201720	chr4	-	False	True	2	0	18	20	True
Zm00001eb201730	chr4	-	False	True	1	0	1	2	True
Zm00001eb201770	chr4	-	False	True	4	0	9	13	True
Zm00001eb202020	chr4	-	False	True	0	1	23	24	True
Zm00001eb202040	chr4	+	False	True	1	2	7	10	True
Zm00001eb202080	chr4	-	False	True	6	0	5	11	True
Zm00001eb202090	chr4	-	False	True	1	0	12	13	True
Zm00001eb202110	chr4	+	False	True	2	0	21	23	True
Zm00001eb202120	chr4	+	False	True	2	0	16	18	True
Zm00001eb202130	chr4	+	False	True	2	0	6	8	True
Zm00001eb202140	chr4	-	False	True	7	1	5	13	True
Zm00001eb202150	chr4	+	False	True	1	0	0	1	True
Zm00001eb202180	chr4	-	False	True	3	1	28	32	True
Zm00001eb202260	chr4	+	False	True	8	0	12	20	True
Zm00001eb202280	chr4	-	False	True	4	0	26	30	True
Zm00001eb202350	chr4	-	False	True	8	1	14	23	True
Zm00001eb202360	chr4	+	False	True	6	0	39	45	True
Zm00001eb202370	chr4	-	False	True	3	0	10	13	True
Zm00001eb202390	chr4	-	False	True	0	0	0	0	False
Zm00001eb202400	chr4	+	False	True	0	0	4	4	True
Zm00001eb202420	chr4	+	False	True	2	0	4	6	True
Zm00001eb202520	chr4	-	False	True	1	0	0	1	True
Zm00001eb202580	chr4	+	False	True	4	1	33	38	True
Zm00001eb202590	chr4	+	False	True	1	0	10	11	True
Zm00001eb202610	chr4	+	False	True	0	0	1	1	True
Zm00001eb202760	chr4	+	False	True	0	1	2	3	True
Zm00001eb202790	chr4	-	False	True	1	2	4	7	True
Zm00001eb202830	chr4	+	False	True	2	0	26	28	True
Zm00001eb202850	chr4	+	False	True	1	0	4	5	True
Zm00001eb202860	chr4	-	False	True	2	0	23	25	True
Zm00001eb202910	chr4	+	False	True	1	0	6	7	True
Zm00001eb202940	chr4	+	False	True	5	0	3	8	True
Zm00001eb202950	chr4	-	False	True	4	1	18	23	True
Zm00001eb202960	chr4	-	False	True	3	0	17	20	True
Zm00001eb203040	chr4	+	False	True	1	0	28	29	True
Zm00001eb203070	chr4	+	False	True	1	0	2	3	True
Zm00001eb203090	chr4	+	False	True	0	0	3	3	True
Zm00001eb203110	chr4	-	False	True	1	1	2	4	True
Zm00001eb203150	chr4	+	False	True	2	1	7	10	True
Zm00001eb203200	chr4	-	False	True	3	1	17	21	True
Zm00001eb203240	chr4	+	False	True	2	1	6	9	True
Zm00001eb203260	chr4	-	False	True	8	1	11	20	True
Zm00001eb203280	chr4	-	False	True	4	1	7	12	True
Zm00001eb203310	chr4	-	False	True	7	1	31	39	True
Zm00001eb203320	chr4	+	False	True	11	1	41	53	True
Zm00001eb203340	chr4	+	False	True	1	1	10	12	True
Zm00001eb203350	chr4	+	False	True	0	0	4	4	True
Zm00001eb203360	chr4	-	False	True	7	0	25	32	True
Zm00001eb203380	chr4	-	False	True	0	0	0	0	False
Zm00001eb203470	chr4	-	False	True	7	0	13	20	True
Zm00001eb203570	chr4	-	False	True	7	0	16	23	True
Zm00001eb203600	chr4	-	False	True	1	1	1	3	True
Zm00001eb203660	chr4	+	False	True	0	0	0	0	False
Zm00001eb203690	chr4	-	False	True	0	0	1	1	True
Zm00001eb203770	chr4	-	False	True	4	0	10	14	True
Zm00001eb203780	chr4	+	False	True	2	0	9	11	True
Zm00001eb203800	chr4	+	False	True	13	1	72	86	True
Zm00001eb203810	chr4	+	False	True	6	0	50	56	True
Zm00001eb203840	chr4	-	False	True	5	1	20	26	True
Zm00001eb203850	chr4	-	False	True	1	0	0	1	True
Zm00001eb203860	chr4	-	False	True	2	0	17	19	True
Zm00001eb203960	chr4	+	False	True	0	1	3	4	True
Zm00001eb203980	chr4	+	False	True	4	0	17	21	True
Zm00001eb203990	chr4	-	False	True	4	0	12	16	True
Zm00001eb204000	chr4	-	False	True	0	0	0	0	False
Zm00001eb204020	chr4	+	False	True	3	0	12	15	True
Zm00001eb204030	chr4	-	False	True	9	0	52	61	True
Zm00001eb204130	chr4	+	False	True	4	0	3	7	True
Zm00001eb204180	chr4	-	False	True	7	0	13	20	True
Zm00001eb204190	chr4	-	False	True	0	1	2	3	True
Zm00001eb204270	chr4	+	False	True	3	0	10	13	True
Zm00001eb204300	chr4	-	False	True	5	2	21	28	True
Zm00001eb204360	chr4	-	False	True	0	1	4	5	True
Zm00001eb204370	chr4	-	False	True	1	0	3	4	True
Zm00001eb204410	chr4	-	True	False	9	0	34	43	True
Zm00001eb204430	chr4	+	False	True	5	0	21	26	True
Zm00001eb204540	chr4	+	False	True	0	0	6	6	True
Zm00001eb204550	chr4	+	False	True	1	0	4	5	True
Zm00001eb204570	chr4	+	False	True	18	2	73	93	True
Zm00001eb204590	chr4	+	False	True	4	0	10	14	True
Zm00001eb204600	chr4	-	False	True	4	1	11	16	True
Zm00001eb204640	chr4	-	False	True	2	1	18	21	True
Zm00001eb204700	chr4	-	False	True	4	0	25	29	True
Zm00001eb204710	chr4	-	False	True	0	0	1	1	True
Zm00001eb204890	chr4	+	False	True	5	1	22	28	True
Zm00001eb204900	chr4	+	False	True	0	0	0	0	False
Zm00001eb204910	chr4	+	False	True	8	0	20	28	True
Zm00001eb204920	chr4	-	False	True	0	1	4	5	True
Zm00001eb204940	chr4	-	False	True	0	0	0	0	False
Zm00001eb204950	chr4	-	False	True	1	1	13	15	True
Zm00001eb204970	chr4	-	False	True	0	0	0	0	False
Zm00001eb204980	chr4	+	False	True	0	0	0	0	False
Zm00001eb205010	chr4	-	False	True	0	0	6	6	True
Zm00001eb205050	chr4	-	False	True	8	0	32	40	True
Zm00001eb205070	chr4	-	False	True	1	0	26	27	True
Zm00001eb205080	chr4	+	False	True	9	0	53	62	True
Zm00001eb205090	chr4	-	False	True	7	0	13	20	True
Zm00001eb205110	chr4	+	False	True	9	0	22	31	True
Zm00001eb205130	chr4	+	False	True	3	0	16	19	True
Zm00001eb205140	chr4	+	False	True	2	1	4	7	True
Zm00001eb205190	chr4	-	False	True	8	1	50	59	True
Zm00001eb205410	chr4	+	False	True	0	0	0	0	False
Zm00001eb205430	chr4	+	False	True	2	0	12	14	True
Zm00001eb205450	chr4	-	False	True	0	0	7	7	True
Zm00001eb205470	chr4	-	False	True	4	0	22	26	True
Zm00001eb205480	chr4	-	False	True	5	1	15	21	True
Zm00001eb205490	chr4	-	False	True	4	1	28	33	True
Zm00001eb205500	chr4	+	False	True	8	1	23	32	True
Zm00001eb205540	chr4	-	False	True	3	2	15	20	True
Zm00001eb205550	chr4	+	False	True	6	0	17	23	True
Zm00001eb205580	chr4	+	False	True	0	0	1	1	True
Zm00001eb205750	chr4	-	False	True	2	1	0	3	True
Zm00001eb205760	chr4	-	False	True	5	1	18	24	True
Zm00001eb205770	chr4	-	False	True	0	0	3	3	True
Zm00001eb205780	chr4	+	False	True	10	0	26	36	True
Zm00001eb205790	chr4	-	False	True	1	0	12	13	True
Zm00001eb205810	chr4	-	False	True	2	0	10	12	True
Zm00001eb205820	chr4	+	False	True	3	1	13	17	True
Zm00001eb205830	chr4	-	False	True	9	0	29	38	True
Zm00001eb205840	chr4	+	False	True	8	0	9	17	True
Zm00001eb205850	chr4	+	False	True	7	2	10	19	True
Zm00001eb205920	chr4	+	False	True	13	1	37	51	True
Zm00001eb205930	chr4	+	False	True	14	1	47	62	True
Zm00001eb205950	chr4	+	False	True	1	0	2	3	True
Zm00001eb205960	chr4	-	False	True	5	1	17	23	True
Zm00001eb205970	chr4	-	False	True	1	0	1	2	True
Zm00001eb205990	chr4	+	False	True	0	0	2	2	True
Zm00001eb206010	chr4	-	False	True	0	0	0	0	False
Zm00001eb206020	chr4	-	False	True	4	0	32	36	True
Zm00001eb206030	chr4	+	False	True	0	0	4	4	True
Zm00001eb206040	chr4	+	True	False	2	0	8	10	True
Zm00001eb206070	chr4	+	False	True	0	1	9	10	True
Zm00001eb206090	chr4	+	False	True	2	1	0	3	True
Zm00001eb206100	chr4	+	False	True	10	0	82	92	True
Zm00001eb206110	chr4	-	False	True	0	0	11	11	True
Zm00001eb206120	chr4	-	False	True	1	1	0	2	True
Zm00001eb206130	chr4	+	False	True	1	0	13	14	True
Zm00001eb206240	chr4	-	False	True	1	1	11	13	True
Zm00001eb206250	chr4	+	False	True	0	0	0	0	False
Zm00001eb206330	chr4	-	False	True	13	2	20	35	True
Zm00001eb206360	chr4	+	False	True	6	1	25	32	True
Zm00001eb206400	chr4	+	False	True	1	0	7	8	True
Zm00001eb206410	chr4	-	False	True	0	0	11	11	True
Zm00001eb206420	chr4	+	False	True	8	2	16	26	True
Zm00001eb206430	chr4	-	False	True	7	1	27	35	True
Zm00001eb206440	chr4	-	False	True	4	2	18	24	True
Zm00001eb206470	chr4	-	False	True	10	1	27	38	True
Zm00001eb206480	chr4	-	False	True	1	0	17	18	True
Zm00001eb206490	chr4	+	False	True	1	1	2	4	True
Zm00001eb206500	chr4	+	False	True	18	0	81	99	True
Zm00001eb206520	chr4	-	False	True	15	0	42	57	True
Zm00001eb206610	chr4	+	False	True	12	1	30	43	True
Zm00001eb206650	chr4	+	False	True	4	1	32	37	True
Zm00001eb206660	chr4	+	False	True	9	0	17	26	True
Zm00001eb206680	chr4	-	False	True	0	0	1	1	True
Zm00001eb206700	chr4	+	False	True	3	0	10	13	True
Zm00001eb206740	chr4	+	False	True	3	1	9	13	True
Zm00001eb206750	chr4	+	False	True	13	0	28	41	True
Zm00001eb206760	chr4	+	False	True	7	0	14	21	True
Zm00001eb206790	chr4	-	False	True	5	2	44	51	True
Zm00001eb206800	chr4	+	False	True	9	0	22	31	True
Zm00001eb206810	chr4	+	False	True	0	0	0	0	False
Zm00001eb206870	chr4	+	False	True	7	2	27	36	True
Zm00001eb206900	chr4	+	False	True	0	0	3	3	True
Zm00001eb206910	chr4	-	False	True	9	0	67	76	True
Zm00001eb206930	chr4	-	False	True	2	1	12	15	True
Zm00001eb207010	chr4	-	False	True	6	1	25	32	True
Zm00001eb207050	chr4	-	False	True	11	0	36	47	True
Zm00001eb207060	chr4	+	False	True	6	0	16	22	True
Zm00001eb207080	chr4	-	False	True	0	0	5	5	True
Zm00001eb207090	chr4	+	False	True	3	0	4	7	True
Zm00001eb207120	chr4	-	False	True	19	2	35	56	True
Zm00001eb207130	chr4	-	False	True	3	0	16	19	True
Zm00001eb207280	chr4	+	False	True	4	0	2	6	True
Zm00001eb207290	chr4	-	False	True	9	2	44	55	True
Zm00001eb207300	chr4	-	False	True	4	0	15	19	True
Zm00001eb207310	chr4	-	False	True	3	0	8	11	True
Zm00001eb207360	chr4	-	False	True	2	1	13	16	True
Zm00001eb207370	chr4	+	False	True	5	0	19	24	True
Zm00001eb207390	chr4	+	False	True	2	0	15	17	True
Zm00001eb207490	chr4	-	False	True	1	0	7	8	True
Zm00001eb207520	chr4	-	False	True	8	0	18	26	True
Zm00001eb207530	chr4	-	False	True	0	0	1	1	True
Zm00001eb207540	chr4	+	False	True	0	0	0	0	False
Zm00001eb207550	chr4	-	False	True	5	0	12	17	True
Zm00001eb207650	chr4	-	False	True	6	0	23	29	True
Zm00001eb207660	chr4	-	False	True	8	1	75	84	True
Zm00001eb207690	chr4	-	False	True	9	1	20	30	True
Zm00001eb207720	chr4	-	False	True	14	1	32	47	True
Zm00001eb207820	chr4	+	False	True	1	0	4	5	True
Zm00001eb207840	chr4	-	False	True	1	0	1	2	True
Zm00001eb207890	chr4	+	False	True	2	1	16	19	True
Zm00001eb207900	chr4	+	False	True	0	0	0	0	False
Zm00001eb207920	chr4	+	False	True	9	1	18	28	True
Zm00001eb207930	chr4	+	False	True	0	0	3	3	True
Zm00001eb207940	chr4	+	False	True	11	1	32	44	True
Zm00001eb207950	chr4	+	False	True	23	2	53	78	True
Zm00001eb207970	chr4	+	False	True	15	1	39	55	True
Zm00001eb207980	chr4	-	False	True	8	0	20	28	True
Zm00001eb208010	chr4	-	False	True	6	3	25	34	True
Zm00001eb208040	chr4	-	False	True	0	0	0	0	False
Zm00001eb208050	chr4	-	False	True	4	0	41	45	True
Zm00001eb208070	chr4	+	False	True	2	1	12	15	True
Zm00001eb208100	chr4	+	False	True	6	0	11	17	True
Zm00001eb208110	chr4	+	False	True	5	0	18	23	True
Zm00001eb208120	chr4	-	False	True	10	0	32	42	True
Zm00001eb208140	chr4	+	False	True	0	0	0	0	False
Zm00001eb208150	chr4	-	False	True	17	0	20	37	True
Zm00001eb208180	chr4	+	False	True	2	0	7	9	True
Zm00001eb208190	chr4	+	False	True	2	0	7	9	True
Zm00001eb208220	chr4	+	False	True	9	1	16	26	True
Zm00001eb208230	chr4	-	False	True	7	1	9	17	True
Zm00001eb208240	chr4	-	False	True	9	0	35	44	True
Zm00001eb208250	chr4	-	True	False	0	0	0	0	False
Zm00001eb208310	chr4	-	False	True	2	0	4	6	True
Zm00001eb208320	chr4	-	False	True	10	1	37	48	True
Zm00001eb208330	chr4	-	False	True	7	1	31	39	True
Zm00001eb208350	chr4	-	False	True	7	0	20	27	True
Zm00001eb208380	chr4	-	False	True	15	0	24	39	True
Zm00001eb208390	chr4	-	False	True	6	1	29	36	True
Zm00001eb208420	chr4	-	False	True	6	0	30	36	True
Zm00001eb208430	chr4	-	False	True	1	0	9	10	True
Zm00001eb208440	chr4	-	False	True	0	1	0	1	True
Zm00001eb208480	chr4	-	False	True	11	2	9	22	True
Zm00001eb208490	chr4	-	False	True	6	1	16	23	True
Zm00001eb208500	chr4	-	False	True	0	1	5	6	True
Zm00001eb208510	chr4	-	False	True	4	0	6	10	True
Zm00001eb208520	chr4	+	False	True	2	0	7	9	True
Zm00001eb208530	chr4	+	False	True	5	0	50	55	True
Zm00001eb208540	chr4	-	False	True	8	2	11	21	True
Zm00001eb208570	chr4	+	False	True	6	2	20	28	True
Zm00001eb208580	chr4	-	False	True	11	0	24	35	True
Zm00001eb208700	chr4	+	False	True	5	1	20	26	True
Zm00001eb208710	chr4	-	False	True	1	0	21	22	True
Zm00001eb208740	chr4	-	False	True	3	2	15	20	True
Zm00001eb208780	chr4	+	False	True	1	1	21	23	True
Zm00001eb208790	chr4	-	False	True	6	1	25	32	True
Zm00001eb208800	chr4	+	False	True	1	0	7	8	True
Zm00001eb208810	chr4	+	False	True	1	0	3	4	True
Zm00001eb208820	chr4	+	False	True	8	1	16	25	True
Zm00001eb208830	chr4	+	False	True	5	0	8	13	True
Zm00001eb208840	chr4	-	False	True	2	0	3	5	True
Zm00001eb208860	chr4	-	False	True	3	1	12	16	True
Zm00001eb208880	chr4	-	False	True	10	1	18	29	True
Zm00001eb208900	chr4	-	False	True	3	0	10	13	True
Zm00001eb208910	chr4	+	False	True	7	0	13	20	True
Zm00001eb208920	chr4	-	False	True	13	0	38	51	True
Zm00001eb208940	chr4	+	False	True	12	0	35	47	True
Zm00001eb208960	chr4	-	False	True	0	0	0	0	False
Zm00001eb208970	chr4	-	False	True	4	1	27	32	True
Zm00001eb209000	chr4	-	False	True	5	0	14	19	True
Zm00001eb209010	chr4	+	False	True	4	0	11	15	True
Zm00001eb209040	chr4	-	False	True	2	1	12	15	True
Zm00001eb209070	chr4	-	False	True	10	0	14	24	True
Zm00001eb209080	chr4	+	False	True	7	0	25	32	True
Zm00001eb209100	chr4	+	False	True	1	0	1	2	True
Zm00001eb209140	chr4	-	False	True	13	2	18	33	True
Zm00001eb209150	chr4	-	False	True	4	0	12	16	True
Zm00001eb209160	chr4	-	False	True	9	0	33	42	True
Zm00001eb209190	chr4	+	False	True	6	0	22	28	True
Zm00001eb209200	chr4	+	False	True	9	2	30	41	True
Zm00001eb209210	chr4	+	False	True	9	1	48	58	True
Zm00001eb209220	chr4	-	False	True	8	1	58	67	True
Zm00001eb209230	chr4	-	False	True	6	0	26	32	True
Zm00001eb209250	chr4	+	False	True	7	0	24	31	True
Zm00001eb209260	chr4	+	False	True	8	1	25	34	True
Zm00001eb209280	chr4	+	False	True	4	1	21	26	True
Zm00001eb209310	chr4	-	False	True	5	2	11	18	True
Zm00001eb209340	chr4	+	False	True	8	0	27	35	True
Zm00001eb209350	chr4	-	False	True	9	1	26	36	True
Zm00001eb209360	chr4	-	False	True	4	0	16	20	True
Zm00001eb209370	chr4	-	False	True	8	1	12	21	True
Zm00001eb209480	chr4	+	False	True	1	0	3	4	True
Zm00001eb209490	chr4	-	False	True	2	0	1	3	True
Zm00001eb209550	chr4	+	False	True	11	0	24	35	True
Zm00001eb209610	chr4	-	False	True	2	1	21	24	True
Zm00001eb209620	chr4	+	False	True	13	0	38	51	True
Zm00001eb209650	chr4	+	False	True	0	0	0	0	False
Zm00001eb209740	chr4	-	False	True	6	0	17	23	True
Zm00001eb209770	chr4	+	False	True	8	0	12	20	True
Zm00001eb209780	chr4	+	False	True	8	1	16	25	True
Zm00001eb209800	chr4	-	False	True	2	1	4	7	True
Zm00001eb209850	chr4	-	False	True	4	0	11	15	True
Zm00001eb209860	chr4	-	False	True	9	1	44	54	True
Zm00001eb209870	chr4	-	False	True	1	0	22	23	True
Zm00001eb209910	chr4	+	False	True	0	0	14	14	True
Zm00001eb210000	chr4	-	False	True	10	1	16	27	True
Zm00001eb210110	chr4	+	False	True	1	0	2	3	True
Zm00001eb210150	chr4	+	False	True	0	0	0	0	False
Zm00001eb210370	chr5	+	False	True	5	1	3	9	True
Zm00001eb210380	chr5	+	False	True	1	0	0	1	True
Zm00001eb210390	chr5	+	False	True	3	0	5	8	True
Zm00001eb210410	chr5	+	False	True	3	0	6	9	True
Zm00001eb210420	chr5	+	False	True	2	0	6	8	True
Zm00001eb210430	chr5	+	False	True	6	2	32	40	True
Zm00001eb210440	chr5	+	False	True	3	0	3	6	True
Zm00001eb210450	chr5	+	False	True	1	0	1	2	True
Zm00001eb210470	chr5	-	False	True	9	0	18	27	True
Zm00001eb210490	chr5	-	False	True	5	0	43	48	True
Zm00001eb210500	chr5	-	False	True	4	0	11	15	True
Zm00001eb210510	chr5	+	False	True	1	2	6	9	True
Zm00001eb210520	chr5	+	False	True	5	2	17	24	True
Zm00001eb210530	chr5	-	False	True	7	2	33	42	True
Zm00001eb210550	chr5	-	False	True	2	0	8	10	True
Zm00001eb210560	chr5	+	False	True	2	0	3	5	True
Zm00001eb210570	chr5	+	False	True	8	0	37	45	True
Zm00001eb210590	chr5	+	False	True	4	0	5	9	True
Zm00001eb210610	chr5	-	False	True	4	0	9	13	True
Zm00001eb210620	chr5	+	False	True	4	0	9	13	True
Zm00001eb210630	chr5	+	False	True	9	0	18	27	True
Zm00001eb210680	chr5	+	False	True	0	0	1	1	True
Zm00001eb210690	chr5	-	False	True	0	1	2	3	True
Zm00001eb210720	chr5	+	True	False	0	1	7	8	True
Zm00001eb210730	chr5	-	False	True	3	0	12	15	True
Zm00001eb210740	chr5	+	False	True	3	0	12	15	True
Zm00001eb210750	chr5	+	False	True	11	2	41	54	True
Zm00001eb210780	chr5	-	False	True	14	1	32	47	True
Zm00001eb210790	chr5	+	False	True	1	0	1	2	True
Zm00001eb210800	chr5	-	False	True	8	1	12	21	True
Zm00001eb210820	chr5	-	False	True	7	1	26	34	True
Zm00001eb210830	chr5	-	False	True	5	1	7	13	True
Zm00001eb210840	chr5	-	False	True	5	0	15	20	True
Zm00001eb210850	chr5	+	False	True	3	0	6	9	True
Zm00001eb210860	chr5	+	False	True	1	1	3	5	True
Zm00001eb210890	chr5	+	False	True	4	2	9	15	True
Zm00001eb210900	chr5	-	False	True	2	2	15	19	True
Zm00001eb210930	chr5	+	False	True	2	0	2	4	True
Zm00001eb210940	chr5	+	False	True	7	1	29	37	True
Zm00001eb210950	chr5	+	True	False	2	1	14	17	True
Zm00001eb210980	chr5	+	False	True	6	1	3	10	True
Zm00001eb211010	chr5	+	False	True	1	0	6	7	True
Zm00001eb211020	chr5	+	False	True	6	0	20	26	True
Zm00001eb211030	chr5	-	False	True	9	1	17	27	True
Zm00001eb211040	chr5	+	False	True	7	0	14	21	True
Zm00001eb211050	chr5	-	False	True	1	1	2	4	True
Zm00001eb211070	chr5	+	False	True	2	1	8	11	True
Zm00001eb211090	chr5	-	False	True	6	0	15	21	True
Zm00001eb211130	chr5	-	False	True	6	0	19	25	True
Zm00001eb211140	chr5	-	False	True	0	0	1	1	True
Zm00001eb211170	chr5	-	False	True	7	0	43	50	True
Zm00001eb211190	chr5	-	False	True	8	0	10	18	True
Zm00001eb211200	chr5	-	False	True	4	3	32	39	True
Zm00001eb211220	chr5	+	False	True	4	0	8	12	True
Zm00001eb211260	chr5	+	False	True	13	0	31	44	True
Zm00001eb211300	chr5	-	False	True	8	2	19	29	True
Zm00001eb211320	chr5	-	False	True	1	1	25	27	True
Zm00001eb211330	chr5	-	False	True	3	1	18	22	True
Zm00001eb211340	chr5	+	False	True	0	0	0	0	False
Zm00001eb211350	chr5	-	False	True	4	1	13	18	True
Zm00001eb211360	chr5	+	False	True	7	0	13	20	True
Zm00001eb211390	chr5	-	False	True	4	2	14	20	True
Zm00001eb211400	chr5	+	False	True	3	2	11	16	True
Zm00001eb211410	chr5	-	False	True	0	0	3	3	True
Zm00001eb211440	chr5	+	False	True	3	0	3	6	True
Zm00001eb211470	chr5	-	False	True	7	0	20	27	True
Zm00001eb211480	chr5	+	False	True	13	0	57	70	True
Zm00001eb211500	chr5	+	False	True	5	2	32	39	True
Zm00001eb211510	chr5	+	False	True	10	0	21	31	True
Zm00001eb211520	chr5	-	False	True	4	3	26	33	True
Zm00001eb211600	chr5	-	False	True	11	0	16	27	True
Zm00001eb211610	chr5	-	False	True	6	0	22	28	True
Zm00001eb211620	chr5	-	False	True	20	1	36	57	True
Zm00001eb211660	chr5	-	False	True	4	0	19	23	True
Zm00001eb211690	chr5	+	False	True	10	1	23	34	True
Zm00001eb211700	chr5	-	False	True	14	0	17	31	True
Zm00001eb211720	chr5	+	False	True	12	2	16	30	True
Zm00001eb211730	chr5	+	False	True	9	0	26	35	True
Zm00001eb211740	chr5	-	False	True	13	0	20	33	True
Zm00001eb211770	chr5	-	False	True	6	2	7	15	True
Zm00001eb211790	chr5	+	False	True	6	0	6	12	True
Zm00001eb211850	chr5	-	False	True	0	0	0	0	False
Zm00001eb211900	chr5	+	False	True	9	2	18	29	True
Zm00001eb211910	chr5	+	False	True	5	1	21	27	True
Zm00001eb211960	chr5	-	False	True	12	0	39	51	True
Zm00001eb211970	chr5	-	True	False	15	0	20	35	True
Zm00001eb211990	chr5	+	False	True	3	1	11	15	True
Zm00001eb212010	chr5	+	False	True	7	0	15	22	True
Zm00001eb212020	chr5	-	False	True	0	0	2	2	True
Zm00001eb212030	chr5	-	False	True	0	0	0	0	False
Zm00001eb212040	chr5	+	False	True	1	0	3	4	True
Zm00001eb212060	chr5	-	False	True	16	0	21	37	True
Zm00001eb212080	chr5	-	False	True	1	1	1	3	True
Zm00001eb212090	chr5	+	False	True	2	0	15	17	True
Zm00001eb212120	chr5	-	False	True	6	0	19	25	True
Zm00001eb212150	chr5	-	False	True	3	0	13	16	True
Zm00001eb212160	chr5	+	False	True	0	0	1	1	True
Zm00001eb212170	chr5	-	False	True	1	0	20	21	True
Zm00001eb212180	chr5	+	False	True	7	1	26	34	True
Zm00001eb212190	chr5	-	False	True	6	0	15	21	True
Zm00001eb212200	chr5	+	False	True	4	0	12	16	True
Zm00001eb212230	chr5	+	False	True	8	1	39	48	True
Zm00001eb212240	chr5	-	False	True	4	0	9	13	True
Zm00001eb212250	chr5	-	False	True	3	0	15	18	True
Zm00001eb212260	chr5	+	False	True	5	2	30	37	True
Zm00001eb212300	chr5	+	False	True	5	0	21	26	True
Zm00001eb212310	chr5	-	False	True	6	0	11	17	True
Zm00001eb212330	chr5	+	False	True	6	0	30	36	True
Zm00001eb212350	chr5	-	False	True	3	0	7	10	True
Zm00001eb212360	chr5	-	False	True	7	0	57	64	True
Zm00001eb212370	chr5	+	False	True	3	0	25	28	True
Zm00001eb212380	chr5	+	False	True	6	1	38	45	True
Zm00001eb212390	chr5	+	False	True	3	1	14	18	True
Zm00001eb212400	chr5	+	False	True	4	0	19	23	True
Zm00001eb212410	chr5	-	False	True	4	0	38	42	True
Zm00001eb212420	chr5	+	False	True	2	0	16	18	True
Zm00001eb212430	chr5	-	False	True	8	0	16	24	True
Zm00001eb212440	chr5	-	False	True	11	1	27	39	True
Zm00001eb212460	chr5	-	True	False	8	1	31	40	True
Zm00001eb212470	chr5	-	False	True	2	1	12	15	True
Zm00001eb212520	chr5	-	True	False	10	2	18	30	True
Zm00001eb212530	chr5	+	False	True	12	0	22	34	True
Zm00001eb212540	chr5	+	False	True	9	0	17	26	True
Zm00001eb212550	chr5	-	False	True	9	0	17	26	True
Zm00001eb212580	chr5	-	False	True	6	1	13	20	True
Zm00001eb212630	chr5	-	False	True	4	2	24	30	True
Zm00001eb212640	chr5	-	False	True	0	0	4	4	True
Zm00001eb212660	chr5	+	False	True	3	1	3	7	True
Zm00001eb212690	chr5	-	False	True	6	1	16	23	True
Zm00001eb212700	chr5	+	False	True	3	0	16	19	True
Zm00001eb212710	chr5	-	False	True	12	1	32	45	True
Zm00001eb212720	chr5	-	False	True	6	1	25	32	True
Zm00001eb212740	chr5	-	False	True	3	1	7	11	True
Zm00001eb212750	chr5	+	False	True	4	0	13	17	True
Zm00001eb212760	chr5	+	False	True	0	0	3	3	True
Zm00001eb212770	chr5	+	False	True	7	0	27	34	True
Zm00001eb212900	chr5	-	False	True	0	0	1	1	True
Zm00001eb212930	chr5	-	False	True	5	0	45	50	True
Zm00001eb212940	chr5	+	False	True	0	1	3	4	True
Zm00001eb212950	chr5	-	False	True	6	0	33	39	True
Zm00001eb212960	chr5	+	False	True	4	0	24	28	True
Zm00001eb212970	chr5	+	False	True	6	0	12	18	True
Zm00001eb212980	chr5	+	False	True	5	1	12	18	True
Zm00001eb212990	chr5	+	False	True	3	0	7	10	True
Zm00001eb213000	chr5	-	False	True	11	1	32	44	True
Zm00001eb213020	chr5	-	False	True	1	0	4	5	True
Zm00001eb213060	chr5	-	False	True	0	0	2	2	True
Zm00001eb213080	chr5	+	False	True	0	0	4	4	True
Zm00001eb213160	chr5	+	False	True	5	0	35	40	True
Zm00001eb213170	chr5	-	False	True	9	0	34	43	True
Zm00001eb213180	chr5	+	False	True	9	0	17	26	True
Zm00001eb213260	chr5	+	False	True	7	0	14	21	True
Zm00001eb213310	chr5	-	False	True	0	1	1	2	True
Zm00001eb213330	chr5	+	False	True	2	0	8	10	True
Zm00001eb213380	chr5	-	False	True	6	0	18	24	True
Zm00001eb213420	chr5	+	False	True	0	1	1	2	True
Zm00001eb213450	chr5	+	False	True	11	1	83	95	True
Zm00001eb213480	chr5	+	False	True	1	0	0	1	True
Zm00001eb213560	chr5	-	True	False	16	1	38	55	True
Zm00001eb213570	chr5	+	False	True	11	0	36	47	True
Zm00001eb213630	chr5	+	False	True	0	0	3	3	True
Zm00001eb213670	chr5	+	False	True	1	0	2	3	True
Zm00001eb213680	chr5	-	False	True	3	1	19	23	True
Zm00001eb213750	chr5	+	False	True	8	0	26	34	True
Zm00001eb213760	chr5	-	True	False	3	0	39	42	True
Zm00001eb213770	chr5	-	False	True	16	2	52	70	True
Zm00001eb213780	chr5	-	False	True	8	1	32	41	True
Zm00001eb213890	chr5	-	False	True	2	1	22	25	True
Zm00001eb213920	chr5	+	False	True	0	0	1	1	True
Zm00001eb213960	chr5	-	False	True	2	1	9	12	True
Zm00001eb213970	chr5	-	False	True	2	0	13	15	True
Zm00001eb213990	chr5	+	False	True	5	0	21	26	True
Zm00001eb214080	chr5	-	True	False	1	1	8	10	True
Zm00001eb214090	chr5	-	False	True	9	1	36	46	True
Zm00001eb214110	chr5	+	False	True	0	0	0	0	False
Zm00001eb214120	chr5	+	True	False	7	2	23	32	True
Zm00001eb214130	chr5	-	False	True	0	1	11	12	True
Zm00001eb214180	chr5	+	False	True	1	0	7	8	True
Zm00001eb214210	chr5	-	False	True	0	0	1	1	True
Zm00001eb214230	chr5	+	False	True	1	0	3	4	True
Zm00001eb214240	chr5	+	False	True	0	0	0	0	False
Zm00001eb214260	chr5	-	False	True	9	1	18	28	True
Zm00001eb214310	chr5	+	False	True	0	0	0	0	False
Zm00001eb214330	chr5	+	False	True	0	0	0	0	False
Zm00001eb214360	chr5	-	False	True	0	0	2	2	True
Zm00001eb214410	chr5	-	False	True	0	0	4	4	True
Zm00001eb214510	chr5	-	True	False	6	1	45	52	True
Zm00001eb214520	chr5	-	False	True	14	0	7	21	True
Zm00001eb214530	chr5	-	False	True	1	0	4	5	True
Zm00001eb214540	chr5	-	False	True	6	1	16	23	True
Zm00001eb214560	chr5	+	False	True	13	0	28	41	True
Zm00001eb214580	chr5	+	False	True	0	0	0	0	False
Zm00001eb214610	chr5	+	False	True	0	0	0	0	False
Zm00001eb214630	chr5	+	False	True	0	0	4	4	True
Zm00001eb214650	chr5	-	False	True	11	0	38	49	True
Zm00001eb214660	chr5	-	False	True	0	0	2	2	True
Zm00001eb214670	chr5	-	False	True	8	1	10	19	True
Zm00001eb214720	chr5	+	False	True	19	1	32	52	True
Zm00001eb214730	chr5	-	False	True	2	0	11	13	True
Zm00001eb214780	chr5	-	False	True	8	0	17	25	True
Zm00001eb214790	chr5	-	False	True	4	0	12	16	True
Zm00001eb214800	chr5	-	False	True	8	1	47	56	True
Zm00001eb214830	chr5	+	False	True	3	1	15	19	True
Zm00001eb214840	chr5	-	False	True	1	0	0	1	True
Zm00001eb214860	chr5	+	False	True	3	0	21	24	True
Zm00001eb214900	chr5	-	False	True	0	1	10	11	True
Zm00001eb214910	chr5	+	False	True	4	0	22	26	True
Zm00001eb214920	chr5	-	False	True	6	1	44	51	True
Zm00001eb214930	chr5	-	False	True	7	0	17	24	True
Zm00001eb214950	chr5	-	False	True	21	0	25	46	True
Zm00001eb214960	chr5	+	False	True	3	0	12	15	True
Zm00001eb214970	chr5	-	False	True	4	1	8	13	True
Zm00001eb215000	chr5	+	False	True	0	0	0	0	False
Zm00001eb215030	chr5	-	False	True	3	3	5	11	True
Zm00001eb215040	chr5	+	False	True	1	1	9	11	True
Zm00001eb215070	chr5	-	False	True	3	1	12	16	True
Zm00001eb215080	chr5	+	False	True	5	0	11	16	True
Zm00001eb215090	chr5	+	False	True	5	0	27	32	True
Zm00001eb215110	chr5	-	False	True	6	1	22	29	True
Zm00001eb215120	chr5	+	False	True	3	0	5	8	True
Zm00001eb215180	chr5	-	False	True	2	1	8	11	True
Zm00001eb215190	chr5	-	False	True	3	0	0	3	True
Zm00001eb215210	chr5	+	False	True	11	0	71	82	True
Zm00001eb215220	chr5	-	False	True	17	1	37	55	True
Zm00001eb215450	chr5	-	False	True	7	3	35	45	True
Zm00001eb215460	chr5	-	False	True	8	0	27	35	True
Zm00001eb215470	chr5	+	False	True	4	1	22	27	True
Zm00001eb215480	chr5	+	False	True	10	1	36	47	True
Zm00001eb215510	chr5	+	False	True	8	1	42	51	True
Zm00001eb215550	chr5	-	False	True	1	1	11	13	True
Zm00001eb215620	chr5	-	False	True	5	0	10	15	True
Zm00001eb215680	chr5	+	False	True	6	0	53	59	True
Zm00001eb215710	chr5	-	False	True	4	1	23	28	True
Zm00001eb215890	chr5	+	False	True	9	0	40	49	True
Zm00001eb215900	chr5	-	False	True	11	0	47	58	True
Zm00001eb215910	chr5	-	False	True	3	0	26	29	True
Zm00001eb215920	chr5	-	False	True	4	0	34	38	True
Zm00001eb215950	chr5	+	False	True	1	1	16	18	True
Zm00001eb215980	chr5	+	False	True	0	0	15	15	True
Zm00001eb215990	chr5	+	False	True	7	1	15	23	True
Zm00001eb216000	chr5	-	False	True	15	1	23	39	True
Zm00001eb216010	chr5	-	False	True	2	0	14	16	True
Zm00001eb216040	chr5	+	False	True	5	0	4	9	True
Zm00001eb216070	chr5	-	False	True	1	0	4	5	True
Zm00001eb216120	chr5	+	False	True	1	2	7	10	True
Zm00001eb216140	chr5	+	False	True	1	0	6	7	True
Zm00001eb216160	chr5	-	False	True	6	1	11	18	True
Zm00001eb216170	chr5	+	False	True	1	0	1	2	True
Zm00001eb216180	chr5	+	False	True	1	0	20	21	True
Zm00001eb216210	chr5	+	False	True	3	0	20	23	True
Zm00001eb216220	chr5	+	False	True	16	0	36	52	True
Zm00001eb216230	chr5	-	False	True	1	0	21	22	True
Zm00001eb216240	chr5	-	False	True	3	1	4	8	True
Zm00001eb216260	chr5	-	False	True	11	1	23	35	True
Zm00001eb216310	chr5	-	False	True	8	0	41	49	True
Zm00001eb216320	chr5	-	False	True	1	1	22	24	True
Zm00001eb216330	chr5	+	False	True	9	0	30	39	True
Zm00001eb216380	chr5	+	False	True	5	0	9	14	True
Zm00001eb216390	chr5	-	False	True	0	0	0	0	False
Zm00001eb216400	chr5	+	False	True	1	0	2	3	True
Zm00001eb216410	chr5	-	False	True	4	0	25	29	True
Zm00001eb216420	chr5	-	False	True	6	2	28	36	True
Zm00001eb216440	chr5	+	False	True	2	0	31	33	True
Zm00001eb216450	chr5	+	False	True	4	0	13	17	True
Zm00001eb216480	chr5	-	False	True	2	1	32	35	True
Zm00001eb216500	chr5	+	False	True	0	0	7	7	True
Zm00001eb216510	chr5	+	False	True	11	3	23	37	True
Zm00001eb216540	chr5	+	False	True	12	1	40	53	True
Zm00001eb216550	chr5	-	False	True	9	2	32	43	True
Zm00001eb216610	chr5	-	False	True	5	0	15	20	True
Zm00001eb216620	chr5	+	False	True	0	1	1	2	True
Zm00001eb216640	chr5	-	False	True	10	0	21	31	True
Zm00001eb216680	chr5	-	False	True	1	0	10	11	True
Zm00001eb216690	chr5	+	False	True	1	0	3	4	True
Zm00001eb216780	chr5	-	False	True	6	1	15	22	True
Zm00001eb216800	chr5	+	False	True	7	0	12	19	True
Zm00001eb216810	chr5	+	False	True	5	0	24	29	True
Zm00001eb216820	chr5	-	False	True	8	1	7	16	True
Zm00001eb216840	chr5	+	False	True	0	0	8	8	True
Zm00001eb216860	chr5	-	False	True	4	1	10	15	True
Zm00001eb216870	chr5	-	False	True	13	3	23	39	True
Zm00001eb216900	chr5	+	False	True	0	1	2	3	True
Zm00001eb216910	chr5	-	False	True	3	1	9	13	True
Zm00001eb216920	chr5	-	False	True	1	0	3	4	True
Zm00001eb216980	chr5	-	False	True	0	0	3	3	True
Zm00001eb217000	chr5	-	False	True	7	1	28	36	True
Zm00001eb217010	chr5	-	False	True	4	1	14	19	True
Zm00001eb217120	chr5	+	False	True	0	0	35	35	True
Zm00001eb217130	chr5	-	False	True	4	1	18	23	True
Zm00001eb217140	chr5	-	False	True	1	0	3	4	True
Zm00001eb217160	chr5	-	False	True	1	0	0	1	True
Zm00001eb217170	chr5	-	False	True	4	2	31	37	True
Zm00001eb217180	chr5	-	False	True	9	2	46	57	True
Zm00001eb217190	chr5	+	False	True	10	1	32	43	True
Zm00001eb217220	chr5	-	False	True	16	2	37	55	True
Zm00001eb217230	chr5	-	True	False	5	1	10	16	True
Zm00001eb217240	chr5	+	False	True	4	1	7	12	True
Zm00001eb217270	chr5	+	False	True	4	0	27	31	True
Zm00001eb217310	chr5	+	False	True	8	2	24	34	True
Zm00001eb217320	chr5	+	False	True	5	0	33	38	True
Zm00001eb217340	chr5	+	False	True	10	0	75	85	True
Zm00001eb217350	chr5	+	False	True	5	0	9	14	True
Zm00001eb217360	chr5	+	False	True	8	1	27	36	True
Zm00001eb217370	chr5	+	False	True	12	0	22	34	True
Zm00001eb217390	chr5	-	False	True	14	1	24	39	True
Zm00001eb217400	chr5	-	False	True	6	0	24	30	True
Zm00001eb217440	chr5	-	False	True	4	0	5	9	True
Zm00001eb217560	chr5	-	False	True	0	0	2	2	True
Zm00001eb217590	chr5	+	False	True	8	1	17	26	True
Zm00001eb217860	chr5	+	False	True	0	0	0	0	False
Zm00001eb217880	chr5	+	False	True	8	2	49	59	True
Zm00001eb217900	chr5	-	False	True	3	2	14	19	True
Zm00001eb218020	chr5	+	False	True	3	0	19	22	True
Zm00001eb218090	chr5	+	False	True	1	0	26	27	True
Zm00001eb218130	chr5	-	False	True	3	2	7	12	True
Zm00001eb218140	chr5	+	False	True	2	0	1	3	True
Zm00001eb218170	chr5	+	False	True	2	0	1	3	True
Zm00001eb218190	chr5	-	False	True	1	1	4	6	True
Zm00001eb218200	chr5	-	False	True	1	0	0	1	True
Zm00001eb218220	chr5	-	False	True	14	1	14	29	True
Zm00001eb218300	chr5	+	False	True	0	0	1	1	True
Zm00001eb218320	chr5	-	False	True	8	0	18	26	True
Zm00001eb218390	chr5	+	False	True	0	0	6	6	True
Zm00001eb218400	chr5	+	False	True	8	2	29	39	True
Zm00001eb218410	chr5	+	False	True	10	3	13	26	True
Zm00001eb218450	chr5	-	False	True	6	1	22	29	True
Zm00001eb218460	chr5	-	False	True	4	0	18	22	True
Zm00001eb218510	chr5	-	False	True	1	1	19	21	True
Zm00001eb218530	chr5	+	False	True	6	0	19	25	True
Zm00001eb218560	chr5	-	False	True	4	1	27	32	True
Zm00001eb218590	chr5	+	False	True	6	0	12	18	True
Zm00001eb218610	chr5	+	False	True	10	0	27	37	True
Zm00001eb218650	chr5	-	False	True	0	3	2	5	True
Zm00001eb218680	chr5	-	False	True	1	0	7	8	True
Zm00001eb218690	chr5	+	False	True	4	1	19	24	True
Zm00001eb218730	chr5	+	False	True	9	0	19	28	True
Zm00001eb218740	chr5	+	False	True	2	0	8	10	True
Zm00001eb218750	chr5	+	False	True	3	1	7	11	True
Zm00001eb218820	chr5	+	False	True	5	1	9	15	True
Zm00001eb218920	chr5	-	False	True	4	1	15	20	True
Zm00001eb219010	chr5	-	False	True	1	1	14	16	True
Zm00001eb219040	chr5	+	False	True	4	1	25	30	True
Zm00001eb219080	chr5	-	False	True	1	2	6	9	True
Zm00001eb219090	chr5	+	False	True	2	0	6	8	True
Zm00001eb219160	chr5	+	False	True	5	1	7	13	True
Zm00001eb219170	chr5	-	False	True	3	1	10	14	True
Zm00001eb219190	chr5	+	False	True	8	0	13	21	True
Zm00001eb219200	chr5	+	False	True	9	2	71	82	True
Zm00001eb219210	chr5	+	False	True	6	0	7	13	True
Zm00001eb219230	chr5	-	False	True	9	0	29	38	True
Zm00001eb219240	chr5	+	False	True	2	0	10	12	True
Zm00001eb219250	chr5	-	False	True	1	0	14	15	True
Zm00001eb219260	chr5	+	False	True	5	1	30	36	True
Zm00001eb219270	chr5	+	False	True	6	1	37	44	True
Zm00001eb219300	chr5	-	False	True	6	0	20	26	True
Zm00001eb219310	chr5	+	False	True	1	0	8	9	True
Zm00001eb219530	chr5	-	True	False	12	1	45	58	True
Zm00001eb219570	chr5	+	False	True	4	0	23	27	True
Zm00001eb219590	chr5	-	False	True	8	3	42	53	True
Zm00001eb219680	chr5	+	False	True	11	0	36	47	True
Zm00001eb219690	chr5	-	False	True	1	0	1	2	True
Zm00001eb219700	chr5	-	False	True	7	2	12	21	True
Zm00001eb219720	chr5	+	False	True	12	3	50	65	True
Zm00001eb219750	chr5	+	False	True	9	0	6	15	True
Zm00001eb219790	chr5	+	False	True	2	1	4	7	True
Zm00001eb219820	chr5	+	False	True	4	0	25	29	True
Zm00001eb219830	chr5	-	False	True	2	1	5	8	True
Zm00001eb219850	chr5	-	False	True	7	0	20	27	True
Zm00001eb219860	chr5	+	False	True	7	0	21	28	True
Zm00001eb219880	chr5	-	False	True	6	0	23	29	True
Zm00001eb219900	chr5	-	False	True	6	0	34	40	True
Zm00001eb219960	chr5	+	False	True	3	3	17	23	True
Zm00001eb219970	chr5	+	False	True	4	0	27	31	True
Zm00001eb220000	chr5	+	False	True	0	0	4	4	True
Zm00001eb220010	chr5	+	False	True	0	0	0	0	False
Zm00001eb220050	chr5	+	False	True	5	0	6	11	True
Zm00001eb220060	chr5	-	False	True	2	0	13	15	True
Zm00001eb220090	chr5	-	False	True	3	0	6	9	True
Zm00001eb220140	chr5	+	False	True	1	0	1	2	True
Zm00001eb220220	chr5	-	True	False	7	0	26	33	True
Zm00001eb220240	chr5	+	False	True	5	0	15	20	True
Zm00001eb220340	chr5	+	False	True	3	0	3	6	True
Zm00001eb220370	chr5	+	False	True	1	0	3	4	True
Zm00001eb220380	chr5	+	False	True	6	1	23	30	True
Zm00001eb220390	chr5	+	False	True	2	0	13	15	True
Zm00001eb220400	chr5	-	False	True	14	0	22	36	True
Zm00001eb220420	chr5	-	False	True	9	2	25	36	True
Zm00001eb220550	chr5	+	False	True	0	1	7	8	True
Zm00001eb220600	chr5	-	False	True	6	1	33	40	True
Zm00001eb220610	chr5	-	False	True	5	1	12	18	True
Zm00001eb220630	chr5	+	False	True	1	2	13	16	True
Zm00001eb220640	chr5	+	False	True	4	0	21	25	True
Zm00001eb220650	chr5	-	False	True	4	1	7	12	True
Zm00001eb220740	chr5	+	False	True	16	1	17	34	True
Zm00001eb220750	chr5	-	False	True	15	3	46	64	True
Zm00001eb221110	chr5	-	False	True	8	1	26	35	True
Zm00001eb221150	chr5	+	False	True	1	1	1	3	True
Zm00001eb221160	chr5	-	False	True	0	0	6	6	True
Zm00001eb221180	chr5	+	False	True	0	0	2	2	True
Zm00001eb221190	chr5	-	False	True	0	0	1	1	True
Zm00001eb221240	chr5	-	False	True	3	1	3	7	True
Zm00001eb221290	chr5	-	False	True	0	0	13	13	True
Zm00001eb221300	chr5	-	False	True	3	0	6	9	True
Zm00001eb221310	chr5	-	False	True	5	0	7	12	True
Zm00001eb221340	chr5	+	False	True	4	0	9	13	True
Zm00001eb221360	chr5	+	False	True	2	0	3	5	True
Zm00001eb221410	chr5	+	False	True	5	1	5	11	True
Zm00001eb221480	chr5	-	False	True	5	1	19	25	True
Zm00001eb221500	chr5	+	True	False	2	1	14	17	True
Zm00001eb221560	chr5	+	False	True	0	0	2	2	True
Zm00001eb221580	chr5	+	False	True	1	0	23	24	True
Zm00001eb221600	chr5	+	False	True	1	0	7	8	True
Zm00001eb221610	chr5	+	False	True	2	0	2	4	True
Zm00001eb221620	chr5	-	False	True	5	0	8	13	True
Zm00001eb221680	chr5	-	False	True	2	0	8	10	True
Zm00001eb221690	chr5	+	False	True	0	0	2	2	True
Zm00001eb221710	chr5	+	False	True	0	0	8	8	True
Zm00001eb221820	chr5	-	False	True	0	0	1	1	True
Zm00001eb221860	chr5	-	False	True	2	0	1	3	True
Zm00001eb221870	chr5	-	False	True	6	1	10	17	True
Zm00001eb221890	chr5	-	False	True	0	0	5	5	True
Zm00001eb221900	chr5	-	False	True	4	2	33	39	True
Zm00001eb221920	chr5	+	False	True	0	1	8	9	True
Zm00001eb221970	chr5	+	False	True	7	1	16	24	True
Zm00001eb222000	chr5	+	False	True	0	1	2	3	True
Zm00001eb222040	chr5	-	False	True	0	0	1	1	True
Zm00001eb222160	chr5	+	True	False	5	0	17	22	True
Zm00001eb222190	chr5	+	False	True	3	0	11	14	True
Zm00001eb222210	chr5	+	False	True	8	0	21	29	True
Zm00001eb222220	chr5	-	False	True	5	1	80	86	True
Zm00001eb222240	chr5	+	False	True	3	0	37	40	True
Zm00001eb222250	chr5	-	False	True	1	0	0	1	True
Zm00001eb222270	chr5	+	False	True	2	1	10	13	True
Zm00001eb222280	chr5	+	False	True	3	1	24	28	True
Zm00001eb222300	chr5	-	False	True	0	3	30	33	True
Zm00001eb222310	chr5	-	False	True	0	1	11	12	True
Zm00001eb222320	chr5	-	False	True	10	1	60	71	True
Zm00001eb222330	chr5	-	False	True	4	1	27	32	True
Zm00001eb222430	chr5	-	False	True	11	0	30	41	True
Zm00001eb222460	chr5	+	False	True	0	0	4	4	True
Zm00001eb222510	chr5	+	False	True	0	0	2	2	True
Zm00001eb222660	chr5	+	False	True	0	0	1	1	True
Zm00001eb222690	chr5	-	False	True	0	1	3	4	True
Zm00001eb222710	chr5	-	False	True	9	2	20	31	True
Zm00001eb223040	chr5	+	False	True	0	0	0	0	False
Zm00001eb223060	chr5	+	False	True	1	1	13	15	True
Zm00001eb223100	chr5	-	False	True	0	1	0	1	True
Zm00001eb223120	chr5	+	False	True	2	0	4	6	True
Zm00001eb223130	chr5	+	False	True	0	0	2	2	True
Zm00001eb223160	chr5	+	False	True	3	2	13	18	True
Zm00001eb223190	chr5	-	False	True	0	0	0	0	False
Zm00001eb223200	chr5	-	True	False	5	1	23	29	True
Zm00001eb223210	chr5	-	True	False	5	0	14	19	True
Zm00001eb223220	chr5	-	False	True	2	1	12	15	True
Zm00001eb223240	chr5	+	False	True	2	0	1	3	True
Zm00001eb223290	chr5	-	False	True	10	1	34	45	True
Zm00001eb223450	chr5	+	False	True	0	0	9	9	True
Zm00001eb223490	chr5	-	False	True	3	1	12	16	True
Zm00001eb223680	chr5	-	False	True	2	1	6	9	True
Zm00001eb223800	chr5	+	False	True	6	1	30	37	True
Zm00001eb223810	chr5	-	False	True	1	0	26	27	True
Zm00001eb223840	chr5	+	False	True	0	0	4	4	True
Zm00001eb223850	chr5	+	False	True	0	1	2	3	True
Zm00001eb223890	chr5	+	False	True	0	0	0	0	False
Zm00001eb223920	chr5	-	False	True	0	0	2	2	True
Zm00001eb223950	chr5	+	False	True	1	0	0	1	True
Zm00001eb223960	chr5	-	False	True	1	0	1	2	True
Zm00001eb224000	chr5	+	False	True	7	0	10	17	True
Zm00001eb224010	chr5	+	False	True	5	0	9	14	True
Zm00001eb224040	chr5	-	False	True	3	0	24	27	True
Zm00001eb224050	chr5	-	False	True	0	1	9	10	True
Zm00001eb224060	chr5	+	False	True	2	1	7	10	True
Zm00001eb224170	chr5	-	False	True	1	0	0	1	True
Zm00001eb224180	chr5	-	False	True	0	0	2	2	True
Zm00001eb224220	chr5	-	False	True	10	1	35	46	True
Zm00001eb224680	chr5	+	False	True	3	0	5	8	True
Zm00001eb224690	chr5	-	False	True	0	0	2	2	True
Zm00001eb224770	chr5	+	False	True	0	0	1	1	True
Zm00001eb224850	chr5	-	False	True	4	0	32	36	True
Zm00001eb224860	chr5	-	False	True	0	0	1	1	True
Zm00001eb224900	chr5	+	False	True	1	0	1	2	True
Zm00001eb224910	chr5	+	False	True	4	0	4	8	True
Zm00001eb224940	chr5	+	False	True	0	0	0	0	False
Zm00001eb224950	chr5	-	False	True	0	0	0	0	False
Zm00001eb225000	chr5	+	False	True	0	1	1	2	True
Zm00001eb225030	chr5	+	False	True	0	1	2	3	True
Zm00001eb225060	chr5	-	False	True	0	0	9	9	True
Zm00001eb225080	chr5	+	False	True	3	0	10	13	True
Zm00001eb225090	chr5	-	False	True	5	1	8	14	True
Zm00001eb225120	chr5	-	False	True	4	0	10	14	True
Zm00001eb225130	chr5	+	True	False	3	0	9	12	True
Zm00001eb225150	chr5	+	False	True	0	1	0	1	True
Zm00001eb225570	chr5	+	False	True	4	0	2	6	True
Zm00001eb225650	chr5	+	False	True	0	0	0	0	False
Zm00001eb225670	chr5	-	False	True	4	0	4	8	True
Zm00001eb225760	chr5	-	False	True	1	1	3	5	True
Zm00001eb225770	chr5	-	False	True	3	1	6	10	True
Zm00001eb225790	chr5	-	False	True	15	0	51	66	True
Zm00001eb225820	chr5	+	False	True	0	0	4	4	True
Zm00001eb225830	chr5	-	False	True	5	1	9	15	True
Zm00001eb225840	chr5	-	False	True	2	0	3	5	True
Zm00001eb225910	chr5	-	False	True	0	0	3	3	True
Zm00001eb226000	chr5	-	False	True	5	1	20	26	True
Zm00001eb226020	chr5	+	False	True	0	0	1	1	True
Zm00001eb226030	chr5	+	False	True	1	0	0	1	True
Zm00001eb226150	chr5	-	False	True	0	0	2	2	True
Zm00001eb226160	chr5	-	False	True	0	0	1	1	True
Zm00001eb226280	chr5	-	False	True	8	2	23	33	True
Zm00001eb226320	chr5	-	False	True	7	1	24	32	True
Zm00001eb226330	chr5	+	False	True	8	0	8	16	True
Zm00001eb226340	chr5	-	False	True	0	0	2	2	True
Zm00001eb226370	chr5	+	False	True	2	0	14	16	True
Zm00001eb226390	chr5	-	False	True	10	0	62	72	True
Zm00001eb226430	chr5	-	False	True	9	1	38	48	True
Zm00001eb226470	chr5	+	False	True	16	0	17	33	True
Zm00001eb226810	chr5	+	False	True	9	0	21	30	True
Zm00001eb226820	chr5	+	False	True	0	0	0	0	False
Zm00001eb226850	chr5	-	False	True	5	1	10	16	True
Zm00001eb226920	chr5	-	False	True	4	0	12	16	True
Zm00001eb226930	chr5	-	False	True	0	1	3	4	True
Zm00001eb226990	chr5	-	False	True	5	0	13	18	True
Zm00001eb227000	chr5	-	False	True	9	0	15	24	True
Zm00001eb227100	chr5	+	False	True	1	0	0	1	True
Zm00001eb227130	chr5	-	False	True	1	1	26	28	True
Zm00001eb227200	chr5	+	False	True	0	0	0	0	False
Zm00001eb227220	chr5	+	False	True	1	0	0	1	True
Zm00001eb227230	chr5	-	False	True	1	0	6	7	True
Zm00001eb227240	chr5	+	False	True	1	0	3	4	True
Zm00001eb227310	chr5	-	True	False	6	0	15	21	True
Zm00001eb227320	chr5	-	False	True	0	0	3	3	True
Zm00001eb227340	chr5	+	False	True	11	0	20	31	True
Zm00001eb227350	chr5	-	False	True	2	0	8	10	True
Zm00001eb227390	chr5	-	False	True	1	0	3	4	True
Zm00001eb227400	chr5	+	False	True	4	2	14	20	True
Zm00001eb227410	chr5	-	False	True	4	0	9	13	True
Zm00001eb227430	chr5	+	False	True	4	0	6	10	True
Zm00001eb227470	chr5	+	False	True	0	0	1	1	True
Zm00001eb227500	chr5	-	False	True	0	1	1	2	True
Zm00001eb227560	chr5	+	False	True	6	0	22	28	True
Zm00001eb227600	chr5	+	False	True	3	0	11	14	True
Zm00001eb227610	chr5	-	False	True	1	0	10	11	True
Zm00001eb227640	chr5	-	False	True	6	1	5	12	True
Zm00001eb227660	chr5	-	False	True	7	1	48	56	True
Zm00001eb227690	chr5	-	False	True	6	0	21	27	True
Zm00001eb227700	chr5	+	False	True	0	1	1	2	True
Zm00001eb227720	chr5	+	False	True	1	0	16	17	True
Zm00001eb227730	chr5	-	False	True	3	0	17	20	True
Zm00001eb227770	chr5	-	False	True	4	0	16	20	True
Zm00001eb227780	chr5	+	True	False	5	0	52	57	True
Zm00001eb227790	chr5	-	False	True	4	1	21	26	True
Zm00001eb227810	chr5	-	False	True	0	0	4	4	True
Zm00001eb227920	chr5	-	False	True	4	0	5	9	True
Zm00001eb227930	chr5	+	False	True	4	1	18	23	True
Zm00001eb227940	chr5	-	False	True	5	0	23	28	True
Zm00001eb227950	chr5	+	False	True	8	0	25	33	True
Zm00001eb227970	chr5	-	False	True	4	0	11	15	True
Zm00001eb227980	chr5	+	False	True	2	0	27	29	True
Zm00001eb228000	chr5	-	False	True	9	0	11	20	True
Zm00001eb228010	chr5	-	False	True	2	3	7	12	True
Zm00001eb228020	chr5	+	False	True	2	1	11	14	True
Zm00001eb228040	chr5	+	False	True	0	0	8	8	True
Zm00001eb228050	chr5	+	False	True	1	0	9	10	True
Zm00001eb228070	chr5	-	False	True	0	0	13	13	True
Zm00001eb228080	chr5	-	False	True	0	0	3	3	True
Zm00001eb228090	chr5	+	False	True	4	0	11	15	True
Zm00001eb228100	chr5	+	False	True	2	0	12	14	True
Zm00001eb228120	chr5	-	False	True	11	1	40	52	True
Zm00001eb228130	chr5	-	False	True	5	1	26	32	True
Zm00001eb228140	chr5	+	False	True	0	1	1	2	True
Zm00001eb228160	chr5	+	False	True	0	0	0	0	False
Zm00001eb228170	chr5	+	False	True	4	0	33	37	True
Zm00001eb228180	chr5	+	False	True	5	0	15	20	True
Zm00001eb228230	chr5	+	False	True	11	0	28	39	True
Zm00001eb228290	chr5	-	False	True	4	0	14	18	True
Zm00001eb228300	chr5	+	False	True	4	0	15	19	True
Zm00001eb228370	chr5	-	False	True	5	0	42	47	True
Zm00001eb228570	chr5	+	False	True	0	0	0	0	False
Zm00001eb228580	chr5	-	False	True	2	0	9	11	True
Zm00001eb228590	chr5	-	False	True	4	0	43	47	True
Zm00001eb228620	chr5	-	False	True	0	0	0	0	False
Zm00001eb228650	chr5	+	False	True	0	0	2	2	True
Zm00001eb228660	chr5	+	False	True	0	0	8	8	True
Zm00001eb228670	chr5	-	False	True	3	0	4	7	True
Zm00001eb228680	chr5	+	False	True	3	0	2	5	True
Zm00001eb228700	chr5	-	False	True	2	0	11	13	True
Zm00001eb228790	chr5	-	False	True	6	0	8	14	True
Zm00001eb228800	chr5	-	False	True	3	0	6	9	True
Zm00001eb228830	chr5	-	False	True	0	0	7	7	True
Zm00001eb228850	chr5	-	False	True	1	0	8	9	True
Zm00001eb228910	chr5	+	False	True	12	2	50	64	True
Zm00001eb228940	chr5	-	False	True	2	2	6	10	True
Zm00001eb228960	chr5	+	False	True	1	1	15	17	True
Zm00001eb228970	chr5	-	False	True	1	0	1	2	True
Zm00001eb229000	chr5	-	False	True	8	0	19	27	True
Zm00001eb229010	chr5	-	False	True	0	1	4	5	True
Zm00001eb229020	chr5	+	False	True	0	1	1	2	True
Zm00001eb229030	chr5	+	False	True	2	0	15	17	True
Zm00001eb229050	chr5	+	False	True	1	1	3	5	True
Zm00001eb229060	chr5	-	False	True	6	0	34	40	True
Zm00001eb229120	chr5	+	False	True	0	0	0	0	False
Zm00001eb229170	chr5	-	False	True	2	0	8	10	True
Zm00001eb229180	chr5	-	False	True	6	3	23	32	True
Zm00001eb229250	chr5	-	False	True	0	1	1	2	True
Zm00001eb229260	chr5	-	False	True	1	0	21	22	True
Zm00001eb229270	chr5	-	False	True	7	0	24	31	True
Zm00001eb229290	chr5	-	False	True	2	0	9	11	True
Zm00001eb229480	chr5	+	False	True	0	0	3	3	True
Zm00001eb229510	chr5	+	False	True	2	0	3	5	True
Zm00001eb229520	chr5	+	False	True	0	0	0	0	False
Zm00001eb229600	chr5	-	False	True	1	0	2	3	True
Zm00001eb229610	chr5	-	False	True	1	0	19	20	True
Zm00001eb229620	chr5	+	False	True	1	0	18	19	True
Zm00001eb229640	chr5	-	False	True	4	1	26	31	True
Zm00001eb229650	chr5	-	False	True	1	0	2	3	True
Zm00001eb229670	chr5	+	False	True	4	0	12	16	True
Zm00001eb229690	chr5	+	False	True	1	1	5	7	True
Zm00001eb229700	chr5	-	False	True	0	0	0	0	False
Zm00001eb229720	chr5	+	False	True	0	0	1	1	True
Zm00001eb229760	chr5	-	False	True	0	0	0	0	False
Zm00001eb229790	chr5	-	False	True	1	0	0	1	True
Zm00001eb229830	chr5	-	False	True	0	0	1	1	True
Zm00001eb229850	chr5	+	False	True	0	0	6	6	True
Zm00001eb229880	chr5	-	False	True	9	0	7	16	True
Zm00001eb229900	chr5	+	False	True	8	1	32	41	True
Zm00001eb229930	chr5	-	False	True	5	1	31	37	True
Zm00001eb229940	chr5	+	False	True	0	1	2	3	True
Zm00001eb229950	chr5	-	False	True	10	1	13	24	True
Zm00001eb229960	chr5	+	False	True	8	0	18	26	True
Zm00001eb229980	chr5	-	False	True	5	1	16	22	True
Zm00001eb229990	chr5	-	False	True	4	1	15	20	True
Zm00001eb230050	chr5	+	False	True	2	0	9	11	True
Zm00001eb230070	chr5	-	False	True	9	1	36	46	True
Zm00001eb230080	chr5	-	False	True	7	0	41	48	True
Zm00001eb230110	chr5	+	False	True	9	1	11	21	True
Zm00001eb230230	chr5	-	False	True	0	0	0	0	False
Zm00001eb230240	chr5	+	False	True	0	0	1	1	True
Zm00001eb230270	chr5	-	False	True	12	0	16	28	True
Zm00001eb230310	chr5	-	False	True	4	0	32	36	True
Zm00001eb230490	chr5	-	False	True	4	0	9	13	True
Zm00001eb230510	chr5	-	False	True	3	2	18	23	True
Zm00001eb230540	chr5	-	False	True	11	1	37	49	True
Zm00001eb230550	chr5	-	False	True	5	1	26	32	True
Zm00001eb230740	chr5	+	False	True	0	1	1	2	True
Zm00001eb230750	chr5	-	False	True	12	0	27	39	True
Zm00001eb230760	chr5	+	False	True	7	0	22	29	True
Zm00001eb230780	chr5	-	False	True	5	0	29	34	True
Zm00001eb230820	chr5	+	False	True	7	0	8	15	True
Zm00001eb230870	chr5	+	False	True	8	0	9	17	True
Zm00001eb231100	chr5	-	False	True	0	0	0	0	False
Zm00001eb231120	chr5	-	False	True	0	0	2	2	True
Zm00001eb231220	chr5	-	False	True	1	0	7	8	True
Zm00001eb231230	chr5	+	False	True	1	0	7	8	True
Zm00001eb231250	chr5	-	False	True	0	0	2	2	True
Zm00001eb231260	chr5	-	False	True	11	0	13	24	True
Zm00001eb231270	chr5	+	False	True	11	0	13	24	True
Zm00001eb231280	chr5	+	False	True	10	0	11	21	True
Zm00001eb231290	chr5	-	False	True	7	1	26	34	True
Zm00001eb231310	chr5	-	False	True	7	2	11	20	True
Zm00001eb231330	chr5	+	False	True	0	1	1	2	True
Zm00001eb231350	chr5	+	False	True	2	0	13	15	True
Zm00001eb231360	chr5	-	False	True	1	0	5	6	True
Zm00001eb231370	chr5	-	False	True	3	1	17	21	True
Zm00001eb231410	chr5	+	False	True	0	0	2	2	True
Zm00001eb231420	chr5	-	False	True	3	1	11	15	True
Zm00001eb231430	chr5	-	False	True	8	0	58	66	True
Zm00001eb231460	chr5	+	False	True	1	1	5	7	True
Zm00001eb231490	chr5	+	False	True	0	0	5	5	True
Zm00001eb231500	chr5	+	False	True	2	0	13	15	True
Zm00001eb231510	chr5	+	False	True	12	1	35	48	True
Zm00001eb231550	chr5	-	False	True	8	0	15	23	True
Zm00001eb231570	chr5	+	False	True	1	1	13	15	True
Zm00001eb231610	chr5	+	False	True	0	0	1	1	True
Zm00001eb231620	chr5	-	False	True	0	0	2	2	True
Zm00001eb231630	chr5	+	False	True	0	0	2	2	True
Zm00001eb231700	chr5	+	False	True	0	0	0	0	False
Zm00001eb231720	chr5	-	False	True	1	0	13	14	True
Zm00001eb231790	chr5	+	False	True	2	1	2	5	True
Zm00001eb231820	chr5	+	False	True	0	0	1	1	True
Zm00001eb231830	chr5	+	False	True	1	0	0	1	True
Zm00001eb231850	chr5	+	False	True	2	1	4	7	True
Zm00001eb231860	chr5	-	False	True	3	2	24	29	True
Zm00001eb232020	chr5	-	False	True	0	0	0	0	False
Zm00001eb232070	chr5	-	False	True	5	1	21	27	True
Zm00001eb232100	chr5	-	False	True	8	0	11	19	True
Zm00001eb232140	chr5	+	False	True	0	0	0	0	False
Zm00001eb232220	chr5	+	False	True	1	0	0	1	True
Zm00001eb232240	chr5	+	False	True	0	0	0	0	False
Zm00001eb232250	chr5	+	False	True	4	0	12	16	True
Zm00001eb232290	chr5	+	False	True	0	0	1	1	True
Zm00001eb232320	chr5	+	False	True	1	0	2	3	True
Zm00001eb232360	chr5	+	False	True	5	1	9	15	True
Zm00001eb232400	chr5	+	False	True	0	0	0	0	False
Zm00001eb232430	chr5	-	False	True	0	0	0	0	False
Zm00001eb232600	chr5	-	False	True	0	0	0	0	False
Zm00001eb232910	chr5	+	False	True	0	0	0	0	False
Zm00001eb232940	chr5	+	False	True	3	0	5	8	True
Zm00001eb232950	chr5	+	False	True	2	0	5	7	True
Zm00001eb232960	chr5	-	False	True	7	1	36	44	True
Zm00001eb232970	chr5	+	False	True	5	0	7	12	True
Zm00001eb232980	chr5	+	False	True	6	0	23	29	True
Zm00001eb233020	chr5	+	False	True	1	1	3	5	True
Zm00001eb233030	chr5	-	False	True	6	0	33	39	True
Zm00001eb233060	chr5	-	False	True	10	1	34	45	True
Zm00001eb233080	chr5	+	False	True	0	1	7	8	True
Zm00001eb233100	chr5	-	False	True	0	1	8	9	True
Zm00001eb233240	chr5	-	False	True	2	1	8	11	True
Zm00001eb233270	chr5	+	False	True	0	0	3	3	True
Zm00001eb233280	chr5	+	False	True	1	0	4	5	True
Zm00001eb233290	chr5	-	False	True	7	0	5	12	True
Zm00001eb233300	chr5	+	False	True	3	0	6	9	True
Zm00001eb233310	chr5	-	False	True	1	0	1	2	True
Zm00001eb233320	chr5	+	False	True	7	1	49	57	True
Zm00001eb233350	chr5	+	False	True	0	0	4	4	True
Zm00001eb233380	chr5	-	False	True	1	3	8	12	True
Zm00001eb233410	chr5	+	False	True	1	0	4	5	True
Zm00001eb233420	chr5	+	False	True	10	0	35	45	True
Zm00001eb233440	chr5	-	False	True	0	1	2	3	True
Zm00001eb233450	chr5	+	False	True	1	1	6	8	True
Zm00001eb233490	chr5	+	False	True	2	1	8	11	True
Zm00001eb233510	chr5	+	False	True	4	0	16	20	True
Zm00001eb233520	chr5	-	False	True	3	0	33	36	True
Zm00001eb233530	chr5	-	False	True	0	0	1	1	True
Zm00001eb233610	chr5	-	False	True	6	1	13	20	True
Zm00001eb233720	chr5	-	False	True	2	0	31	33	True
Zm00001eb233730	chr5	+	False	True	7	0	24	31	True
Zm00001eb233760	chr5	-	False	True	3	1	3	7	True
Zm00001eb233880	chr5	+	False	True	3	0	4	7	True
Zm00001eb233910	chr5	+	False	True	0	0	1	1	True
Zm00001eb233940	chr5	-	False	True	1	1	5	7	True
Zm00001eb233960	chr5	+	False	True	2	0	3	5	True
Zm00001eb234050	chr5	+	False	True	0	0	1	1	True
Zm00001eb234080	chr5	-	False	True	0	0	2	2	True
Zm00001eb234090	chr5	+	False	True	4	0	19	23	True
Zm00001eb234120	chr5	+	False	True	1	0	0	1	True
Zm00001eb234150	chr5	-	False	True	1	1	16	18	True
Zm00001eb234160	chr5	-	False	True	12	0	41	53	True
Zm00001eb234170	chr5	-	False	True	2	0	0	2	True
Zm00001eb234190	chr5	-	False	True	9	1	41	51	True
Zm00001eb234260	chr5	+	False	True	2	0	14	16	True
Zm00001eb234270	chr5	+	False	True	2	0	2	4	True
Zm00001eb234310	chr5	+	False	True	1	0	2	3	True
Zm00001eb234320	chr5	+	False	True	0	0	5	5	True
Zm00001eb234390	chr5	-	False	True	0	0	0	0	False
Zm00001eb234450	chr5	-	False	True	2	2	3	7	True
Zm00001eb234490	chr5	-	False	True	0	2	0	2	True
Zm00001eb234500	chr5	-	False	True	0	0	3	3	True
Zm00001eb234510	chr5	+	False	True	0	0	3	3	True
Zm00001eb234600	chr5	+	False	True	0	0	5	5	True
Zm00001eb234730	chr5	-	False	True	2	0	4	6	True
Zm00001eb234870	chr5	-	False	True	1	0	19	20	True
Zm00001eb235240	chr5	+	False	True	0	0	0	0	False
Zm00001eb235460	chr5	-	False	True	1	1	21	23	True
Zm00001eb235490	chr5	+	False	True	1	1	2	4	True
Zm00001eb235510	chr5	+	False	True	1	0	2	3	True
Zm00001eb235530	chr5	+	False	True	5	0	20	25	True
Zm00001eb235710	chr5	+	False	True	0	0	0	0	False
Zm00001eb236820	chr5	+	False	True	0	0	1	1	True
Zm00001eb236830	chr5	-	False	True	3	0	8	11	True
Zm00001eb236840	chr5	-	False	True	6	0	34	40	True
Zm00001eb236900	chr5	+	False	True	1	0	0	1	True
Zm00001eb237040	chr5	+	False	True	3	0	0	3	True
Zm00001eb237090	chr5	+	False	True	1	0	1	2	True
Zm00001eb237160	chr5	+	False	True	0	0	0	0	False
Zm00001eb237170	chr5	+	False	True	8	0	22	30	True
Zm00001eb237180	chr5	-	False	True	3	0	7	10	True
Zm00001eb237190	chr5	-	False	True	3	2	2	7	True
Zm00001eb237200	chr5	+	False	True	0	1	3	4	True
Zm00001eb237210	chr5	-	False	True	6	4	51	61	True
Zm00001eb237230	chr5	+	False	True	0	0	1	1	True
Zm00001eb237260	chr5	+	False	True	0	1	0	1	True
Zm00001eb237270	chr5	+	False	True	2	1	3	6	True
Zm00001eb237440	chr5	+	False	True	0	0	0	0	False
Zm00001eb237460	chr5	+	False	True	3	1	0	4	True
Zm00001eb237480	chr5	+	False	True	0	1	0	1	True
Zm00001eb237500	chr5	+	False	True	0	0	2	2	True
Zm00001eb237510	chr5	+	True	False	5	0	23	28	True
Zm00001eb237530	chr5	+	False	True	10	0	39	49	True
Zm00001eb237560	chr5	+	False	True	1	0	2	3	True
Zm00001eb237570	chr5	+	False	True	8	1	12	21	True
Zm00001eb237580	chr5	+	False	True	1	1	4	6	True
Zm00001eb237640	chr5	+	False	True	0	0	2	2	True
Zm00001eb237680	chr5	+	False	True	1	0	16	17	True
Zm00001eb237700	chr5	-	False	True	3	1	14	18	True
Zm00001eb237720	chr5	-	False	True	2	1	30	33	True
Zm00001eb237750	chr5	-	False	True	11	0	34	45	True
Zm00001eb237760	chr5	-	False	True	0	0	2	2	True
Zm00001eb237810	chr5	+	False	True	8	1	29	38	True
Zm00001eb237920	chr5	-	False	True	3	0	35	38	True
Zm00001eb237930	chr5	-	False	True	4	0	9	13	True
Zm00001eb238000	chr5	+	False	True	0	0	0	0	False
Zm00001eb238050	chr5	+	False	True	0	0	0	0	False
Zm00001eb238070	chr5	-	False	True	8	0	18	26	True
Zm00001eb238080	chr5	+	False	True	1	0	12	13	True
Zm00001eb238160	chr5	-	False	True	13	0	58	71	True
Zm00001eb238170	chr5	+	False	True	24	1	122	147	True
Zm00001eb238320	chr5	-	False	True	3	0	23	26	True
Zm00001eb238330	chr5	-	False	True	4	0	28	32	True
Zm00001eb238340	chr5	-	False	True	1	0	3	4	True
Zm00001eb238370	chr5	-	False	True	4	0	29	33	True
Zm00001eb238460	chr5	-	False	True	5	2	38	45	True
Zm00001eb238590	chr5	-	False	True	5	1	4	10	True
Zm00001eb238610	chr5	-	False	True	7	0	12	19	True
Zm00001eb238780	chr5	-	False	True	5	0	22	27	True
Zm00001eb238820	chr5	+	False	True	2	0	26	28	True
Zm00001eb239020	chr5	-	False	True	3	2	10	15	True
Zm00001eb239050	chr5	-	False	True	0	0	4	4	True
Zm00001eb239070	chr5	-	False	True	0	0	0	0	False
Zm00001eb239090	chr5	-	False	True	1	0	1	2	True
Zm00001eb239130	chr5	-	False	True	1	1	9	11	True
Zm00001eb239380	chr5	-	False	True	3	0	12	15	True
Zm00001eb239490	chr5	-	False	True	15	1	23	39	True
Zm00001eb239520	chr5	-	False	True	0	0	0	0	False
Zm00001eb239530	chr5	+	False	True	5	0	24	29	True
Zm00001eb239600	chr5	-	False	True	14	2	54	70	True
Zm00001eb239670	chr5	+	False	True	0	0	0	0	False
Zm00001eb239690	chr5	-	False	True	0	1	11	12	True
Zm00001eb239700	chr5	-	False	True	2	0	10	12	True
Zm00001eb239740	chr5	+	False	True	0	0	0	0	False
Zm00001eb239770	chr5	-	False	True	2	0	4	6	True
Zm00001eb239990	chr5	-	False	True	3	1	5	9	True
Zm00001eb240020	chr5	+	False	True	3	1	28	32	True
Zm00001eb240090	chr5	-	False	True	8	0	36	44	True
Zm00001eb240100	chr5	+	False	True	12	0	19	31	True
Zm00001eb240130	chr5	-	False	True	13	1	23	37	True
Zm00001eb240160	chr5	-	False	True	3	0	12	15	True
Zm00001eb240170	chr5	-	False	True	9	1	26	36	True
Zm00001eb240190	chr5	+	False	True	0	1	0	1	True
Zm00001eb240230	chr5	+	False	True	2	0	1	3	True
Zm00001eb240340	chr5	-	False	True	6	2	15	23	True
Zm00001eb240350	chr5	-	False	True	12	0	54	66	True
Zm00001eb240380	chr5	+	False	True	0	0	0	0	False
Zm00001eb240400	chr5	-	False	True	3	1	10	14	True
Zm00001eb240410	chr5	-	False	True	13	0	53	66	True
Zm00001eb240620	chr5	+	False	True	7	1	15	23	True
Zm00001eb240630	chr5	+	False	True	13	2	54	69	True
Zm00001eb240640	chr5	-	False	True	8	0	22	30	True
Zm00001eb240650	chr5	+	False	True	0	0	2	2	True
Zm00001eb240660	chr5	+	False	True	1	0	7	8	True
Zm00001eb240700	chr5	-	True	False	4	2	14	20	True
Zm00001eb240720	chr5	+	False	True	0	1	4	5	True
Zm00001eb240730	chr5	+	False	True	1	1	3	5	True
Zm00001eb240740	chr5	-	False	True	1	0	4	5	True
Zm00001eb240750	chr5	+	False	True	2	1	11	14	True
Zm00001eb240760	chr5	+	False	True	7	1	29	37	True
Zm00001eb240940	chr5	-	False	True	0	0	1	1	True
Zm00001eb240970	chr5	-	False	True	2	1	31	34	True
Zm00001eb241000	chr5	+	False	True	0	0	0	0	False
Zm00001eb241040	chr5	+	False	True	2	0	17	19	True
Zm00001eb241060	chr5	+	False	True	8	2	18	28	True
Zm00001eb241080	chr5	+	False	True	15	0	62	77	True
Zm00001eb241090	chr5	+	False	True	4	0	28	32	True
Zm00001eb241130	chr5	-	False	True	4	2	7	13	True
Zm00001eb241150	chr5	-	False	True	1	2	15	18	True
Zm00001eb241190	chr5	-	False	True	0	0	0	0	False
Zm00001eb241390	chr5	+	False	True	4	0	6	10	True
Zm00001eb241400	chr5	-	False	True	4	1	10	15	True
Zm00001eb241420	chr5	+	False	True	1	0	16	17	True
Zm00001eb241500	chr5	+	False	True	3	0	9	12	True
Zm00001eb241520	chr5	-	False	True	7	1	49	57	True
Zm00001eb241530	chr5	+	False	True	0	0	0	0	False
Zm00001eb241550	chr5	+	False	True	2	0	17	19	True
Zm00001eb241560	chr5	-	False	True	1	0	9	10	True
Zm00001eb241580	chr5	-	False	True	3	0	11	14	True
Zm00001eb241600	chr5	-	False	True	15	0	79	94	True
Zm00001eb241620	chr5	+	False	True	3	0	12	15	True
Zm00001eb241660	chr5	+	False	True	6	0	20	26	True
Zm00001eb241690	chr5	+	False	True	0	0	7	7	True
Zm00001eb241730	chr5	+	True	False	4	0	12	16	True
Zm00001eb241770	chr5	-	False	True	9	2	45	56	True
Zm00001eb241780	chr5	-	False	True	18	1	39	58	True
Zm00001eb241790	chr5	-	False	True	11	2	15	28	True
Zm00001eb241800	chr5	+	False	True	8	1	26	35	True
Zm00001eb241810	chr5	+	False	True	6	1	25	32	True
Zm00001eb241840	chr5	+	False	True	1	0	4	5	True
Zm00001eb241880	chr5	+	False	True	0	0	7	7	True
Zm00001eb241900	chr5	+	False	True	3	0	1	4	True
Zm00001eb241910	chr5	-	False	True	3	3	23	29	True
Zm00001eb241950	chr5	-	False	True	2	2	6	10	True
Zm00001eb241990	chr5	+	False	True	0	0	1	1	True
Zm00001eb242020	chr5	-	False	True	0	0	3	3	True
Zm00001eb242030	chr5	-	False	True	7	2	19	28	True
Zm00001eb242100	chr5	+	False	True	0	1	2	3	True
Zm00001eb242150	chr5	-	False	True	7	0	23	30	True
Zm00001eb242230	chr5	+	False	True	1	0	9	10	True
Zm00001eb242260	chr5	-	False	True	9	0	39	48	True
Zm00001eb242280	chr5	+	False	True	15	0	38	53	True
Zm00001eb242300	chr5	-	False	True	5	2	26	33	True
Zm00001eb242320	chr5	+	False	True	10	1	26	37	True
Zm00001eb242340	chr5	-	False	True	12	2	42	56	True
Zm00001eb242360	chr5	-	False	True	11	0	25	36	True
Zm00001eb242410	chr5	-	False	True	0	0	0	0	False
Zm00001eb242420	chr5	+	False	True	9	0	18	27	True
Zm00001eb242440	chr5	-	False	True	0	0	6	6	True
Zm00001eb242490	chr5	-	False	True	0	0	0	0	False
Zm00001eb242630	chr5	-	False	True	0	0	0	0	False
Zm00001eb242680	chr5	-	False	True	9	1	34	44	True
Zm00001eb242690	chr5	+	True	False	14	0	22	36	True
Zm00001eb242720	chr5	-	False	True	0	0	3	3	True
Zm00001eb242740	chr5	+	False	True	0	0	1	1	True
Zm00001eb242750	chr5	-	False	True	7	2	15	24	True
Zm00001eb242790	chr5	-	False	True	19	3	28	50	True
Zm00001eb242800	chr5	+	False	True	19	0	26	45	True
Zm00001eb242810	chr5	-	False	True	7	1	12	20	True
Zm00001eb242820	chr5	+	False	True	1	1	2	4	True
Zm00001eb242870	chr5	-	False	True	4	1	9	14	True
Zm00001eb242890	chr5	-	False	True	4	0	14	18	True
Zm00001eb242900	chr5	-	False	True	7	0	7	14	True
Zm00001eb242920	chr5	+	False	True	0	0	2	2	True
Zm00001eb242950	chr5	+	False	True	5	0	7	12	True
Zm00001eb243010	chr5	+	False	True	4	2	9	15	True
Zm00001eb243050	chr5	-	False	True	0	0	2	2	True
Zm00001eb243060	chr5	+	False	True	0	0	1	1	True
Zm00001eb243180	chr5	-	False	True	15	0	67	82	True
Zm00001eb243190	chr5	-	False	True	3	1	9	13	True
Zm00001eb243260	chr5	+	False	True	0	0	0	0	False
Zm00001eb243310	chr5	-	False	True	13	0	23	36	True
Zm00001eb243360	chr5	+	False	True	7	0	18	25	True
Zm00001eb243380	chr5	-	False	True	6	1	20	27	True
Zm00001eb243400	chr5	-	False	True	1	1	1	3	True
Zm00001eb243440	chr5	-	False	True	1	0	0	1	True
Zm00001eb243500	chr5	-	False	True	1	0	2	3	True
Zm00001eb243510	chr5	+	False	True	2	2	3	7	True
Zm00001eb243530	chr5	+	False	True	5	0	6	11	True
Zm00001eb243540	chr5	+	False	True	1	0	2	3	True
Zm00001eb243560	chr5	-	False	True	0	0	6	6	True
Zm00001eb243580	chr5	-	False	True	1	1	7	9	True
Zm00001eb243590	chr5	-	False	True	6	0	52	58	True
Zm00001eb243600	chr5	+	True	False	3	1	8	12	True
Zm00001eb243610	chr5	+	False	True	2	0	10	12	True
Zm00001eb243690	chr5	+	False	True	0	0	0	0	False
Zm00001eb243750	chr5	+	False	True	2	0	5	7	True
Zm00001eb243770	chr5	-	False	True	2	1	3	6	True
Zm00001eb243810	chr5	+	False	True	1	0	5	6	True
Zm00001eb243830	chr5	-	False	True	2	3	17	22	True
Zm00001eb243840	chr5	-	False	True	9	0	30	39	True
Zm00001eb243850	chr5	-	False	True	1	0	7	8	True
Zm00001eb243890	chr5	-	False	True	2	0	10	12	True
Zm00001eb243900	chr5	+	False	True	2	0	14	16	True
Zm00001eb243910	chr5	-	False	True	0	0	3	3	True
Zm00001eb243930	chr5	-	False	True	8	0	4	12	True
Zm00001eb243970	chr5	+	False	True	5	1	6	12	True
Zm00001eb244020	chr5	+	False	True	2	0	23	25	True
Zm00001eb244030	chr5	+	False	True	1	0	15	16	True
Zm00001eb244080	chr5	-	False	True	5	2	37	44	True
Zm00001eb244090	chr5	+	False	True	9	0	18	27	True
Zm00001eb244110	chr5	+	False	True	8	0	39	47	True
Zm00001eb244120	chr5	+	False	True	6	1	13	20	True
Zm00001eb244130	chr5	+	False	True	1	0	4	5	True
Zm00001eb244150	chr5	-	False	True	5	0	51	56	True
Zm00001eb244170	chr5	-	False	True	4	2	16	22	True
Zm00001eb244180	chr5	+	False	True	2	0	9	11	True
Zm00001eb244190	chr5	-	False	True	1	0	15	16	True
Zm00001eb244200	chr5	+	False	True	1	0	15	16	True
Zm00001eb244220	chr5	-	False	True	7	0	36	43	True
Zm00001eb244230	chr5	-	False	True	1	0	0	1	True
Zm00001eb244380	chr5	-	False	True	0	0	0	0	False
Zm00001eb244390	chr5	+	False	True	4	0	63	67	True
Zm00001eb244400	chr5	-	False	True	5	1	35	41	True
Zm00001eb244420	chr5	+	False	True	0	1	4	5	True
Zm00001eb244430	chr5	-	False	True	1	0	0	1	True
Zm00001eb244500	chr5	+	False	True	1	0	2	3	True
Zm00001eb244520	chr5	-	False	True	9	0	28	37	True
Zm00001eb244530	chr5	-	False	True	1	0	2	3	True
Zm00001eb244540	chr5	-	False	True	4	0	27	31	True
Zm00001eb244550	chr5	-	False	True	3	0	28	31	True
Zm00001eb244590	chr5	+	False	True	7	0	27	34	True
Zm00001eb244600	chr5	-	False	True	9	1	18	28	True
Zm00001eb244650	chr5	-	False	True	11	1	22	34	True
Zm00001eb244680	chr5	+	False	True	9	1	14	24	True
Zm00001eb244720	chr5	-	False	True	10	2	54	66	True
Zm00001eb244760	chr5	-	False	True	4	0	20	24	True
Zm00001eb244770	chr5	+	False	True	10	0	23	33	True
Zm00001eb244780	chr5	-	False	True	7	0	13	20	True
Zm00001eb244830	chr5	+	False	True	1	0	0	1	True
Zm00001eb244840	chr5	+	False	True	8	0	34	42	True
Zm00001eb244860	chr5	-	False	True	2	0	1	3	True
Zm00001eb244980	chr5	-	False	True	4	0	12	16	True
Zm00001eb245060	chr5	-	False	True	4	0	35	39	True
Zm00001eb245070	chr5	+	False	True	0	0	0	0	False
Zm00001eb245200	chr5	-	False	True	0	2	9	11	True
Zm00001eb245220	chr5	-	False	True	12	0	56	68	True
Zm00001eb245230	chr5	-	False	True	1	1	23	25	True
Zm00001eb245240	chr5	+	False	True	7	1	16	24	True
Zm00001eb245250	chr5	-	False	True	0	0	0	0	False
Zm00001eb245280	chr5	+	False	True	1	1	12	14	True
Zm00001eb245310	chr5	+	False	True	5	0	9	14	True
Zm00001eb245340	chr5	-	False	True	3	0	17	20	True
Zm00001eb245360	chr5	+	False	True	6	0	28	34	True
Zm00001eb245370	chr5	+	False	True	2	1	9	12	True
Zm00001eb245390	chr5	-	False	True	2	0	14	16	True
Zm00001eb245400	chr5	-	False	True	3	0	10	13	True
Zm00001eb245410	chr5	-	False	True	2	2	8	12	True
Zm00001eb245430	chr5	-	False	True	0	1	3	4	True
Zm00001eb245520	chr5	-	False	True	1	0	3	4	True
Zm00001eb245560	chr5	+	False	True	0	1	5	6	True
Zm00001eb245580	chr5	+	False	True	6	0	16	22	True
Zm00001eb245590	chr5	+	False	True	3	0	12	15	True
Zm00001eb245620	chr5	+	False	True	17	0	12	29	True
Zm00001eb245640	chr5	+	False	True	11	0	14	25	True
Zm00001eb245650	chr5	+	False	True	5	0	13	18	True
Zm00001eb245670	chr5	+	False	True	1	1	4	6	True
Zm00001eb245690	chr5	-	False	True	7	0	8	15	True
Zm00001eb245730	chr5	-	False	True	0	1	1	2	True
Zm00001eb245760	chr5	-	False	True	7	1	14	22	True
Zm00001eb245810	chr5	-	False	True	6	1	14	21	True
Zm00001eb245840	chr5	+	False	True	5	0	11	16	True
Zm00001eb245910	chr5	-	False	True	0	0	1	1	True
Zm00001eb245920	chr5	+	False	True	5	0	14	19	True
Zm00001eb245930	chr5	-	False	True	2	1	6	9	True
Zm00001eb245950	chr5	-	False	True	3	0	14	17	True
Zm00001eb245960	chr5	-	False	True	1	0	5	6	True
Zm00001eb246020	chr5	-	False	True	10	1	23	34	True
Zm00001eb246040	chr5	+	False	True	3	0	22	25	True
Zm00001eb246120	chr5	+	False	True	4	0	10	14	True
Zm00001eb246150	chr5	-	False	True	8	1	36	45	True
Zm00001eb246160	chr5	-	True	False	0	1	0	1	True
Zm00001eb246170	chr5	+	False	True	4	0	11	15	True
Zm00001eb246180	chr5	-	False	True	9	0	39	48	True
Zm00001eb246220	chr5	+	False	True	8	1	27	36	True
Zm00001eb246290	chr5	+	False	True	0	0	0	0	False
Zm00001eb246300	chr5	-	False	True	4	3	19	26	True
Zm00001eb246330	chr5	+	False	True	0	1	5	6	True
Zm00001eb246340	chr5	-	False	True	1	0	2	3	True
Zm00001eb246350	chr5	+	False	True	5	1	13	19	True
Zm00001eb246360	chr5	-	False	True	12	3	29	44	True
Zm00001eb246370	chr5	+	False	True	0	0	0	0	False
Zm00001eb246390	chr5	+	False	True	5	0	22	27	True
Zm00001eb246410	chr5	-	False	True	3	0	5	8	True
Zm00001eb246420	chr5	+	False	True	5	0	15	20	True
Zm00001eb246440	chr5	+	False	True	2	1	8	11	True
Zm00001eb246450	chr5	-	False	True	2	1	7	10	True
Zm00001eb246480	chr5	-	False	True	5	1	27	33	True
Zm00001eb246520	chr5	+	False	True	3	0	5	8	True
Zm00001eb246530	chr5	-	True	False	12	1	49	62	True
Zm00001eb246550	chr5	-	False	True	2	1	6	9	True
Zm00001eb246580	chr5	-	False	True	2	1	8	11	True
Zm00001eb246590	chr5	-	False	True	11	0	71	82	True
Zm00001eb246600	chr5	-	False	True	0	0	0	0	False
Zm00001eb246620	chr5	+	False	True	7	0	26	33	True
Zm00001eb246630	chr5	-	False	True	6	1	52	59	True
Zm00001eb246640	chr5	+	False	True	2	0	4	6	True
Zm00001eb246650	chr5	-	False	True	1	2	11	14	True
Zm00001eb246700	chr5	-	False	True	0	0	17	17	True
Zm00001eb246710	chr5	-	False	True	8	0	17	25	True
Zm00001eb246730	chr5	+	False	True	3	0	5	8	True
Zm00001eb246750	chr5	-	False	True	0	1	5	6	True
Zm00001eb246760	chr5	+	False	True	0	0	3	3	True
Zm00001eb246770	chr5	-	False	True	2	0	1	3	True
Zm00001eb246810	chr5	-	False	True	1	0	0	1	True
Zm00001eb246820	chr5	+	False	True	2	0	0	2	True
Zm00001eb246850	chr5	+	False	True	4	1	25	30	True
Zm00001eb246860	chr5	-	False	True	9	1	22	32	True
Zm00001eb246870	chr5	-	False	True	0	0	1	1	True
Zm00001eb246990	chr5	-	False	True	7	2	21	30	True
Zm00001eb247430	chr5	+	False	True	6	0	13	19	True
Zm00001eb247440	chr5	-	False	True	7	0	42	49	True
Zm00001eb247510	chr5	+	False	True	0	0	1	1	True
Zm00001eb247610	chr5	+	False	True	0	0	0	0	False
Zm00001eb247630	chr5	-	False	True	1	0	0	1	True
Zm00001eb247690	chr5	+	False	True	0	1	13	14	True
Zm00001eb247760	chr5	+	False	True	2	0	5	7	True
Zm00001eb248150	chr5	+	False	True	0	0	1	1	True
Zm00001eb248170	chr5	+	False	True	2	0	7	9	True
Zm00001eb248200	chr5	-	False	True	3	1	19	23	True
Zm00001eb248240	chr5	+	False	True	1	0	3	4	True
Zm00001eb248280	chr5	-	False	True	2	1	0	3	True
Zm00001eb248290	chr5	-	False	True	12	2	47	61	True
Zm00001eb248340	chr5	-	False	True	1	1	22	24	True
Zm00001eb248350	chr5	-	False	True	1	1	5	7	True
Zm00001eb248360	chr5	-	False	True	0	1	13	14	True
Zm00001eb248440	chr5	+	False	True	8	2	42	52	True
Zm00001eb248450	chr5	+	False	True	10	1	22	33	True
Zm00001eb248460	chr5	-	False	True	5	1	18	24	True
Zm00001eb248510	chr5	-	False	True	1	0	9	10	True
Zm00001eb248520	chr5	-	False	True	1	1	4	6	True
Zm00001eb248540	chr5	+	False	True	7	0	10	17	True
Zm00001eb248580	chr5	+	False	True	0	0	0	0	False
Zm00001eb248620	chr5	-	False	True	0	1	3	4	True
Zm00001eb248630	chr5	-	False	True	11	0	20	31	True
Zm00001eb248670	chr5	+	False	True	0	0	0	0	False
Zm00001eb248700	chr5	+	False	True	0	0	0	0	False
Zm00001eb248750	chr5	-	False	True	8	1	25	34	True
Zm00001eb248920	chr5	+	False	True	2	0	4	6	True
Zm00001eb248950	chr5	+	False	True	7	0	19	26	True
Zm00001eb248960	chr5	-	False	True	4	1	12	17	True
Zm00001eb249040	chr5	-	False	True	2	1	8	11	True
Zm00001eb249060	chr5	-	False	True	3	1	7	11	True
Zm00001eb249090	chr5	+	False	True	24	0	57	81	True
Zm00001eb249100	chr5	-	False	True	0	0	1	1	True
Zm00001eb249150	chr5	-	False	True	3	0	22	25	True
Zm00001eb249160	chr5	-	False	True	5	1	45	51	True
Zm00001eb249220	chr5	+	False	True	0	0	0	0	False
Zm00001eb249230	chr5	+	False	True	3	0	11	14	True
Zm00001eb249240	chr5	+	False	True	0	0	8	8	True
Zm00001eb249250	chr5	+	False	True	1	3	10	14	True
Zm00001eb249260	chr5	+	False	True	10	0	30	40	True
Zm00001eb249290	chr5	-	False	True	3	2	30	35	True
Zm00001eb249330	chr5	-	False	True	7	1	42	50	True
Zm00001eb249340	chr5	+	False	True	1	0	8	9	True
Zm00001eb249380	chr5	+	False	True	0	0	2	2	True
Zm00001eb249390	chr5	-	False	True	15	2	56	73	True
Zm00001eb249430	chr5	+	False	True	3	1	11	15	True
Zm00001eb249490	chr5	-	False	True	4	0	12	16	True
Zm00001eb249550	chr5	+	False	True	4	0	26	30	True
Zm00001eb249570	chr5	-	False	True	7	2	31	40	True
Zm00001eb249680	chr5	-	False	True	4	3	11	18	True
Zm00001eb249690	chr5	-	False	True	4	0	5	9	True
Zm00001eb249700	chr5	-	False	True	6	2	17	25	True
Zm00001eb249730	chr5	+	False	True	0	0	0	0	False
Zm00001eb249840	chr5	+	False	True	1	1	3	5	True
Zm00001eb249850	chr5	-	False	True	0	1	2	3	True
Zm00001eb249900	chr5	+	False	True	1	0	4	5	True
Zm00001eb249910	chr5	-	False	True	4	0	20	24	True
Zm00001eb249940	chr5	+	False	True	6	0	13	19	True
Zm00001eb249950	chr5	-	False	True	5	1	18	24	True
Zm00001eb249970	chr5	+	False	True	8	0	16	24	True
Zm00001eb250030	chr5	-	False	True	7	1	7	15	True
Zm00001eb250050	chr5	+	False	True	7	0	8	15	True
Zm00001eb250070	chr5	+	False	True	6	0	21	27	True
Zm00001eb250080	chr5	-	False	True	1	0	4	5	True
Zm00001eb250100	chr5	+	False	True	2	0	21	23	True
Zm00001eb250110	chr5	-	False	True	6	1	15	22	True
Zm00001eb250140	chr5	+	False	True	0	0	0	0	False
Zm00001eb250180	chr5	+	False	True	8	0	11	19	True
Zm00001eb250210	chr5	+	False	True	9	0	13	22	True
Zm00001eb250240	chr5	+	False	True	2	0	3	5	True
Zm00001eb250300	chr5	-	False	True	0	0	1	1	True
Zm00001eb250390	chr5	-	False	True	13	0	19	32	True
Zm00001eb250400	chr5	+	False	True	10	0	9	19	True
Zm00001eb250480	chr5	+	False	True	0	0	3	3	True
Zm00001eb250580	chr5	+	False	True	0	0	2	2	True
Zm00001eb250590	chr5	+	False	True	4	1	11	16	True
Zm00001eb250600	chr5	+	False	True	6	0	11	17	True
Zm00001eb250610	chr5	+	False	True	1	0	4	5	True
Zm00001eb250640	chr5	+	False	True	0	0	0	0	False
Zm00001eb250670	chr5	-	False	True	1	1	3	5	True
Zm00001eb250770	chr5	+	False	True	0	0	0	0	False
Zm00001eb250780	chr5	+	False	True	10	1	18	29	True
Zm00001eb250800	chr5	-	False	True	2	0	5	7	True
Zm00001eb250910	chr5	+	False	True	2	2	24	28	True
Zm00001eb250940	chr5	-	False	True	2	0	2	4	True
Zm00001eb250950	chr5	-	False	True	6	0	19	25	True
Zm00001eb250970	chr5	-	False	True	8	1	13	22	True
Zm00001eb251010	chr5	-	False	True	8	0	5	13	True
Zm00001eb251030	chr5	+	False	True	1	2	5	8	True
Zm00001eb251040	chr5	+	False	True	2	0	4	6	True
Zm00001eb251050	chr5	-	False	True	4	2	13	19	True
Zm00001eb251060	chr5	+	False	True	7	1	23	31	True
Zm00001eb251580	chr5	+	False	True	5	0	38	43	True
Zm00001eb251670	chr5	+	False	True	10	0	27	37	True
Zm00001eb251680	chr5	-	False	True	3	2	13	18	True
Zm00001eb251700	chr5	+	False	True	0	0	0	0	False
Zm00001eb251860	chr5	+	False	True	1	0	8	9	True
Zm00001eb251880	chr5	+	False	True	2	1	11	14	True
Zm00001eb251900	chr5	+	False	True	11	1	28	40	True
Zm00001eb251910	chr5	-	False	True	1	1	5	7	True
Zm00001eb251920	chr5	-	False	True	13	0	29	42	True
Zm00001eb251930	chr5	-	False	True	12	0	35	47	True
Zm00001eb251950	chr5	+	False	True	3	1	6	10	True
Zm00001eb251980	chr5	+	False	True	5	0	27	32	True
Zm00001eb251990	chr5	-	False	True	9	0	20	29	True
Zm00001eb252000	chr5	+	False	True	4	2	25	31	True
Zm00001eb252010	chr5	-	False	True	6	1	18	25	True
Zm00001eb252020	chr5	+	False	True	2	1	18	21	True
Zm00001eb252030	chr5	-	False	True	6	2	14	22	True
Zm00001eb252040	chr5	-	False	True	6	0	24	30	True
Zm00001eb252050	chr5	+	False	True	2	1	7	10	True
Zm00001eb252060	chr5	+	False	True	5	0	9	14	True
Zm00001eb252090	chr5	+	False	True	19	1	27	47	True
Zm00001eb252100	chr5	-	False	True	2	0	5	7	True
Zm00001eb252120	chr5	-	False	True	1	0	1	2	True
Zm00001eb252160	chr5	+	False	True	7	0	11	18	True
Zm00001eb252250	chr5	+	False	True	4	0	16	20	True
Zm00001eb252260	chr5	-	False	True	6	1	23	30	True
Zm00001eb252310	chr5	+	False	True	16	1	53	70	True
Zm00001eb252330	chr5	-	False	True	0	0	0	0	False
Zm00001eb252400	chr5	+	False	True	5	0	6	11	True
Zm00001eb252410	chr5	+	False	True	2	0	15	17	True
Zm00001eb252420	chr5	-	False	True	1	1	8	10	True
Zm00001eb252430	chr5	-	False	True	1	0	7	8	True
Zm00001eb252440	chr5	+	False	True	0	0	3	3	True
Zm00001eb252460	chr5	+	False	True	6	1	22	29	True
Zm00001eb252490	chr5	-	False	True	8	0	25	33	True
Zm00001eb252510	chr5	-	False	True	1	0	1	2	True
Zm00001eb252570	chr5	-	False	True	4	2	15	21	True
Zm00001eb252620	chr5	+	False	True	5	1	8	14	True
Zm00001eb252640	chr5	-	False	True	0	1	2	3	True
Zm00001eb252650	chr5	+	False	True	0	0	4	4	True
Zm00001eb252660	chr5	+	False	True	0	0	5	5	True
Zm00001eb252680	chr5	+	False	True	12	0	31	43	True
Zm00001eb252690	chr5	+	False	True	7	0	51	58	True
Zm00001eb252720	chr5	-	True	False	2	0	13	15	True
Zm00001eb252760	chr5	+	False	True	4	1	19	24	True
Zm00001eb252770	chr5	+	False	True	5	1	10	16	True
Zm00001eb252780	chr5	+	False	True	1	1	8	10	True
Zm00001eb252790	chr5	-	False	True	1	1	1	3	True
Zm00001eb252800	chr5	-	False	True	10	0	9	19	True
Zm00001eb252830	chr5	-	False	True	1	0	5	6	True
Zm00001eb252860	chr5	-	False	True	0	0	2	2	True
Zm00001eb252870	chr5	+	False	True	3	1	25	29	True
Zm00001eb252880	chr5	+	False	True	13	0	22	35	True
Zm00001eb252890	chr5	+	False	True	13	0	26	39	True
Zm00001eb252930	chr5	+	False	True	1	0	5	6	True
Zm00001eb252940	chr5	+	False	True	7	1	20	28	True
Zm00001eb253050	chr5	-	False	True	4	1	3	8	True
Zm00001eb253070	chr5	-	False	True	2	0	6	8	True
Zm00001eb253080	chr5	-	False	True	1	0	10	11	True
Zm00001eb253090	chr5	+	False	True	3	0	7	10	True
Zm00001eb253110	chr5	+	False	True	16	0	18	34	True
Zm00001eb253120	chr5	-	False	True	3	1	9	13	True
Zm00001eb253130	chr5	+	False	True	5	0	7	12	True
Zm00001eb253140	chr5	-	False	True	0	1	27	28	True
Zm00001eb253150	chr5	+	False	True	4	0	5	9	True
Zm00001eb253180	chr5	+	False	True	2	0	10	12	True
Zm00001eb253190	chr5	+	False	True	12	1	28	41	True
Zm00001eb253200	chr5	-	False	True	9	3	33	45	True
Zm00001eb253220	chr5	-	False	True	6	1	13	20	True
Zm00001eb253230	chr5	+	False	True	6	2	21	29	True
Zm00001eb253280	chr5	-	False	True	5	0	35	40	True
Zm00001eb253320	chr5	+	False	True	7	0	26	33	True
Zm00001eb253350	chr5	-	False	True	6	0	12	18	True
Zm00001eb253380	chr5	+	False	True	6	2	20	28	True
Zm00001eb253390	chr5	-	True	False	5	0	10	15	True
Zm00001eb253470	chr5	+	False	True	6	0	20	26	True
Zm00001eb253500	chr5	+	False	True	0	0	3	3	True
Zm00001eb253560	chr5	+	False	True	1	2	13	16	True
Zm00001eb253580	chr5	+	False	True	11	1	18	30	True
Zm00001eb253620	chr5	-	False	True	0	1	4	5	True
Zm00001eb253650	chr5	-	False	True	1	0	5	6	True
Zm00001eb253690	chr5	-	False	True	1	1	16	18	True
Zm00001eb253700	chr5	-	False	True	3	0	22	25	True
Zm00001eb253740	chr5	+	False	True	4	0	14	18	True
Zm00001eb253760	chr5	+	False	True	0	0	2	2	True
Zm00001eb253790	chr5	-	False	True	3	2	8	13	True
Zm00001eb253810	chr5	+	False	True	2	0	5	7	True
Zm00001eb253820	chr5	-	False	True	7	0	20	27	True
Zm00001eb253830	chr5	+	False	True	0	0	0	0	False
Zm00001eb253840	chr5	-	False	True	0	0	1	1	True
Zm00001eb253850	chr5	+	False	True	0	0	0	0	False
Zm00001eb253860	chr5	+	False	True	6	0	10	16	True
Zm00001eb253890	chr5	-	False	True	5	0	18	23	True
Zm00001eb253900	chr5	+	False	True	5	0	36	41	True
Zm00001eb253970	chr5	+	False	True	3	0	11	14	True
Zm00001eb255830	chr5	+	False	True	0	0	0	0	False
Zm00001eb255850	chr5	-	False	True	3	0	49	52	True
Zm00001eb255880	chr5	-	False	True	3	0	10	13	True
Zm00001eb256180	chr5	+	False	True	0	0	0	0	False
Zm00001eb256240	chr5	+	False	True	16	0	19	35	True
Zm00001eb256260	chr5	-	False	True	14	1	15	30	True
Zm00001eb256270	chr5	-	False	True	8	0	33	41	True
Zm00001eb256280	chr5	+	False	True	5	0	21	26	True
Zm00001eb256290	chr5	-	False	True	1	0	12	13	True
Zm00001eb256350	chr5	-	False	True	3	0	17	20	True
Zm00001eb256430	chr5	+	False	True	1	2	10	13	True
Zm00001eb256480	chr5	+	False	True	2	0	19	21	True
Zm00001eb256490	chr5	-	False	True	0	2	12	14	True
Zm00001eb256520	chr5	+	False	True	13	2	27	42	True
Zm00001eb256540	chr5	+	False	True	4	0	13	17	True
Zm00001eb256550	chr5	-	False	True	2	2	14	18	True
Zm00001eb256560	chr5	-	False	True	10	0	28	38	True
Zm00001eb256570	chr5	-	False	True	4	2	33	39	True
Zm00001eb256600	chr5	-	False	True	8	0	16	24	True
Zm00001eb256650	chr5	-	False	True	6	0	25	31	True
Zm00001eb256690	chr5	+	False	True	6	0	44	50	True
Zm00001eb256700	chr5	-	False	True	5	1	32	38	True
Zm00001eb256840	chr5	+	False	True	1	0	1	2	True
Zm00001eb256880	chr5	+	False	True	0	0	0	0	False
Zm00001eb256890	chr5	+	False	True	0	0	2	2	True
Zm00001eb256950	chr5	+	False	True	6	0	7	13	True
Zm00001eb256970	chr5	-	False	True	4	0	34	38	True
Zm00001eb257000	chr5	+	False	True	8	0	28	36	True
Zm00001eb257050	chr5	+	False	True	6	1	15	22	True
Zm00001eb257060	chr5	-	False	True	6	0	11	17	True
Zm00001eb257110	chr5	+	False	True	9	0	32	41	True
Zm00001eb257120	chr5	-	False	True	8	1	26	35	True
Zm00001eb257130	chr5	+	False	True	1	0	13	14	True
Zm00001eb257170	chr5	-	False	True	3	0	12	15	True
Zm00001eb257200	chr5	-	False	True	9	0	31	40	True
Zm00001eb257250	chr5	+	False	True	5	0	27	32	True
Zm00001eb257270	chr5	+	False	True	1	0	3	4	True
Zm00001eb257310	chr5	+	False	True	5	0	17	22	True
Zm00001eb257330	chr5	+	True	False	7	0	51	58	True
Zm00001eb257360	chr5	+	False	True	10	1	67	78	True
Zm00001eb257380	chr5	-	False	True	15	1	45	61	True
Zm00001eb257390	chr5	+	False	True	0	1	0	1	True
Zm00001eb257400	chr5	+	False	True	12	0	8	20	True
Zm00001eb257410	chr5	-	False	True	4	0	18	22	True
Zm00001eb257420	chr5	-	False	True	7	1	9	17	True
Zm00001eb257430	chr5	-	False	True	4	2	9	15	True
Zm00001eb257440	chr5	-	False	True	13	2	41	56	True
Zm00001eb257480	chr5	+	False	True	0	0	1	1	True
Zm00001eb257500	chr5	-	False	True	11	1	25	37	True
Zm00001eb257510	chr5	+	False	True	0	0	0	0	False
Zm00001eb257570	chr5	-	False	True	2	0	26	28	True
Zm00001eb257580	chr5	+	False	True	5	1	20	26	True
Zm00001eb257610	chr5	-	False	True	6	0	25	31	True
Zm00001eb257630	chr5	+	False	True	6	0	15	21	True
Zm00001eb257640	chr5	-	False	True	10	2	12	24	True
Zm00001eb257650	chr5	-	False	True	8	1	23	32	True
Zm00001eb257660	chr5	-	True	False	13	1	23	37	True
Zm00001eb257680	chr5	-	False	True	13	0	16	29	True
Zm00001eb257720	chr5	-	False	True	10	2	50	62	True
Zm00001eb257750	chr5	+	False	True	3	0	8	11	True
Zm00001eb257760	chr5	-	False	True	3	0	13	16	True
Zm00001eb257770	chr5	-	False	True	7	0	15	22	True
Zm00001eb257810	chr5	+	False	True	2	0	20	22	True
Zm00001eb257820	chr5	-	False	True	0	0	2	2	True
Zm00001eb257850	chr5	+	False	True	0	0	0	0	False
Zm00001eb257860	chr5	-	False	True	0	0	0	0	False
Zm00001eb257880	chr5	-	False	True	1	1	0	2	True
Zm00001eb257890	chr5	-	False	True	8	3	29	40	True
Zm00001eb257910	chr5	+	False	True	0	0	15	15	True
Zm00001eb257920	chr5	+	False	True	1	0	8	9	True
Zm00001eb257930	chr5	-	False	True	2	2	2	6	True
Zm00001eb257940	chr5	-	False	True	1	0	3	4	True
Zm00001eb257960	chr5	-	False	True	3	1	8	12	True
Zm00001eb257970	chr5	+	False	True	4	0	17	21	True
Zm00001eb258050	chr5	+	False	True	6	1	16	23	True
Zm00001eb258070	chr5	+	False	True	10	1	8	19	True
Zm00001eb258090	chr5	+	False	True	1	0	8	9	True
Zm00001eb258100	chr5	+	False	True	1	0	4	5	True
Zm00001eb258110	chr5	-	False	True	0	0	1	1	True
Zm00001eb258130	chr5	+	False	True	0	0	2	2	True
Zm00001eb258150	chr5	+	False	True	5	0	11	16	True
Zm00001eb258170	chr5	-	False	True	13	0	45	58	True
Zm00001eb258180	chr5	+	False	True	1	0	0	1	True
Zm00001eb258190	chr5	-	False	True	9	0	10	19	True
Zm00001eb258200	chr5	-	False	True	0	0	7	7	True
Zm00001eb258210	chr5	-	False	True	4	0	11	15	True
Zm00001eb258220	chr5	+	False	True	4	1	10	15	True
Zm00001eb258230	chr5	+	False	True	2	1	30	33	True
Zm00001eb258240	chr5	-	False	True	3	0	9	12	True
Zm00001eb258260	chr5	+	False	True	11	2	55	68	True
Zm00001eb258270	chr5	-	False	True	2	0	0	2	True
Zm00001eb258280	chr5	-	False	True	4	0	6	10	True
Zm00001eb258290	chr5	+	False	True	6	1	10	17	True
Zm00001eb258330	chr5	-	False	True	7	0	35	42	True
Zm00001eb258440	chr5	-	False	True	6	0	34	40	True
Zm00001eb258450	chr5	-	False	True	5	3	30	38	True
Zm00001eb258460	chr5	-	False	True	11	0	18	29	True
Zm00001eb258480	chr5	+	False	True	0	0	0	0	False
Zm00001eb258520	chr5	-	False	True	3	0	1	4	True
Zm00001eb258570	chr5	+	False	True	3	0	26	29	True
Zm00001eb258590	chr5	+	False	True	4	1	8	13	True
Zm00001eb258600	chr5	+	True	False	10	2	25	37	True
Zm00001eb258660	chr5	-	False	True	9	0	9	18	True
Zm00001eb258670	chr5	-	False	True	3	1	12	16	True
Zm00001eb258680	chr5	-	False	True	2	1	2	5	True
Zm00001eb258710	chr5	+	True	False	3	0	9	12	True
Zm00001eb258730	chr5	+	False	True	7	2	26	35	True
Zm00001eb258740	chr5	+	False	True	5	1	28	34	True
Zm00001eb258750	chr5	+	False	True	9	0	80	89	True
Zm00001eb258770	chr5	+	False	True	3	1	16	20	True
Zm00001eb258780	chr5	-	False	True	2	0	21	23	True
Zm00001eb258790	chr5	+	False	True	3	0	21	24	True
Zm00001eb258800	chr5	-	False	True	5	1	14	20	True
Zm00001eb258850	chr5	+	False	True	6	2	17	25	True
Zm00001eb258870	chr5	+	False	True	10	1	31	42	True
Zm00001eb258880	chr5	+	False	True	16	0	62	78	True
Zm00001eb258940	chr5	+	False	True	0	0	1	1	True
Zm00001eb258950	chr5	-	False	True	3	1	4	8	True
Zm00001eb258960	chr5	-	False	True	5	1	9	15	True
Zm00001eb258970	chr5	-	False	True	0	0	0	0	False
Zm00001eb258980	chr5	+	False	True	0	0	0	0	False
Zm00001eb258990	chr5	+	False	True	6	0	24	30	True
Zm00001eb259000	chr5	+	False	True	12	0	20	32	True
Zm00001eb259050	chr5	+	False	True	0	0	0	0	False
Zm00001eb259080	chr5	-	False	True	5	1	16	22	True
Zm00001eb259110	chr5	-	False	True	1	0	6	7	True
Zm00001eb259130	chr5	-	False	True	6	0	13	19	True
Zm00001eb259140	chr5	-	False	True	1	0	13	14	True
Zm00001eb259150	chr5	-	False	True	3	0	4	7	True
Zm00001eb259160	chr5	+	False	True	3	0	4	7	True
Zm00001eb259470	chr5	+	False	True	7	0	10	17	True
Zm00001eb259550	chr5	-	False	True	2	0	5	7	True
Zm00001eb259570	chr5	-	False	True	4	0	23	27	True
Zm00001eb259580	chr5	+	False	True	4	1	8	13	True
Zm00001eb259590	chr5	+	False	True	1	0	5	6	True
Zm00001eb259600	chr5	+	False	True	2	0	4	6	True
Zm00001eb259610	chr5	+	False	True	0	0	2	2	True
Zm00001eb259620	chr5	+	False	True	0	0	0	0	False
Zm00001eb259650	chr5	+	False	True	6	1	5	12	True
Zm00001eb259680	chr5	+	False	True	0	0	1	1	True
Zm00001eb259840	chr6	-	False	True	1	1	12	14	True
Zm00001eb259870	chr6	-	False	True	2	0	2	4	True
Zm00001eb259890	chr6	-	False	True	1	2	10	13	True
Zm00001eb259900	chr6	-	False	True	4	1	10	15	True
Zm00001eb259960	chr6	-	False	True	8	1	9	18	True
Zm00001eb260230	chr6	-	False	True	0	0	0	0	False
Zm00001eb260270	chr6	+	False	True	4	0	13	17	True
Zm00001eb260370	chr6	+	False	True	0	1	1	2	True
Zm00001eb260390	chr6	+	False	True	8	2	47	57	True
Zm00001eb260410	chr6	-	False	True	3	1	3	7	True
Zm00001eb260450	chr6	-	False	True	8	2	16	26	True
Zm00001eb260460	chr6	-	False	True	7	0	13	20	True
Zm00001eb260470	chr6	+	False	True	5	0	5	10	True
Zm00001eb260480	chr6	-	False	True	0	1	2	3	True
Zm00001eb260510	chr6	-	False	True	1	1	4	6	True
Zm00001eb260560	chr6	-	False	True	7	1	18	26	True
Zm00001eb260570	chr6	-	False	True	6	0	21	27	True
Zm00001eb260580	chr6	+	False	True	7	0	22	29	True
Zm00001eb260590	chr6	+	False	True	14	0	17	31	True
Zm00001eb260600	chr6	-	False	True	0	0	0	0	False
Zm00001eb260710	chr6	+	False	True	1	1	3	5	True
Zm00001eb260720	chr6	-	False	True	3	2	10	15	True
Zm00001eb260730	chr6	+	False	True	2	0	10	12	True
Zm00001eb260770	chr6	+	False	True	2	1	7	10	True
Zm00001eb260790	chr6	+	False	True	9	1	14	24	True
Zm00001eb260800	chr6	-	False	True	16	1	18	35	True
Zm00001eb260810	chr6	+	False	True	11	0	49	60	True
Zm00001eb260820	chr6	-	False	True	9	2	17	28	True
Zm00001eb260870	chr6	-	False	True	0	0	0	0	False
Zm00001eb260990	chr6	-	False	True	7	3	33	43	True
Zm00001eb261130	chr6	-	False	True	1	1	24	26	True
Zm00001eb261140	chr6	-	False	True	1	1	10	12	True
Zm00001eb261260	chr6	-	False	True	1	0	0	1	True
Zm00001eb261270	chr6	-	False	True	2	0	0	2	True
Zm00001eb261300	chr6	-	False	True	6	2	18	26	True
Zm00001eb261500	chr6	+	False	True	3	0	13	16	True
Zm00001eb261510	chr6	+	False	True	1	0	1	2	True
Zm00001eb261520	chr6	-	False	True	1	0	6	7	True
Zm00001eb261530	chr6	+	False	True	3	1	8	12	True
Zm00001eb261540	chr6	-	False	True	0	0	3	3	True
Zm00001eb261550	chr6	+	False	True	0	0	1	1	True
Zm00001eb261560	chr6	-	False	True	8	2	15	25	True
Zm00001eb261660	chr6	-	False	True	2	2	4	8	True
Zm00001eb261670	chr6	-	False	True	5	1	11	17	True
Zm00001eb261680	chr6	+	False	True	8	1	13	22	True
Zm00001eb261690	chr6	-	False	True	7	0	9	16	True
Zm00001eb261700	chr6	-	False	True	1	0	7	8	True
Zm00001eb261760	chr6	-	False	True	15	0	11	26	True
Zm00001eb261810	chr6	+	False	True	0	0	0	0	False
Zm00001eb261820	chr6	-	False	True	10	0	33	43	True
Zm00001eb261830	chr6	-	False	True	1	0	1	2	True
Zm00001eb261840	chr6	-	False	True	1	2	11	14	True
Zm00001eb261870	chr6	+	False	True	1	0	4	5	True
Zm00001eb261880	chr6	-	False	True	5	0	6	11	True
Zm00001eb261890	chr6	-	False	True	3	0	10	13	True
Zm00001eb261910	chr6	+	False	True	3	0	19	22	True
Zm00001eb263980	chr6	-	False	True	3	0	4	7	True
Zm00001eb264110	chr6	-	False	True	3	0	16	19	True
Zm00001eb264160	chr6	+	False	True	1	1	4	6	True
Zm00001eb264210	chr6	+	False	True	3	0	2	5	True
Zm00001eb264300	chr6	+	False	True	2	0	0	2	True
Zm00001eb264360	chr6	-	False	True	5	0	30	35	True
Zm00001eb264400	chr6	-	False	True	2	1	4	7	True
Zm00001eb264480	chr6	+	False	True	7	0	21	28	True
Zm00001eb264590	chr6	-	False	True	8	1	12	21	True
Zm00001eb264620	chr6	+	False	True	0	0	0	0	False
Zm00001eb264760	chr6	+	False	True	0	0	1	1	True
Zm00001eb264780	chr6	-	False	True	3	0	12	15	True
Zm00001eb264880	chr6	-	True	False	4	0	3	7	True
Zm00001eb264930	chr6	-	False	True	3	0	10	13	True
Zm00001eb264940	chr6	+	False	True	3	0	14	17	True
Zm00001eb264980	chr6	-	False	True	1	0	5	6	True
Zm00001eb265040	chr6	-	False	True	4	0	7	11	True
Zm00001eb265080	chr6	-	False	True	1	1	15	17	True
Zm00001eb265240	chr6	+	False	True	6	1	19	26	True
Zm00001eb265250	chr6	+	False	True	2	0	3	5	True
Zm00001eb265260	chr6	-	False	True	0	0	0	0	False
Zm00001eb265270	chr6	+	False	True	1	1	0	2	True
Zm00001eb265420	chr6	+	False	True	0	0	0	0	False
Zm00001eb265430	chr6	-	False	True	0	0	1	1	True
Zm00001eb265440	chr6	-	False	True	1	1	5	7	True
Zm00001eb265500	chr6	+	False	True	4	0	6	10	True
Zm00001eb265510	chr6	-	False	True	5	1	13	19	True
Zm00001eb265610	chr6	+	False	True	4	1	5	10	True
Zm00001eb265630	chr6	-	False	True	2	0	13	15	True
Zm00001eb265640	chr6	+	False	True	2	0	12	14	True
Zm00001eb265650	chr6	-	False	True	0	0	3	3	True
Zm00001eb265670	chr6	-	False	True	0	0	0	0	False
Zm00001eb265810	chr6	-	False	True	3	0	9	12	True
Zm00001eb265820	chr6	+	False	True	2	0	9	11	True
Zm00001eb265830	chr6	+	False	True	3	0	7	10	True
Zm00001eb265980	chr6	-	False	True	6	1	27	34	True
Zm00001eb266020	chr6	-	False	True	4	1	6	11	True
Zm00001eb266050	chr6	-	False	True	3	1	33	37	True
Zm00001eb266060	chr6	-	False	True	8	3	19	30	True
Zm00001eb266160	chr6	-	False	True	11	0	35	46	True
Zm00001eb266190	chr6	+	False	True	0	1	15	16	True
Zm00001eb266250	chr6	-	False	True	4	0	25	29	True
Zm00001eb266260	chr6	+	False	True	0	0	4	4	True
Zm00001eb266300	chr6	+	False	True	5	0	10	15	True
Zm00001eb266320	chr6	+	False	True	6	0	33	39	True
Zm00001eb266340	chr6	-	False	True	9	1	19	29	True
Zm00001eb266360	chr6	-	False	True	3	0	8	11	True
Zm00001eb266400	chr6	+	False	True	3	0	11	14	True
Zm00001eb266600	chr6	-	False	True	11	2	22	35	True
Zm00001eb266620	chr6	-	False	True	1	0	3	4	True
Zm00001eb266690	chr6	+	False	True	16	2	25	43	True
Zm00001eb266720	chr6	+	False	True	6	2	32	40	True
Zm00001eb266750	chr6	+	False	True	6	0	22	28	True
Zm00001eb266800	chr6	+	False	True	7	0	12	19	True
Zm00001eb266810	chr6	-	False	True	6	2	40	48	True
Zm00001eb266820	chr6	-	True	False	0	0	0	0	False
Zm00001eb266840	chr6	-	False	True	0	0	0	0	False
Zm00001eb266860	chr6	-	False	True	0	0	1	1	True
Zm00001eb266910	chr6	+	False	True	0	0	3	3	True
Zm00001eb266980	chr6	+	False	True	6	0	10	16	True
Zm00001eb267070	chr6	-	False	True	5	1	12	18	True
Zm00001eb267090	chr6	-	False	True	3	0	15	18	True
Zm00001eb267100	chr6	-	False	True	3	0	17	20	True
Zm00001eb267120	chr6	+	False	True	0	0	1	1	True
Zm00001eb267200	chr6	+	False	True	5	0	4	9	True
Zm00001eb267550	chr6	-	False	True	4	1	11	16	True
Zm00001eb267560	chr6	+	False	True	4	0	8	12	True
Zm00001eb267580	chr6	-	False	True	3	0	0	3	True
Zm00001eb267590	chr6	-	False	True	0	0	0	0	False
Zm00001eb267680	chr6	-	False	True	0	0	1	1	True
Zm00001eb267700	chr6	+	False	True	2	0	0	2	True
Zm00001eb267710	chr6	+	False	True	0	2	2	4	True
Zm00001eb267720	chr6	-	False	True	6	0	9	15	True
Zm00001eb267770	chr6	+	False	True	4	0	31	35	True
Zm00001eb267970	chr6	-	False	True	1	0	0	1	True
Zm00001eb268000	chr6	-	False	True	0	1	0	1	True
Zm00001eb268050	chr6	+	False	True	0	0	0	0	False
Zm00001eb268250	chr6	+	False	True	0	0	0	0	False
Zm00001eb268360	chr6	+	False	True	2	0	13	15	True
Zm00001eb268390	chr6	+	False	True	2	0	1	3	True
Zm00001eb268420	chr6	-	False	True	2	1	19	22	True
Zm00001eb268450	chr6	-	False	True	4	2	1	7	True
Zm00001eb268480	chr6	-	False	True	5	0	18	23	True
Zm00001eb268500	chr6	+	False	True	0	0	0	0	False
Zm00001eb268510	chr6	-	False	True	3	1	8	12	True
Zm00001eb268520	chr6	-	True	False	1	1	8	10	True
Zm00001eb268550	chr6	+	False	True	0	0	2	2	True
Zm00001eb268580	chr6	+	False	True	3	2	8	13	True
Zm00001eb268610	chr6	-	False	True	0	1	4	5	True
Zm00001eb268690	chr6	+	False	True	2	0	5	7	True
Zm00001eb268740	chr6	+	False	True	3	1	31	35	True
Zm00001eb268760	chr6	+	False	True	0	0	0	0	False
Zm00001eb268790	chr6	-	False	True	6	1	25	32	True
Zm00001eb268840	chr6	+	False	True	2	0	9	11	True
Zm00001eb268880	chr6	-	False	True	1	0	28	29	True
Zm00001eb268890	chr6	-	False	True	6	0	17	23	True
Zm00001eb268980	chr6	+	False	True	1	0	5	6	True
Zm00001eb269010	chr6	+	False	True	1	1	2	4	True
Zm00001eb269020	chr6	+	False	True	4	0	8	12	True
Zm00001eb269100	chr6	+	False	True	3	0	15	18	True
Zm00001eb269140	chr6	+	False	True	0	0	2	2	True
Zm00001eb269160	chr6	+	False	True	0	2	4	6	True
Zm00001eb269170	chr6	+	False	True	1	0	7	8	True
Zm00001eb269190	chr6	-	False	True	2	1	31	34	True
Zm00001eb269200	chr6	-	False	True	0	1	0	1	True
Zm00001eb269300	chr6	+	False	True	4	0	28	32	True
Zm00001eb269310	chr6	-	False	True	3	0	7	10	True
Zm00001eb269400	chr6	+	False	True	4	2	9	15	True
Zm00001eb269440	chr6	-	False	True	8	0	14	22	True
Zm00001eb269450	chr6	+	False	True	5	0	14	19	True
Zm00001eb269470	chr6	+	False	True	1	0	7	8	True
Zm00001eb269490	chr6	+	False	True	0	0	2	2	True
Zm00001eb269560	chr6	+	False	True	2	0	2	4	True
Zm00001eb269570	chr6	+	False	True	0	0	1	1	True
Zm00001eb269610	chr6	+	False	True	1	0	3	4	True
Zm00001eb269650	chr6	-	False	True	2	0	16	18	True
Zm00001eb269720	chr6	+	False	True	1	0	1	2	True
Zm00001eb269730	chr6	-	False	True	4	1	18	23	True
Zm00001eb269850	chr6	-	False	True	2	1	45	48	True
Zm00001eb269870	chr6	-	False	True	6	1	35	42	True
Zm00001eb270000	chr6	+	False	True	0	0	1	1	True
Zm00001eb270030	chr6	+	False	True	1	1	16	18	True
Zm00001eb270040	chr6	+	False	True	8	1	49	58	True
Zm00001eb270080	chr6	+	False	True	0	0	1	1	True
Zm00001eb270110	chr6	+	False	True	6	0	36	42	True
Zm00001eb270240	chr6	-	False	True	6	0	20	26	True
Zm00001eb270300	chr6	-	False	True	14	2	29	45	True
Zm00001eb270370	chr6	+	False	True	4	0	24	28	True
Zm00001eb270380	chr6	+	True	False	4	1	25	30	True
Zm00001eb270390	chr6	+	False	True	1	1	8	10	True
Zm00001eb270470	chr6	-	False	True	1	1	15	17	True
Zm00001eb270540	chr6	-	False	True	4	0	15	19	True
Zm00001eb270550	chr6	-	False	True	1	1	27	29	True
Zm00001eb270630	chr6	+	False	True	0	1	1	2	True
Zm00001eb270650	chr6	-	False	True	4	2	16	22	True
Zm00001eb270700	chr6	-	False	True	4	2	31	37	True
Zm00001eb270800	chr6	+	False	True	5	0	9	14	True
Zm00001eb270920	chr6	+	False	True	2	0	3	5	True
Zm00001eb270930	chr6	+	False	True	3	0	10	13	True
Zm00001eb270940	chr6	+	False	True	2	1	4	7	True
Zm00001eb271010	chr6	+	False	True	1	0	0	1	True
Zm00001eb271080	chr6	+	False	True	1	0	1	2	True
Zm00001eb271150	chr6	+	False	True	0	0	4	4	True
Zm00001eb271180	chr6	+	False	True	4	1	6	11	True
Zm00001eb271420	chr6	+	False	True	4	0	5	9	True
Zm00001eb271440	chr6	+	False	True	14	0	15	29	True
Zm00001eb271450	chr6	-	False	True	2	1	2	5	True
Zm00001eb271480	chr6	+	False	True	0	0	0	0	False
Zm00001eb271490	chr6	-	False	True	4	0	28	32	True
Zm00001eb271500	chr6	+	False	True	2	0	15	17	True
Zm00001eb271520	chr6	+	False	True	0	0	1	1	True
Zm00001eb271550	chr6	-	False	True	6	2	18	26	True
Zm00001eb271590	chr6	+	False	True	2	0	8	10	True
Zm00001eb271600	chr6	-	False	True	9	1	15	25	True
Zm00001eb271660	chr6	-	False	True	0	0	7	7	True
Zm00001eb271680	chr6	-	False	True	4	1	7	12	True
Zm00001eb271700	chr6	-	False	True	2	0	13	15	True
Zm00001eb271750	chr6	+	False	True	6	1	18	25	True
Zm00001eb271760	chr6	-	False	True	2	0	2	4	True
Zm00001eb271770	chr6	-	False	True	10	2	35	47	True
Zm00001eb271790	chr6	-	False	True	3	1	3	7	True
Zm00001eb271810	chr6	-	False	True	4	1	10	15	True
Zm00001eb271820	chr6	+	False	True	7	0	18	25	True
Zm00001eb271860	chr6	+	False	True	2	0	0	2	True
Zm00001eb272020	chr6	+	False	True	7	1	27	35	True
Zm00001eb272040	chr6	+	False	True	5	0	4	9	True
Zm00001eb272090	chr6	-	False	True	6	0	44	50	True
Zm00001eb272100	chr6	+	False	True	0	0	3	3	True
Zm00001eb272880	chr6	+	False	True	0	0	0	0	False
Zm00001eb272890	chr6	+	False	True	2	0	5	7	True
Zm00001eb272950	chr6	-	False	True	14	1	19	34	True
Zm00001eb272970	chr6	-	False	True	0	1	2	3	True
Zm00001eb273000	chr6	+	False	True	5	1	23	29	True
Zm00001eb273040	chr6	+	False	True	0	0	2	2	True
Zm00001eb273050	chr6	-	False	True	3	1	8	12	True
Zm00001eb273180	chr6	-	False	True	17	0	34	51	True
Zm00001eb273220	chr6	+	False	True	0	1	2	3	True
Zm00001eb273230	chr6	-	False	True	8	0	21	29	True
Zm00001eb273260	chr6	+	False	True	0	0	1	1	True
Zm00001eb273340	chr6	-	False	True	0	0	0	0	False
Zm00001eb273460	chr6	-	False	True	6	1	7	14	True
Zm00001eb273510	chr6	+	False	True	4	0	9	13	True
Zm00001eb273530	chr6	-	False	True	9	0	39	48	True
Zm00001eb273540	chr6	-	False	True	5	1	5	11	True
Zm00001eb273550	chr6	+	False	True	6	1	32	39	True
Zm00001eb273570	chr6	-	False	True	0	0	0	0	False
Zm00001eb273590	chr6	+	False	True	0	0	2	2	True
Zm00001eb273670	chr6	-	False	True	4	0	10	14	True
Zm00001eb273690	chr6	-	False	True	5	3	13	21	True
Zm00001eb273720	chr6	+	False	True	1	0	4	5	True
Zm00001eb273770	chr6	+	False	True	2	1	9	12	True
Zm00001eb273900	chr6	-	False	True	6	2	33	41	True
Zm00001eb273940	chr6	+	False	True	12	0	16	28	True
Zm00001eb273960	chr6	-	False	True	1	0	2	3	True
Zm00001eb274010	chr6	+	False	True	15	0	18	33	True
Zm00001eb274020	chr6	+	False	True	1	0	1	2	True
Zm00001eb274050	chr6	+	False	True	0	1	1	2	True
Zm00001eb274090	chr6	+	False	True	1	0	9	10	True
Zm00001eb274110	chr6	-	False	True	4	1	30	35	True
Zm00001eb274180	chr6	-	False	True	10	1	40	51	True
Zm00001eb274190	chr6	-	True	False	5	2	17	24	True
Zm00001eb274200	chr6	-	False	True	6	3	38	47	True
Zm00001eb274210	chr6	-	False	True	6	0	27	33	True
Zm00001eb274240	chr6	+	False	True	1	1	6	8	True
Zm00001eb274290	chr6	-	False	True	4	2	31	37	True
Zm00001eb274340	chr6	-	False	True	1	1	0	2	True
Zm00001eb274360	chr6	-	False	True	3	0	10	13	True
Zm00001eb274430	chr6	+	False	True	0	0	2	2	True
Zm00001eb274600	chr6	+	False	True	0	0	1	1	True
Zm00001eb274650	chr6	-	False	True	0	1	3	4	True
Zm00001eb274690	chr6	+	False	True	1	0	6	7	True
Zm00001eb274770	chr6	+	False	True	0	2	2	4	True
Zm00001eb274840	chr6	-	False	True	0	0	0	0	False
Zm00001eb274880	chr6	+	False	True	9	1	45	55	True
Zm00001eb274890	chr6	-	False	True	5	0	8	13	True
Zm00001eb274940	chr6	+	False	True	4	0	16	20	True
Zm00001eb274950	chr6	+	False	True	1	1	9	11	True
Zm00001eb274960	chr6	+	False	True	5	0	19	24	True
Zm00001eb274970	chr6	+	False	True	9	0	40	49	True
Zm00001eb274990	chr6	+	False	True	0	0	0	0	False
Zm00001eb275030	chr6	+	False	True	5	0	16	21	True
Zm00001eb275050	chr6	-	False	True	2	1	2	5	True
Zm00001eb275060	chr6	-	False	True	4	0	10	14	True
Zm00001eb275090	chr6	+	False	True	1	0	0	1	True
Zm00001eb275130	chr6	+	False	True	17	1	26	44	True
Zm00001eb275250	chr6	+	False	True	4	0	3	7	True
Zm00001eb275260	chr6	+	True	False	13	0	14	27	True
Zm00001eb275340	chr6	+	False	True	0	0	3	3	True
Zm00001eb275380	chr6	+	False	True	2	1	43	46	True
Zm00001eb275390	chr6	+	False	True	10	2	23	35	True
Zm00001eb275430	chr6	-	False	True	4	2	10	16	True
Zm00001eb275450	chr6	+	False	True	6	0	7	13	True
Zm00001eb275490	chr6	+	False	True	8	0	16	24	True
Zm00001eb275570	chr6	+	False	True	3	0	8	11	True
Zm00001eb275630	chr6	+	False	True	2	1	2	5	True
Zm00001eb275640	chr6	+	False	True	2	0	41	43	True
Zm00001eb275670	chr6	-	False	True	17	1	24	42	True
Zm00001eb275680	chr6	+	False	True	5	0	14	19	True
Zm00001eb275690	chr6	-	False	True	1	0	7	8	True
Zm00001eb275720	chr6	+	False	True	2	1	5	8	True
Zm00001eb275730	chr6	+	False	True	4	1	7	12	True
Zm00001eb275740	chr6	-	False	True	1	0	11	12	True
Zm00001eb275750	chr6	-	False	True	0	0	1	1	True
Zm00001eb276140	chr6	-	False	True	4	1	5	10	True
Zm00001eb276150	chr6	-	False	True	3	0	18	21	True
Zm00001eb276160	chr6	+	False	True	5	0	32	37	True
Zm00001eb276170	chr6	-	False	True	0	0	1	1	True
Zm00001eb276190	chr6	+	False	True	0	0	0	0	False
Zm00001eb276260	chr6	+	False	True	7	1	18	26	True
Zm00001eb276270	chr6	+	False	True	7	1	25	33	True
Zm00001eb276280	chr6	+	False	True	9	0	13	22	True
Zm00001eb276540	chr6	-	False	True	2	0	3	5	True
Zm00001eb276570	chr6	+	False	True	1	0	9	10	True
Zm00001eb276580	chr6	+	False	True	1	1	5	7	True
Zm00001eb276590	chr6	-	False	True	0	0	0	0	False
Zm00001eb276680	chr6	+	False	True	0	0	0	0	False
Zm00001eb276730	chr6	+	False	True	3	0	4	7	True
Zm00001eb276750	chr6	+	False	True	3	0	2	5	True
Zm00001eb276760	chr6	-	False	True	3	2	0	5	True
Zm00001eb276840	chr6	+	False	True	12	0	19	31	True
Zm00001eb276850	chr6	+	False	True	9	1	17	27	True
Zm00001eb276860	chr6	-	False	True	1	1	5	7	True
Zm00001eb276990	chr6	-	False	True	19	2	20	41	True
Zm00001eb277000	chr6	-	False	True	5	1	9	15	True
Zm00001eb277280	chr6	+	False	True	3	0	28	31	True
Zm00001eb277300	chr6	+	False	True	0	0	0	0	False
Zm00001eb277320	chr6	+	False	True	0	0	0	0	False
Zm00001eb277330	chr6	+	False	True	9	0	46	55	True
Zm00001eb277360	chr6	-	False	True	3	1	17	21	True
Zm00001eb277370	chr6	-	False	True	8	0	17	25	True
Zm00001eb277380	chr6	-	False	True	2	0	0	2	True
Zm00001eb277400	chr6	+	False	True	2	0	13	15	True
Zm00001eb277410	chr6	-	False	True	5	0	11	16	True
Zm00001eb277420	chr6	-	False	True	0	0	1	1	True
Zm00001eb277540	chr6	+	False	True	4	0	5	9	True
Zm00001eb277550	chr6	-	False	True	11	1	36	48	True
Zm00001eb277570	chr6	+	False	True	19	1	31	51	True
Zm00001eb277700	chr6	+	False	True	2	1	27	30	True
Zm00001eb277790	chr6	-	False	True	4	0	35	39	True
Zm00001eb277820	chr6	+	False	True	1	1	3	5	True
Zm00001eb277840	chr6	+	False	True	0	1	1	2	True
Zm00001eb277860	chr6	+	False	True	3	0	2	5	True
Zm00001eb277870	chr6	+	False	True	5	0	11	16	True
Zm00001eb277880	chr6	+	False	True	8	0	32	40	True
Zm00001eb277940	chr6	-	False	True	2	0	5	7	True
Zm00001eb277950	chr6	-	False	True	2	0	6	8	True
Zm00001eb277960	chr6	+	False	True	1	0	4	5	True
Zm00001eb278020	chr6	-	False	True	0	0	5	5	True
Zm00001eb278060	chr6	+	False	True	3	0	10	13	True
Zm00001eb278070	chr6	+	False	True	0	0	0	0	False
Zm00001eb278100	chr6	-	False	True	8	1	35	44	True
Zm00001eb278110	chr6	+	True	False	2	1	6	9	True
Zm00001eb278120	chr6	+	False	True	0	0	8	8	True
Zm00001eb278130	chr6	-	False	True	2	2	29	33	True
Zm00001eb278140	chr6	+	False	True	0	1	3	4	True
Zm00001eb278150	chr6	+	True	False	11	0	19	30	True
Zm00001eb278300	chr6	+	False	True	5	1	21	27	True
Zm00001eb278310	chr6	+	False	True	3	0	13	16	True
Zm00001eb278340	chr6	+	False	True	0	1	3	4	True
Zm00001eb278350	chr6	-	False	True	3	0	7	10	True
Zm00001eb278360	chr6	+	False	True	4	0	9	13	True
Zm00001eb278450	chr6	-	False	True	11	0	72	83	True
Zm00001eb278500	chr6	+	False	True	0	0	0	0	False
Zm00001eb278510	chr6	+	False	True	1	1	7	9	True
Zm00001eb278530	chr6	-	False	True	5	0	20	25	True
Zm00001eb278540	chr6	+	False	True	4	0	15	19	True
Zm00001eb278580	chr6	-	False	True	0	0	0	0	False
Zm00001eb278590	chr6	-	False	True	3	0	15	18	True
Zm00001eb278600	chr6	+	False	True	5	1	7	13	True
Zm00001eb278610	chr6	+	False	True	1	1	7	9	True
Zm00001eb278620	chr6	-	False	True	6	0	7	13	True
Zm00001eb278650	chr6	-	False	True	5	3	9	17	True
Zm00001eb278680	chr6	+	False	True	9	0	10	19	True
Zm00001eb278740	chr6	+	False	True	8	1	17	26	True
Zm00001eb278760	chr6	+	False	True	0	2	4	6	True
Zm00001eb278770	chr6	-	False	True	5	1	20	26	True
Zm00001eb278890	chr6	-	False	True	7	0	17	24	True
Zm00001eb278930	chr6	+	False	True	0	0	0	0	False
Zm00001eb279020	chr6	+	False	True	8	0	35	43	True
Zm00001eb279060	chr6	+	False	True	1	0	11	12	True
Zm00001eb279070	chr6	+	False	True	5	1	37	43	True
Zm00001eb279120	chr6	+	False	True	0	0	1	1	True
Zm00001eb279250	chr6	-	False	True	11	0	33	44	True
Zm00001eb279260	chr6	+	False	True	4	0	27	31	True
Zm00001eb279330	chr6	+	False	True	1	2	12	15	True
Zm00001eb279340	chr6	+	False	True	4	1	22	27	True
Zm00001eb279370	chr6	+	False	True	10	1	11	22	True
Zm00001eb279430	chr6	+	False	True	2	0	3	5	True
Zm00001eb279490	chr6	-	False	True	8	1	22	31	True
Zm00001eb279580	chr6	+	False	True	4	0	10	14	True
Zm00001eb279660	chr6	-	False	True	7	1	17	25	True
Zm00001eb279740	chr6	+	False	True	1	0	0	1	True
Zm00001eb279750	chr6	+	False	True	6	0	17	23	True
Zm00001eb279820	chr6	+	False	True	3	0	8	11	True
Zm00001eb279830	chr6	-	False	True	1	2	31	34	True
Zm00001eb279840	chr6	-	False	True	1	0	10	11	True
Zm00001eb279850	chr6	+	False	True	2	1	0	3	True
Zm00001eb279930	chr6	-	False	True	2	0	2	4	True
Zm00001eb279970	chr6	-	False	True	0	0	0	0	False
Zm00001eb280010	chr6	+	False	True	0	0	0	0	False
Zm00001eb280060	chr6	+	False	True	8	0	9	17	True
Zm00001eb280080	chr6	+	False	True	4	0	38	42	True
Zm00001eb280090	chr6	+	False	True	4	0	16	20	True
Zm00001eb280120	chr6	-	False	True	11	0	46	57	True
Zm00001eb280130	chr6	+	False	True	4	0	8	12	True
Zm00001eb280210	chr6	-	False	True	2	0	23	25	True
Zm00001eb280220	chr6	+	False	True	0	0	0	0	False
Zm00001eb280250	chr6	-	False	True	5	3	12	20	True
Zm00001eb280280	chr6	-	False	True	12	0	22	34	True
Zm00001eb280410	chr6	+	False	True	2	0	7	9	True
Zm00001eb280420	chr6	-	False	True	0	0	3	3	True
Zm00001eb280520	chr6	-	False	True	7	1	25	33	True
Zm00001eb280540	chr6	+	False	True	1	1	5	7	True
Zm00001eb280560	chr6	+	True	False	6	0	23	29	True
Zm00001eb280580	chr6	-	False	True	4	0	32	36	True
Zm00001eb280600	chr6	+	False	True	7	0	21	28	True
Zm00001eb280620	chr6	+	False	True	9	0	12	21	True
Zm00001eb280640	chr6	+	False	True	0	1	0	1	True
Zm00001eb280650	chr6	-	False	True	3	1	34	38	True
Zm00001eb280660	chr6	-	False	True	3	0	9	12	True
Zm00001eb280680	chr6	+	False	True	0	0	0	0	False
Zm00001eb280700	chr6	-	False	True	2	0	8	10	True
Zm00001eb280730	chr6	-	False	True	3	0	24	27	True
Zm00001eb280740	chr6	+	False	True	1	0	0	1	True
Zm00001eb280750	chr6	-	False	True	0	0	2	2	True
Zm00001eb280760	chr6	+	False	True	5	1	9	15	True
Zm00001eb280810	chr6	+	False	True	2	2	13	17	True
Zm00001eb280820	chr6	-	False	True	2	0	9	11	True
Zm00001eb280840	chr6	+	False	True	2	1	4	7	True
Zm00001eb280850	chr6	+	False	True	0	0	1	1	True
Zm00001eb280900	chr6	-	False	True	0	1	7	8	True
Zm00001eb280910	chr6	+	False	True	6	0	11	17	True
Zm00001eb280920	chr6	-	False	True	3	0	2	5	True
Zm00001eb280930	chr6	-	False	True	1	0	9	10	True
Zm00001eb280980	chr6	-	False	True	12	2	17	31	True
Zm00001eb281010	chr6	+	False	True	3	0	5	8	True
Zm00001eb281030	chr6	-	False	True	3	1	3	7	True
Zm00001eb281080	chr6	+	False	True	1	0	2	3	True
Zm00001eb281090	chr6	+	False	True	3	0	9	12	True
Zm00001eb281100	chr6	+	False	True	7	1	17	25	True
Zm00001eb281130	chr6	-	False	True	4	0	17	21	True
Zm00001eb281160	chr6	-	False	True	1	1	5	7	True
Zm00001eb281200	chr6	-	False	True	1	1	8	10	True
Zm00001eb281210	chr6	-	False	True	10	0	6	16	True
Zm00001eb281230	chr6	-	False	True	6	0	25	31	True
Zm00001eb281240	chr6	+	False	True	1	0	3	4	True
Zm00001eb281270	chr6	+	False	True	8	0	13	21	True
Zm00001eb281290	chr6	-	False	True	1	1	4	6	True
Zm00001eb281340	chr6	-	False	True	6	0	9	15	True
Zm00001eb281370	chr6	+	False	True	8	2	33	43	True
Zm00001eb281400	chr6	-	False	True	3	1	10	14	True
Zm00001eb281450	chr6	+	False	True	1	0	6	7	True
Zm00001eb281480	chr6	-	False	True	0	1	9	10	True
Zm00001eb281490	chr6	+	False	True	1	1	4	6	True
Zm00001eb281500	chr6	+	False	True	8	0	51	59	True
Zm00001eb281510	chr6	+	False	True	5	0	17	22	True
Zm00001eb281570	chr6	+	False	True	4	1	26	31	True
Zm00001eb281580	chr6	-	False	True	4	0	15	19	True
Zm00001eb281600	chr6	-	False	True	1	0	10	11	True
Zm00001eb281630	chr6	+	True	False	5	0	10	15	True
Zm00001eb281660	chr6	+	False	True	0	0	0	0	False
Zm00001eb281690	chr6	+	False	True	9	0	34	43	True
Zm00001eb281700	chr6	+	False	True	0	0	0	0	False
Zm00001eb281710	chr6	+	False	True	1	0	30	31	True
Zm00001eb281720	chr6	-	False	True	8	1	31	40	True
Zm00001eb281740	chr6	+	False	True	1	1	14	16	True
Zm00001eb281750	chr6	-	False	True	8	1	42	51	True
Zm00001eb281770	chr6	-	False	True	6	0	33	39	True
Zm00001eb281780	chr6	+	False	True	0	0	1	1	True
Zm00001eb281840	chr6	+	False	True	4	2	21	27	True
Zm00001eb281880	chr6	-	False	True	9	0	56	65	True
Zm00001eb281890	chr6	+	False	True	6	1	26	33	True
Zm00001eb281920	chr6	+	False	True	0	0	0	0	False
Zm00001eb281990	chr6	-	False	True	3	1	14	18	True
Zm00001eb282030	chr6	+	False	True	1	0	1	2	True
Zm00001eb282040	chr6	-	False	True	0	0	0	0	False
Zm00001eb282080	chr6	-	False	True	6	1	41	48	True
Zm00001eb282100	chr6	+	False	True	6	0	24	30	True
Zm00001eb282120	chr6	+	False	True	1	0	3	4	True
Zm00001eb282250	chr6	+	False	True	0	0	2	2	True
Zm00001eb282260	chr6	+	False	True	2	0	3	5	True
Zm00001eb282290	chr6	+	False	True	0	0	1	1	True
Zm00001eb282300	chr6	+	False	True	3	0	14	17	True
Zm00001eb282310	chr6	-	False	True	1	0	9	10	True
Zm00001eb282320	chr6	+	True	False	1	0	1	2	True
Zm00001eb282390	chr6	+	False	True	1	0	1	2	True
Zm00001eb282430	chr6	+	False	True	4	0	8	12	True
Zm00001eb282440	chr6	-	False	True	0	1	4	5	True
Zm00001eb282450	chr6	-	False	True	2	1	14	17	True
Zm00001eb282460	chr6	-	False	True	6	2	22	30	True
Zm00001eb282510	chr6	+	False	True	10	1	30	41	True
Zm00001eb282520	chr6	-	False	True	1	0	3	4	True
Zm00001eb282730	chr6	-	False	True	0	0	1	1	True
Zm00001eb282810	chr6	-	False	True	0	0	1	1	True
Zm00001eb282890	chr6	-	False	True	2	0	9	11	True
Zm00001eb282900	chr6	-	False	True	4	0	29	33	True
Zm00001eb282930	chr6	-	False	True	17	1	48	66	True
Zm00001eb282940	chr6	-	False	True	6	0	35	41	True
Zm00001eb282960	chr6	-	False	True	3	1	35	39	True
Zm00001eb283000	chr6	-	False	True	2	2	7	11	True
Zm00001eb283010	chr6	+	False	True	5	0	34	39	True
Zm00001eb283090	chr6	-	False	True	5	2	12	19	True
Zm00001eb283110	chr6	+	False	True	5	0	17	22	True
Zm00001eb283230	chr6	+	False	True	3	0	11	14	True
Zm00001eb283430	chr6	+	False	True	6	2	61	69	True
Zm00001eb283450	chr6	+	False	True	5	0	20	25	True
Zm00001eb283460	chr6	-	False	True	0	0	1	1	True
Zm00001eb283510	chr6	+	False	True	2	1	5	8	True
Zm00001eb283560	chr6	-	False	True	15	0	14	29	True
Zm00001eb283570	chr6	+	False	True	13	1	43	57	True
Zm00001eb283590	chr6	+	False	True	5	0	18	23	True
Zm00001eb283640	chr6	+	False	True	0	0	2	2	True
Zm00001eb283760	chr6	-	False	True	3	0	14	17	True
Zm00001eb283800	chr6	-	False	True	1	2	10	13	True
Zm00001eb283810	chr6	+	False	True	3	2	11	16	True
Zm00001eb283950	chr6	+	False	True	6	0	21	27	True
Zm00001eb284090	chr6	-	False	True	6	0	19	25	True
Zm00001eb284120	chr6	+	False	True	8	0	39	47	True
Zm00001eb284160	chr6	-	False	True	1	0	10	11	True
Zm00001eb284170	chr6	-	False	True	7	0	44	51	True
Zm00001eb284290	chr6	-	False	True	7	0	11	18	True
Zm00001eb284300	chr6	+	False	True	8	0	22	30	True
Zm00001eb284320	chr6	-	False	True	1	2	4	7	True
Zm00001eb284330	chr6	+	True	False	0	0	5	5	True
Zm00001eb284340	chr6	-	False	True	1	1	13	15	True
Zm00001eb284350	chr6	+	False	True	10	0	65	75	True
Zm00001eb284400	chr6	-	False	True	3	0	15	18	True
Zm00001eb284450	chr6	+	False	True	0	0	0	0	False
Zm00001eb284490	chr6	-	False	True	6	1	34	41	True
Zm00001eb284520	chr6	+	False	True	18	2	65	85	True
Zm00001eb284530	chr6	-	False	True	0	0	2	2	True
Zm00001eb284630	chr6	+	False	True	0	0	5	5	True
Zm00001eb284640	chr6	-	False	True	2	0	1	3	True
Zm00001eb284700	chr6	-	False	True	15	0	28	43	True
Zm00001eb284720	chr6	+	False	True	3	0	32	35	True
Zm00001eb284840	chr6	-	False	True	8	0	5	13	True
Zm00001eb284850	chr6	+	False	True	0	0	2	2	True
Zm00001eb284870	chr6	-	False	True	5	4	22	31	True
Zm00001eb284890	chr6	-	False	True	3	3	5	11	True
Zm00001eb284910	chr6	+	False	True	2	2	9	13	True
Zm00001eb284960	chr6	-	False	True	0	0	3	3	True
Zm00001eb285010	chr6	+	False	True	0	0	1	1	True
Zm00001eb285040	chr6	+	False	True	3	0	10	13	True
Zm00001eb285060	chr6	+	False	True	2	0	14	16	True
Zm00001eb285070	chr6	-	False	True	7	0	14	21	True
Zm00001eb285080	chr6	+	False	True	7	2	22	31	True
Zm00001eb285090	chr6	+	False	True	3	2	18	23	True
Zm00001eb285100	chr6	-	False	True	0	0	14	14	True
Zm00001eb285130	chr6	-	False	True	7	1	41	49	True
Zm00001eb285140	chr6	+	False	True	4	0	19	23	True
Zm00001eb285200	chr6	-	False	True	2	0	8	10	True
Zm00001eb285210	chr6	-	False	True	1	1	1	3	True
Zm00001eb285220	chr6	-	False	True	0	0	9	9	True
Zm00001eb285230	chr6	-	False	True	3	0	10	13	True
Zm00001eb285290	chr6	-	False	True	3	0	29	32	True
Zm00001eb285340	chr6	-	False	True	2	0	12	14	True
Zm00001eb285390	chr6	-	False	True	5	0	23	28	True
Zm00001eb285400	chr6	-	False	True	6	1	36	43	True
Zm00001eb285420	chr6	+	False	True	11	1	73	85	True
Zm00001eb285430	chr6	+	False	True	5	1	15	21	True
Zm00001eb285460	chr6	-	False	True	0	0	0	0	False
Zm00001eb285470	chr6	-	False	True	1	0	6	7	True
Zm00001eb285520	chr6	-	False	True	5	2	24	31	True
Zm00001eb285530	chr6	-	False	True	1	0	0	1	True
Zm00001eb285560	chr6	-	False	True	1	0	11	12	True
Zm00001eb285570	chr6	+	False	True	2	0	13	15	True
Zm00001eb285590	chr6	+	False	True	6	1	36	43	True
Zm00001eb285600	chr6	-	False	True	7	0	40	47	True
Zm00001eb285660	chr6	+	False	True	0	0	0	0	False
Zm00001eb285770	chr6	+	False	True	6	0	9	15	True
Zm00001eb285800	chr6	+	False	True	2	1	2	5	True
Zm00001eb285830	chr6	+	False	True	4	0	9	13	True
Zm00001eb285840	chr6	-	False	True	0	3	13	16	True
Zm00001eb285900	chr6	+	False	True	0	1	2	3	True
Zm00001eb285910	chr6	-	False	True	5	0	29	34	True
Zm00001eb285920	chr6	-	False	True	7	2	30	39	True
Zm00001eb285930	chr6	-	False	True	5	2	18	25	True
Zm00001eb285950	chr6	+	False	True	3	0	13	16	True
Zm00001eb285960	chr6	+	False	True	3	0	10	13	True
Zm00001eb286040	chr6	+	False	True	2	0	0	2	True
Zm00001eb286120	chr6	-	False	True	2	0	8	10	True
Zm00001eb286140	chr6	+	False	True	0	0	0	0	False
Zm00001eb286220	chr6	+	False	True	1	0	1	2	True
Zm00001eb286290	chr6	-	False	True	4	2	13	19	True
Zm00001eb286320	chr6	-	False	True	5	2	37	44	True
Zm00001eb286340	chr6	-	False	True	6	1	27	34	True
Zm00001eb286350	chr6	+	False	True	2	0	5	7	True
Zm00001eb286400	chr6	+	False	True	0	1	1	2	True
Zm00001eb286440	chr6	-	False	True	2	1	6	9	True
Zm00001eb286460	chr6	+	False	True	3	0	11	14	True
Zm00001eb286490	chr6	-	False	True	0	0	2	2	True
Zm00001eb286540	chr6	+	False	True	9	0	6	15	True
Zm00001eb286560	chr6	+	False	True	14	1	21	36	True
Zm00001eb286620	chr6	+	False	True	0	0	0	0	False
Zm00001eb286640	chr6	+	False	True	3	0	9	12	True
Zm00001eb286650	chr6	-	False	True	9	0	13	22	True
Zm00001eb286670	chr6	+	False	True	0	0	5	5	True
Zm00001eb286710	chr6	+	True	False	6	1	47	54	True
Zm00001eb286730	chr6	-	True	False	3	1	22	26	True
Zm00001eb286740	chr6	+	False	True	0	0	2	2	True
Zm00001eb286750	chr6	-	False	True	4	0	7	11	True
Zm00001eb286760	chr6	-	False	True	2	0	0	2	True
Zm00001eb286770	chr6	+	False	True	15	1	52	68	True
Zm00001eb286800	chr6	-	False	True	7	2	87	96	True
Zm00001eb286820	chr6	-	False	True	0	1	16	17	True
Zm00001eb286920	chr6	-	False	True	8	0	21	29	True
Zm00001eb286930	chr6	+	False	True	5	0	24	29	True
Zm00001eb286940	chr6	-	False	True	1	0	3	4	True
Zm00001eb286980	chr6	+	False	True	9	1	59	69	True
Zm00001eb287010	chr6	-	False	True	3	0	35	38	True
Zm00001eb287070	chr6	-	False	True	4	0	11	15	True
Zm00001eb287080	chr6	+	False	True	4	1	19	24	True
Zm00001eb287090	chr6	+	False	True	8	0	16	24	True
Zm00001eb287130	chr6	+	False	True	1	0	4	5	True
Zm00001eb287160	chr6	+	False	True	0	0	2	2	True
Zm00001eb287190	chr6	+	False	True	1	1	7	9	True
Zm00001eb287220	chr6	+	False	True	2	0	36	38	True
Zm00001eb287230	chr6	-	False	True	4	1	37	42	True
Zm00001eb287240	chr6	+	False	True	0	1	1	2	True
Zm00001eb287250	chr6	-	False	True	9	0	26	35	True
Zm00001eb287260	chr6	-	False	True	2	2	3	7	True
Zm00001eb287280	chr6	+	False	True	1	0	3	4	True
Zm00001eb287290	chr6	+	False	True	2	0	6	8	True
Zm00001eb287340	chr6	-	False	True	10	0	31	41	True
Zm00001eb287350	chr6	+	False	True	1	1	1	3	True
Zm00001eb287380	chr6	+	False	True	9	0	43	52	True
Zm00001eb287400	chr6	-	False	True	5	0	31	36	True
Zm00001eb287420	chr6	+	False	True	3	1	14	18	True
Zm00001eb287450	chr6	-	False	True	10	1	12	23	True
Zm00001eb287610	chr6	-	False	True	11	6	25	42	True
Zm00001eb287640	chr6	-	False	True	2	1	7	10	True
Zm00001eb287680	chr6	-	False	True	9	1	30	40	True
Zm00001eb287690	chr6	-	False	True	0	1	2	3	True
Zm00001eb287710	chr6	-	False	True	2	0	2	4	True
Zm00001eb287740	chr6	+	False	True	2	1	7	10	True
Zm00001eb287770	chr6	+	True	False	2	0	8	10	True
Zm00001eb287820	chr6	-	False	True	1	0	0	1	True
Zm00001eb287830	chr6	-	False	True	5	0	17	22	True
Zm00001eb287860	chr6	-	False	True	2	0	13	15	True
Zm00001eb287890	chr6	+	False	True	0	0	2	2	True
Zm00001eb287980	chr6	-	False	True	12	0	30	42	True
Zm00001eb288020	chr6	-	False	True	15	1	26	42	True
Zm00001eb288040	chr6	-	False	True	1	0	10	11	True
Zm00001eb288060	chr6	-	False	True	3	0	5	8	True
Zm00001eb288070	chr6	+	False	True	1	1	13	15	True
Zm00001eb288090	chr6	+	False	True	12	2	18	32	True
Zm00001eb288110	chr6	+	False	True	4	1	13	18	True
Zm00001eb288120	chr6	-	False	True	0	2	9	11	True
Zm00001eb288130	chr6	-	False	True	1	0	0	1	True
Zm00001eb288150	chr6	+	False	True	21	2	14	37	True
Zm00001eb288180	chr6	-	False	True	0	0	0	0	False
Zm00001eb288190	chr6	+	False	True	0	0	0	0	False
Zm00001eb288200	chr6	-	False	True	0	0	3	3	True
Zm00001eb288230	chr6	-	False	True	2	1	10	13	True
Zm00001eb288240	chr6	-	False	True	3	1	1	5	True
Zm00001eb288250	chr6	-	False	True	10	0	45	55	True
Zm00001eb288260	chr6	-	False	True	1	0	13	14	True
Zm00001eb288270	chr6	-	False	True	3	1	5	9	True
Zm00001eb288280	chr6	+	False	True	0	0	3	3	True
Zm00001eb288290	chr6	-	False	True	6	0	25	31	True
Zm00001eb288300	chr6	-	False	True	5	0	10	15	True
Zm00001eb288330	chr6	+	False	True	2	0	13	15	True
Zm00001eb288340	chr6	+	False	True	2	0	13	15	True
Zm00001eb288360	chr6	+	False	True	2	0	3	5	True
Zm00001eb288370	chr6	-	False	True	6	2	17	25	True
Zm00001eb288390	chr6	+	False	True	15	0	21	36	True
Zm00001eb288400	chr6	+	False	True	1	0	3	4	True
Zm00001eb288410	chr6	-	False	True	18	0	12	30	True
Zm00001eb288420	chr6	-	False	True	6	0	18	24	True
Zm00001eb288430	chr6	+	False	True	0	0	2	2	True
Zm00001eb288440	chr6	-	False	True	9	0	11	20	True
Zm00001eb288540	chr6	-	False	True	6	2	64	72	True
Zm00001eb288550	chr6	-	False	True	6	2	5	13	True
Zm00001eb288580	chr6	-	False	True	1	0	0	1	True
Zm00001eb288680	chr6	-	False	True	2	1	0	3	True
Zm00001eb288700	chr6	+	False	True	4	0	5	9	True
Zm00001eb288710	chr6	-	False	True	0	1	4	5	True
Zm00001eb288760	chr6	-	False	True	2	0	2	4	True
Zm00001eb288770	chr6	-	False	True	4	1	12	17	True
Zm00001eb288910	chr6	-	False	True	9	1	52	62	True
Zm00001eb288920	chr6	-	False	True	7	0	40	47	True
Zm00001eb288940	chr6	-	False	True	0	1	2	3	True
Zm00001eb288980	chr6	+	False	True	11	1	8	20	True
Zm00001eb289030	chr6	-	False	True	0	0	0	0	False
Zm00001eb289070	chr6	+	False	True	4	0	15	19	True
Zm00001eb289080	chr6	-	False	True	5	0	12	17	True
Zm00001eb289150	chr6	+	False	True	6	1	15	22	True
Zm00001eb289190	chr6	-	False	True	14	3	22	39	True
Zm00001eb289200	chr6	+	False	True	3	2	12	17	True
Zm00001eb289210	chr6	+	False	True	3	1	13	17	True
Zm00001eb289220	chr6	+	False	True	4	0	11	15	True
Zm00001eb289230	chr6	-	False	True	2	1	22	25	True
Zm00001eb289240	chr6	+	False	True	0	0	3	3	True
Zm00001eb289250	chr6	-	False	True	4	1	14	19	True
Zm00001eb289270	chr6	+	False	True	40	1	189	230	True
Zm00001eb289290	chr6	-	False	True	10	0	13	23	True
Zm00001eb289300	chr6	+	False	True	8	1	23	32	True
Zm00001eb289310	chr6	-	False	True	6	1	20	27	True
Zm00001eb289380	chr6	+	False	True	7	1	23	31	True
Zm00001eb289400	chr6	-	False	True	12	0	32	44	True
Zm00001eb289450	chr6	-	False	True	16	0	12	28	True
Zm00001eb289460	chr6	+	False	True	7	0	21	28	True
Zm00001eb289470	chr6	-	False	True	5	0	26	31	True
Zm00001eb289490	chr6	+	False	True	0	0	0	0	False
Zm00001eb289520	chr6	+	False	True	5	0	14	19	True
Zm00001eb289530	chr6	-	False	True	8	1	27	36	True
Zm00001eb289550	chr6	+	False	True	0	1	10	11	True
Zm00001eb289570	chr6	-	False	True	8	1	35	44	True
Zm00001eb289580	chr6	+	False	True	8	0	28	36	True
Zm00001eb289590	chr6	+	False	True	3	2	26	31	True
Zm00001eb289600	chr6	-	False	True	6	1	6	13	True
Zm00001eb289690	chr6	+	False	True	2	0	28	30	True
Zm00001eb289700	chr6	+	False	True	11	2	28	41	True
Zm00001eb289710	chr6	-	False	True	6	1	35	42	True
Zm00001eb289730	chr6	-	False	True	1	0	5	6	True
Zm00001eb289740	chr6	-	False	True	1	0	1	2	True
Zm00001eb289770	chr6	-	False	True	28	3	39	70	True
Zm00001eb289800	chr6	-	False	True	2	1	13	16	True
Zm00001eb289810	chr6	+	False	True	12	1	48	61	True
Zm00001eb289820	chr6	-	False	True	5	2	21	28	True
Zm00001eb289850	chr6	+	False	True	0	0	0	0	False
Zm00001eb289860	chr6	-	False	True	5	0	29	34	True
Zm00001eb289870	chr6	-	False	True	8	0	15	23	True
Zm00001eb289880	chr6	-	False	True	9	1	19	29	True
Zm00001eb289910	chr6	+	False	True	2	0	15	17	True
Zm00001eb289920	chr6	-	False	True	12	1	36	49	True
Zm00001eb289950	chr6	-	False	True	11	2	19	32	True
Zm00001eb289970	chr6	-	False	True	7	2	31	40	True
Zm00001eb289990	chr6	+	False	True	11	1	23	35	True
Zm00001eb290050	chr6	+	False	True	7	1	13	21	True
Zm00001eb290120	chr6	+	False	True	2	0	1	3	True
Zm00001eb290130	chr6	-	False	True	3	0	31	34	True
Zm00001eb290300	chr6	-	False	True	12	1	25	38	True
Zm00001eb290310	chr6	+	False	True	11	1	24	36	True
Zm00001eb290320	chr6	+	False	True	0	0	1	1	True
Zm00001eb290480	chr6	+	False	True	10	0	8	18	True
Zm00001eb290570	chr6	+	False	True	1	0	4	5	True
Zm00001eb290650	chr6	+	False	True	7	1	16	24	True
Zm00001eb290700	chr6	+	False	True	0	0	0	0	False
Zm00001eb290720	chr6	+	False	True	0	0	10	10	True
Zm00001eb290730	chr6	-	False	True	4	1	35	40	True
Zm00001eb290750	chr6	-	False	True	3	0	3	6	True
Zm00001eb290780	chr6	+	False	True	6	1	14	21	True
Zm00001eb290800	chr6	+	False	True	5	0	12	17	True
Zm00001eb290900	chr6	-	False	True	4	0	6	10	True
Zm00001eb290910	chr6	-	False	True	7	0	33	40	True
Zm00001eb290920	chr6	+	False	True	0	0	1	1	True
Zm00001eb290940	chr6	+	False	True	8	0	62	70	True
Zm00001eb290980	chr6	+	False	True	3	1	8	12	True
Zm00001eb290990	chr6	-	False	True	4	1	6	11	True
Zm00001eb291070	chr6	-	False	True	8	0	28	36	True
Zm00001eb291100	chr6	+	False	True	2	1	10	13	True
Zm00001eb291130	chr6	+	False	True	23	0	26	49	True
Zm00001eb291140	chr6	-	False	True	0	0	2	2	True
Zm00001eb291160	chr6	+	False	True	5	1	12	18	True
Zm00001eb291170	chr6	+	False	True	0	0	0	0	False
Zm00001eb291180	chr6	+	False	True	1	0	16	17	True
Zm00001eb291190	chr6	-	False	True	14	1	9	24	True
Zm00001eb291200	chr6	-	False	True	3	1	11	15	True
Zm00001eb291240	chr6	+	False	True	2	1	18	21	True
Zm00001eb291250	chr6	+	False	True	8	0	25	33	True
Zm00001eb291260	chr6	-	False	True	11	2	50	63	True
Zm00001eb291270	chr6	-	False	True	11	0	24	35	True
Zm00001eb291290	chr6	-	False	True	2	1	9	12	True
Zm00001eb291310	chr6	-	False	True	5	0	10	15	True
Zm00001eb291320	chr6	-	False	True	3	2	28	33	True
Zm00001eb291340	chr6	-	False	True	8	0	30	38	True
Zm00001eb291350	chr6	-	False	True	11	1	14	26	True
Zm00001eb291360	chr6	-	False	True	5	1	12	18	True
Zm00001eb291380	chr6	+	False	True	0	0	28	28	True
Zm00001eb291410	chr6	+	False	True	2	0	8	10	True
Zm00001eb291460	chr6	+	False	True	9	0	19	28	True
Zm00001eb291470	chr6	+	False	True	2	0	19	21	True
Zm00001eb291480	chr6	-	False	True	5	1	14	20	True
Zm00001eb291530	chr6	+	False	True	2	1	19	22	True
Zm00001eb291590	chr6	+	False	True	2	0	15	17	True
Zm00001eb291600	chr6	+	False	True	4	0	0	4	True
Zm00001eb291610	chr6	-	False	True	3	2	14	19	True
Zm00001eb291630	chr6	+	False	True	1	1	5	7	True
Zm00001eb291640	chr6	+	False	True	4	0	13	17	True
Zm00001eb291660	chr6	+	False	True	9	0	25	34	True
Zm00001eb291670	chr6	-	False	True	8	1	22	31	True
Zm00001eb291730	chr6	-	False	True	16	0	24	40	True
Zm00001eb291750	chr6	-	False	True	0	0	4	4	True
Zm00001eb291760	chr6	-	False	True	1	0	5	6	True
Zm00001eb291800	chr6	-	False	True	5	0	39	44	True
Zm00001eb291810	chr6	+	True	False	12	0	48	60	True
Zm00001eb291820	chr6	-	False	True	12	1	42	55	True
Zm00001eb291870	chr6	-	False	True	0	1	12	13	True
Zm00001eb291900	chr6	-	False	True	3	1	12	16	True
Zm00001eb291920	chr6	+	False	True	4	1	9	14	True
Zm00001eb291980	chr6	+	False	True	0	0	2	2	True
Zm00001eb292010	chr6	+	False	True	1	0	9	10	True
Zm00001eb292050	chr6	-	False	True	1	0	0	1	True
Zm00001eb292060	chr6	-	False	True	3	3	22	28	True
Zm00001eb292100	chr6	-	False	True	5	0	15	20	True
Zm00001eb292200	chr6	+	False	True	10	1	31	42	True
Zm00001eb292230	chr6	+	False	True	3	0	13	16	True
Zm00001eb292250	chr6	+	False	True	4	1	33	38	True
Zm00001eb292270	chr6	-	False	True	2	0	1	3	True
Zm00001eb292290	chr6	+	False	True	4	0	10	14	True
Zm00001eb292310	chr6	+	True	False	6	1	18	25	True
Zm00001eb292320	chr6	+	False	True	3	0	13	16	True
Zm00001eb292340	chr6	+	False	True	6	2	16	24	True
Zm00001eb292350	chr6	+	False	True	2	0	18	20	True
Zm00001eb292360	chr6	+	False	True	2	1	16	19	True
Zm00001eb292370	chr6	+	False	True	7	2	27	36	True
Zm00001eb292380	chr6	-	False	True	2	1	7	10	True
Zm00001eb292410	chr6	-	False	True	3	2	4	9	True
Zm00001eb292430	chr6	+	False	True	0	0	3	3	True
Zm00001eb292440	chr6	-	False	True	2	0	5	7	True
Zm00001eb292450	chr6	+	False	True	1	0	2	3	True
Zm00001eb292510	chr6	-	False	True	8	1	29	38	True
Zm00001eb292520	chr6	-	False	True	7	0	22	29	True
Zm00001eb292530	chr6	+	False	True	6	1	39	46	True
Zm00001eb292540	chr6	+	False	True	8	2	22	32	True
Zm00001eb292590	chr6	+	False	True	8	0	10	18	True
Zm00001eb292620	chr6	+	False	True	5	1	33	39	True
Zm00001eb292650	chr6	-	False	True	3	0	15	18	True
Zm00001eb292660	chr6	-	False	True	7	0	25	32	True
Zm00001eb292700	chr6	+	False	True	2	0	7	9	True
Zm00001eb292710	chr6	+	False	True	1	0	5	6	True
Zm00001eb292720	chr6	-	False	True	9	0	24	33	True
Zm00001eb292730	chr6	-	False	True	3	2	13	18	True
Zm00001eb292740	chr6	+	False	True	2	0	4	6	True
Zm00001eb292750	chr6	-	False	True	7	2	37	46	True
Zm00001eb292760	chr6	+	False	True	7	0	19	26	True
Zm00001eb292770	chr6	+	False	True	13	0	26	39	True
Zm00001eb292830	chr6	+	False	True	7	0	23	30	True
Zm00001eb292840	chr6	-	False	True	1	0	15	16	True
Zm00001eb293010	chr6	-	True	False	8	1	13	22	True
Zm00001eb293030	chr6	-	False	True	1	0	0	1	True
Zm00001eb293110	chr6	+	False	True	2	0	13	15	True
Zm00001eb293130	chr6	-	False	True	1	0	0	1	True
Zm00001eb293150	chr6	-	False	True	4	0	16	20	True
Zm00001eb293160	chr6	+	False	True	4	1	12	17	True
Zm00001eb293170	chr6	-	False	True	2	2	2	6	True
Zm00001eb293180	chr6	+	False	True	1	0	4	5	True
Zm00001eb293190	chr6	-	False	True	18	2	26	46	True
Zm00001eb293240	chr6	+	False	True	5	0	11	16	True
Zm00001eb293260	chr6	+	False	True	8	1	39	48	True
Zm00001eb293300	chr6	+	False	True	13	0	36	49	True
Zm00001eb293310	chr6	+	True	False	2	0	27	29	True
Zm00001eb293340	chr6	-	False	True	0	0	0	0	False
Zm00001eb293360	chr6	+	False	True	0	0	1	1	True
Zm00001eb293370	chr6	+	False	True	3	0	5	8	True
Zm00001eb293430	chr6	+	False	True	11	0	26	37	True
Zm00001eb293440	chr6	+	False	True	11	1	58	70	True
Zm00001eb293450	chr6	+	False	True	0	1	1	2	True
Zm00001eb293460	chr6	-	False	True	9	1	21	31	True
Zm00001eb293490	chr6	-	False	True	0	1	2	3	True
Zm00001eb293520	chr6	-	False	True	0	0	1	1	True
Zm00001eb293530	chr6	-	False	True	5	0	5	10	True
Zm00001eb293540	chr6	-	False	True	0	0	2	2	True
Zm00001eb293550	chr6	-	False	True	1	1	4	6	True
Zm00001eb293560	chr6	+	False	True	0	1	27	28	True
Zm00001eb293610	chr6	+	False	True	13	0	24	37	True
Zm00001eb293660	chr6	+	False	True	4	0	20	24	True
Zm00001eb293670	chr6	-	False	True	3	0	2	5	True
Zm00001eb293710	chr6	-	False	True	0	0	13	13	True
Zm00001eb293720	chr6	+	False	True	8	0	26	34	True
Zm00001eb293730	chr6	-	False	True	0	0	0	0	False
Zm00001eb293740	chr6	-	False	True	5	0	10	15	True
Zm00001eb293750	chr6	+	False	True	5	0	24	29	True
Zm00001eb293760	chr6	+	False	True	9	0	20	29	True
Zm00001eb293770	chr6	-	False	True	4	0	10	14	True
Zm00001eb293780	chr6	+	False	True	5	0	17	22	True
Zm00001eb293800	chr6	+	False	True	13	0	35	48	True
Zm00001eb293810	chr6	+	False	True	0	0	6	6	True
Zm00001eb293860	chr6	-	False	True	0	0	0	0	False
Zm00001eb293900	chr6	-	False	True	0	1	3	4	True
Zm00001eb293940	chr6	+	False	True	5	1	14	20	True
Zm00001eb294000	chr6	+	False	True	4	0	9	13	True
Zm00001eb294010	chr6	-	False	True	0	0	0	0	False
Zm00001eb294180	chr6	+	False	True	3	0	1	4	True
Zm00001eb294190	chr6	+	False	True	3	1	17	21	True
Zm00001eb294200	chr6	-	False	True	10	1	25	36	True
Zm00001eb294210	chr6	-	False	True	0	0	0	0	False
Zm00001eb294220	chr6	-	False	True	2	0	6	8	True
Zm00001eb294230	chr6	+	False	True	0	1	2	3	True
Zm00001eb294240	chr6	+	False	True	1	1	4	6	True
Zm00001eb294250	chr6	-	False	True	0	0	12	12	True
Zm00001eb294280	chr6	+	False	True	1	0	5	6	True
Zm00001eb294290	chr6	-	False	True	3	0	14	17	True
Zm00001eb294310	chr6	-	False	True	1	1	0	2	True
Zm00001eb294330	chr6	+	False	True	5	0	24	29	True
Zm00001eb294350	chr6	-	False	True	12	1	55	68	True
Zm00001eb294370	chr6	+	False	True	2	0	6	8	True
Zm00001eb294430	chr6	-	False	True	7	0	10	17	True
Zm00001eb294440	chr6	+	True	False	14	2	19	35	True
Zm00001eb294490	chr6	+	False	True	6	2	14	22	True
Zm00001eb294550	chr6	+	False	True	1	0	13	14	True
Zm00001eb294580	chr6	+	False	True	0	0	0	0	False
Zm00001eb294590	chr6	-	False	True	4	0	3	7	True
Zm00001eb294620	chr6	-	False	True	5	1	13	19	True
Zm00001eb294640	chr6	-	False	True	5	0	11	16	True
Zm00001eb294650	chr6	+	False	True	5	0	11	16	True
Zm00001eb294690	chr6	-	False	True	6	1	27	34	True
Zm00001eb294700	chr6	-	False	True	6	2	17	25	True
Zm00001eb294720	chr6	-	False	True	2	0	21	23	True
Zm00001eb294740	chr6	-	False	True	3	1	19	23	True
Zm00001eb294780	chr6	+	False	True	2	0	3	5	True
Zm00001eb294790	chr6	+	False	True	6	0	31	37	True
Zm00001eb294800	chr6	+	False	True	5	0	24	29	True
Zm00001eb294870	chr6	+	False	True	6	0	15	21	True
Zm00001eb294880	chr6	+	False	True	16	0	42	58	True
Zm00001eb294900	chr6	+	False	True	9	0	40	49	True
Zm00001eb294920	chr6	+	False	True	8	0	40	48	True
Zm00001eb294930	chr6	+	False	True	1	0	3	4	True
Zm00001eb294960	chr6	+	False	True	1	1	10	12	True
Zm00001eb294990	chr6	+	False	True	0	0	0	0	False
Zm00001eb295010	chr6	+	False	True	7	0	10	17	True
Zm00001eb295030	chr6	-	False	True	2	1	5	8	True
Zm00001eb295040	chr6	-	False	True	6	1	6	13	True
Zm00001eb295050	chr6	-	False	True	7	0	21	28	True
Zm00001eb295060	chr6	+	False	True	3	0	18	21	True
Zm00001eb295070	chr6	+	False	True	4	0	8	12	True
Zm00001eb295080	chr6	+	False	True	5	0	15	20	True
Zm00001eb295090	chr6	-	False	True	0	0	1	1	True
Zm00001eb295120	chr6	+	False	True	9	0	10	19	True
Zm00001eb295130	chr6	+	False	True	0	0	0	0	False
Zm00001eb295170	chr6	+	False	True	8	0	5	13	True
Zm00001eb295180	chr6	-	False	True	7	1	17	25	True
Zm00001eb295310	chr6	+	False	True	7	2	30	39	True
Zm00001eb295320	chr6	-	False	True	4	1	17	22	True
Zm00001eb295350	chr6	+	False	True	8	1	25	34	True
Zm00001eb295360	chr6	-	False	True	3	0	10	13	True
Zm00001eb295370	chr6	+	False	True	3	0	9	12	True
Zm00001eb295380	chr6	+	False	True	2	1	20	23	True
Zm00001eb295390	chr6	-	False	True	1	0	0	1	True
Zm00001eb295460	chr6	+	False	True	1	0	2	3	True
Zm00001eb295470	chr6	-	False	True	18	0	13	31	True
Zm00001eb295480	chr6	-	False	True	2	0	8	10	True
Zm00001eb295490	chr6	-	False	True	4	0	8	12	True
Zm00001eb295500	chr6	-	False	True	2	1	43	46	True
Zm00001eb295510	chr6	-	False	True	3	1	10	14	True
Zm00001eb295520	chr6	-	False	True	2	0	11	13	True
Zm00001eb295550	chr6	-	False	True	1	0	22	23	True
Zm00001eb295590	chr6	+	False	True	0	0	0	0	False
Zm00001eb295600	chr6	-	False	True	5	0	16	21	True
Zm00001eb295610	chr6	+	False	True	3	0	12	15	True
Zm00001eb295630	chr6	+	False	True	3	1	11	15	True
Zm00001eb295670	chr6	-	False	True	11	0	13	24	True
Zm00001eb295690	chr6	-	False	True	14	0	17	31	True
Zm00001eb295740	chr6	+	False	True	14	2	35	51	True
Zm00001eb295750	chr6	-	False	True	8	0	11	19	True
Zm00001eb295800	chr6	-	False	True	14	1	25	40	True
Zm00001eb295820	chr6	-	False	True	10	0	57	67	True
Zm00001eb295890	chr6	+	False	True	5	0	14	19	True
Zm00001eb295900	chr6	+	True	False	12	1	26	39	True
Zm00001eb295910	chr6	-	False	True	14	1	9	24	True
Zm00001eb295940	chr6	+	False	True	1	0	8	9	True
Zm00001eb295950	chr6	+	False	True	6	0	20	26	True
Zm00001eb296000	chr6	-	False	True	3	0	25	28	True
Zm00001eb296010	chr6	-	False	True	1	2	7	10	True
Zm00001eb296050	chr6	+	False	True	1	1	10	12	True
Zm00001eb296060	chr6	-	False	True	4	0	8	12	True
Zm00001eb296070	chr6	-	False	True	3	1	4	8	True
Zm00001eb296080	chr6	-	False	True	2	0	14	16	True
Zm00001eb296090	chr6	+	False	True	6	0	15	21	True
Zm00001eb296160	chr6	+	False	True	5	0	38	43	True
Zm00001eb296170	chr6	+	False	True	1	0	4	5	True
Zm00001eb296190	chr6	+	False	True	2	1	8	11	True
Zm00001eb296200	chr6	+	False	True	2	3	19	24	True
Zm00001eb296220	chr6	+	False	True	16	0	15	31	True
Zm00001eb296230	chr6	-	False	True	5	0	12	17	True
Zm00001eb296280	chr6	+	False	True	2	0	5	7	True
Zm00001eb296290	chr6	-	False	True	3	1	17	21	True
Zm00001eb296300	chr6	+	False	True	5	0	47	52	True
Zm00001eb296320	chr6	+	False	True	4	0	19	23	True
Zm00001eb296340	chr6	+	False	True	6	0	17	23	True
Zm00001eb296350	chr6	+	False	True	8	1	8	17	True
Zm00001eb296400	chr6	+	True	False	4	0	18	22	True
Zm00001eb296410	chr6	-	False	True	9	2	69	80	True
Zm00001eb296420	chr6	-	False	True	9	1	7	17	True
Zm00001eb296430	chr6	-	False	True	8	0	6	14	True
Zm00001eb296480	chr6	-	False	True	5	0	13	18	True
Zm00001eb296510	chr6	+	False	True	16	1	15	32	True
Zm00001eb296550	chr6	-	False	True	10	1	33	44	True
Zm00001eb296560	chr6	-	False	True	2	0	6	8	True
Zm00001eb296600	chr6	+	False	True	5	0	7	12	True
Zm00001eb296650	chr6	-	False	True	10	1	42	53	True
Zm00001eb296670	chr6	-	False	True	4	0	13	17	True
Zm00001eb296680	chr6	-	False	True	2	0	10	12	True
Zm00001eb296690	chr6	+	False	True	10	0	33	43	True
Zm00001eb296700	chr6	-	False	True	9	2	26	37	True
Zm00001eb296740	chr6	-	False	True	3	1	2	6	True
Zm00001eb296750	chr6	+	False	True	7	0	35	42	True
Zm00001eb296760	chr6	-	False	True	4	0	12	16	True
Zm00001eb296840	chr6	-	False	True	3	0	4	7	True
Zm00001eb296870	chr6	+	False	True	6	1	13	20	True
Zm00001eb296950	chr6	+	False	True	0	0	0	0	False
Zm00001eb296990	chr6	+	False	True	0	0	0	0	False
Zm00001eb297030	chr6	+	False	True	1	0	1	2	True
Zm00001eb297110	chr6	-	False	True	9	0	10	19	True
Zm00001eb297120	chr6	-	False	True	2	0	0	2	True
Zm00001eb297160	chr6	+	False	True	2	1	11	14	True
Zm00001eb297170	chr6	+	False	True	0	0	5	5	True
Zm00001eb297180	chr6	+	False	True	5	0	6	11	True
Zm00001eb297190	chr6	+	False	True	6	1	16	23	True
Zm00001eb297230	chr6	+	False	True	3	0	3	6	True
Zm00001eb297240	chr6	+	False	True	3	0	12	15	True
Zm00001eb297250	chr6	-	False	True	3	0	8	11	True
Zm00001eb297260	chr6	-	False	True	0	0	12	12	True
Zm00001eb297270	chr6	-	False	True	3	1	17	21	True
Zm00001eb297280	chr6	-	False	True	3	0	20	23	True
Zm00001eb297300	chr6	+	False	True	0	1	0	1	True
Zm00001eb297310	chr6	-	False	True	6	1	6	13	True
Zm00001eb297320	chr6	-	False	True	11	1	38	50	True
Zm00001eb297330	chr6	-	False	True	3	1	4	8	True
Zm00001eb297340	chr6	+	False	True	2	1	11	14	True
Zm00001eb297390	chr6	+	False	True	4	0	7	11	True
Zm00001eb297410	chr6	+	False	True	13	0	11	24	True
Zm00001eb297420	chr6	-	False	True	0	0	0	0	False
Zm00001eb297490	chr6	-	False	True	6	2	40	48	True
Zm00001eb297540	chr6	-	False	True	7	1	7	15	True
Zm00001eb297550	chr6	+	False	True	12	0	8	20	True
Zm00001eb297560	chr6	-	False	True	11	2	20	33	True
Zm00001eb297570	chr6	+	False	True	0	0	13	13	True
Zm00001eb297590	chr6	-	False	True	1	0	5	6	True
Zm00001eb297610	chr6	-	False	True	2	1	6	9	True
Zm00001eb297620	chr6	+	False	True	5	1	21	27	True
Zm00001eb297640	chr6	+	False	True	0	1	4	5	True
Zm00001eb297740	chr6	+	False	True	3	0	5	8	True
Zm00001eb297760	chr6	-	False	True	2	0	13	15	True
Zm00001eb297840	chr6	+	False	True	3	0	6	9	True
Zm00001eb297860	chr6	+	False	True	10	1	6	17	True
Zm00001eb297870	chr6	-	False	True	5	0	23	28	True
Zm00001eb297880	chr6	+	False	True	1	0	26	27	True
Zm00001eb297970	chr7	+	False	True	0	0	9	9	True
Zm00001eb297980	chr7	+	False	True	2	0	3	5	True
Zm00001eb297990	chr7	-	False	True	2	0	2	4	True
Zm00001eb298040	chr7	+	False	True	0	0	0	0	False
Zm00001eb298130	chr7	-	False	True	8	1	14	23	True
Zm00001eb298140	chr7	-	False	True	0	0	0	0	False
Zm00001eb298180	chr7	-	False	True	4	0	19	23	True
Zm00001eb298270	chr7	+	False	True	8	0	21	29	True
Zm00001eb298290	chr7	-	False	True	9	1	41	51	True
Zm00001eb298300	chr7	+	False	True	0	0	1	1	True
Zm00001eb298310	chr7	-	False	True	2	0	5	7	True
Zm00001eb298320	chr7	-	False	True	2	0	11	13	True
Zm00001eb298350	chr7	+	False	True	11	0	73	84	True
Zm00001eb298370	chr7	-	False	True	2	0	5	7	True
Zm00001eb298400	chr7	+	False	True	7	0	21	28	True
Zm00001eb298410	chr7	+	False	True	5	1	24	30	True
Zm00001eb298440	chr7	-	False	True	0	0	3	3	True
Zm00001eb298450	chr7	+	False	True	0	0	4	4	True
Zm00001eb298460	chr7	-	False	True	1	0	1	2	True
Zm00001eb298470	chr7	-	False	True	0	0	6	6	True
Zm00001eb298490	chr7	-	False	True	8	2	12	22	True
Zm00001eb298560	chr7	-	False	True	0	0	0	0	False
Zm00001eb298600	chr7	-	False	True	3	1	18	22	True
Zm00001eb298610	chr7	-	False	True	12	0	23	35	True
Zm00001eb298620	chr7	-	False	True	2	1	8	11	True
Zm00001eb298660	chr7	+	False	True	11	0	38	49	True
Zm00001eb298670	chr7	+	False	True	8	0	24	32	True
Zm00001eb298700	chr7	-	False	True	3	0	19	22	True
Zm00001eb298830	chr7	+	False	True	1	0	8	9	True
Zm00001eb298940	chr7	-	False	True	5	2	16	23	True
Zm00001eb298950	chr7	-	False	True	5	1	14	20	True
Zm00001eb298990	chr7	-	False	True	6	0	16	22	True
Zm00001eb299000	chr7	-	False	True	2	1	13	16	True
Zm00001eb299190	chr7	-	False	True	9	2	19	30	True
Zm00001eb299230	chr7	-	False	True	7	0	16	23	True
Zm00001eb299240	chr7	-	False	True	4	0	12	16	True
Zm00001eb299250	chr7	-	False	True	2	0	1	3	True
Zm00001eb299290	chr7	+	False	True	0	0	6	6	True
Zm00001eb299310	chr7	-	False	True	4	1	14	19	True
Zm00001eb299340	chr7	+	False	True	7	0	30	37	True
Zm00001eb299370	chr7	+	False	True	9	1	22	32	True
Zm00001eb299510	chr7	-	False	True	0	0	3	3	True
Zm00001eb299530	chr7	+	False	True	1	0	0	1	True
Zm00001eb299540	chr7	+	False	True	4	0	35	39	True
Zm00001eb299550	chr7	+	False	True	1	0	13	14	True
Zm00001eb299670	chr7	+	False	True	2	0	3	5	True
Zm00001eb299750	chr7	-	False	True	12	0	29	41	True
Zm00001eb299760	chr7	-	True	False	2	0	11	13	True
Zm00001eb299860	chr7	-	False	True	16	0	42	58	True
Zm00001eb299950	chr7	-	False	True	6	1	25	32	True
Zm00001eb299960	chr7	-	False	True	4	2	11	17	True
Zm00001eb299970	chr7	+	False	True	9	1	17	27	True
Zm00001eb299980	chr7	-	False	True	2	0	18	20	True
Zm00001eb299990	chr7	+	False	True	4	0	11	15	True
Zm00001eb300000	chr7	-	False	True	3	0	17	20	True
Zm00001eb300010	chr7	-	False	True	11	0	33	44	True
Zm00001eb300130	chr7	+	False	True	6	1	19	26	True
Zm00001eb300160	chr7	-	False	True	5	2	28	35	True
Zm00001eb300220	chr7	-	False	True	1	1	27	29	True
Zm00001eb300250	chr7	+	False	True	8	0	22	30	True
Zm00001eb300260	chr7	-	False	True	1	0	12	13	True
Zm00001eb300270	chr7	+	False	True	1	0	13	14	True
Zm00001eb300280	chr7	+	False	True	1	0	0	1	True
Zm00001eb300320	chr7	+	False	True	0	0	1	1	True
Zm00001eb300350	chr7	+	False	True	0	0	8	8	True
Zm00001eb300400	chr7	+	False	True	2	0	8	10	True
Zm00001eb300410	chr7	+	False	True	0	0	5	5	True
Zm00001eb300480	chr7	-	False	True	3	1	15	19	True
Zm00001eb300510	chr7	-	False	True	1	0	1	2	True
Zm00001eb300630	chr7	-	False	True	13	1	32	46	True
Zm00001eb300680	chr7	-	False	True	3	1	33	37	True
Zm00001eb300710	chr7	-	False	True	6	0	8	14	True
Zm00001eb300770	chr7	-	False	True	18	0	21	39	True
Zm00001eb300780	chr7	-	False	True	1	1	50	52	True
Zm00001eb300870	chr7	+	False	True	2	0	6	8	True
Zm00001eb300890	chr7	-	False	True	4	0	8	12	True
Zm00001eb300900	chr7	-	False	True	1	1	1	3	True
Zm00001eb300930	chr7	+	False	True	0	0	6	6	True
Zm00001eb300940	chr7	+	False	True	0	1	7	8	True
Zm00001eb300950	chr7	-	False	True	2	1	15	18	True
Zm00001eb300960	chr7	+	False	True	13	1	29	43	True
Zm00001eb300970	chr7	-	False	True	6	2	14	22	True
Zm00001eb300990	chr7	+	False	True	4	0	3	7	True
Zm00001eb301000	chr7	-	False	True	4	1	17	22	True
Zm00001eb301030	chr7	+	False	True	0	1	1	2	True
Zm00001eb301040	chr7	+	False	True	5	0	12	17	True
Zm00001eb301050	chr7	+	False	True	0	0	1	1	True
Zm00001eb301060	chr7	-	False	True	2	0	2	4	True
Zm00001eb301070	chr7	+	False	True	1	0	0	1	True
Zm00001eb301130	chr7	+	False	True	2	0	1	3	True
Zm00001eb301150	chr7	-	False	True	3	1	19	23	True
Zm00001eb301160	chr7	-	False	True	9	1	7	17	True
Zm00001eb301200	chr7	+	False	True	4	0	7	11	True
Zm00001eb301210	chr7	-	False	True	5	2	11	18	True
Zm00001eb301240	chr7	-	False	True	6	2	20	28	True
Zm00001eb301250	chr7	+	False	True	6	0	14	20	True
Zm00001eb301260	chr7	+	False	True	0	1	0	1	True
Zm00001eb301280	chr7	-	False	True	0	0	1	1	True
Zm00001eb301300	chr7	+	False	True	3	1	8	12	True
Zm00001eb301310	chr7	+	False	True	0	0	0	0	False
Zm00001eb301320	chr7	-	False	True	6	1	12	19	True
Zm00001eb301330	chr7	-	False	True	6	0	35	41	True
Zm00001eb301420	chr7	+	False	True	12	2	55	69	True
Zm00001eb301430	chr7	+	False	True	0	0	3	3	True
Zm00001eb301440	chr7	+	False	True	2	1	11	14	True
Zm00001eb301450	chr7	+	False	True	2	1	3	6	True
Zm00001eb301520	chr7	-	False	True	4	2	13	19	True
Zm00001eb301540	chr7	+	False	True	1	0	1	2	True
Zm00001eb301590	chr7	-	False	True	10	1	18	29	True
Zm00001eb301720	chr7	-	False	True	6	2	26	34	True
Zm00001eb301890	chr7	+	False	True	0	0	0	0	False
Zm00001eb302140	chr7	-	True	False	3	1	11	15	True
Zm00001eb302190	chr7	+	False	True	1	0	0	1	True
Zm00001eb302200	chr7	+	False	True	1	0	1	2	True
Zm00001eb302210	chr7	-	False	True	0	0	1	1	True
Zm00001eb302280	chr7	+	False	True	6	0	12	18	True
Zm00001eb302310	chr7	+	False	True	1	0	5	6	True
Zm00001eb302330	chr7	+	False	True	0	0	0	0	False
Zm00001eb302350	chr7	+	True	False	4	2	6	12	True
Zm00001eb302360	chr7	+	False	True	9	0	43	52	True
Zm00001eb302370	chr7	+	False	True	3	0	10	13	True
Zm00001eb302390	chr7	-	False	True	1	0	2	3	True
Zm00001eb302400	chr7	+	True	False	0	1	0	1	True
Zm00001eb302520	chr7	+	False	True	1	0	1	2	True
Zm00001eb302760	chr7	+	True	False	0	1	1	2	True
Zm00001eb302810	chr7	+	False	True	5	1	26	32	True
Zm00001eb302830	chr7	+	False	True	1	0	12	13	True
Zm00001eb302880	chr7	-	False	True	1	0	24	25	True
Zm00001eb302950	chr7	+	False	True	6	0	10	16	True
Zm00001eb302980	chr7	-	False	True	1	0	7	8	True
Zm00001eb303030	chr7	+	False	True	5	2	22	29	True
Zm00001eb303040	chr7	-	False	True	1	0	0	1	True
Zm00001eb303060	chr7	-	False	True	2	0	3	5	True
Zm00001eb303080	chr7	+	False	True	1	1	2	4	True
Zm00001eb303090	chr7	-	False	True	8	1	58	67	True
Zm00001eb303110	chr7	-	False	True	0	1	0	1	True
Zm00001eb303190	chr7	+	False	True	6	1	26	33	True
Zm00001eb303210	chr7	-	False	True	11	0	35	46	True
Zm00001eb303220	chr7	+	False	True	6	1	21	28	True
Zm00001eb303240	chr7	+	False	True	8	0	23	31	True
Zm00001eb303280	chr7	-	False	True	10	0	40	50	True
Zm00001eb303290	chr7	-	False	True	7	1	17	25	True
Zm00001eb303350	chr7	+	True	False	1	0	10	11	True
Zm00001eb303360	chr7	-	True	False	2	1	13	16	True
Zm00001eb303380	chr7	-	False	True	2	0	42	44	True
Zm00001eb303400	chr7	+	False	True	2	0	11	13	True
Zm00001eb303420	chr7	+	False	True	0	0	14	14	True
Zm00001eb303530	chr7	+	False	True	4	0	26	30	True
Zm00001eb303540	chr7	+	False	True	4	0	24	28	True
Zm00001eb303580	chr7	+	False	True	2	0	6	8	True
Zm00001eb303680	chr7	+	False	True	8	1	38	47	True
Zm00001eb303690	chr7	-	False	True	7	0	38	45	True
Zm00001eb303700	chr7	-	False	True	14	1	34	49	True
Zm00001eb303730	chr7	-	False	True	10	1	40	51	True
Zm00001eb303740	chr7	+	False	True	0	0	0	0	False
Zm00001eb303750	chr7	+	False	True	0	0	2	2	True
Zm00001eb303760	chr7	-	False	True	1	0	0	1	True
Zm00001eb303780	chr7	+	False	True	2	0	13	15	True
Zm00001eb303790	chr7	-	False	True	1	4	16	21	True
Zm00001eb303830	chr7	+	False	True	1	0	3	4	True
Zm00001eb303850	chr7	-	False	True	8	2	21	31	True
Zm00001eb303910	chr7	-	False	True	6	1	14	21	True
Zm00001eb303930	chr7	-	False	True	3	0	67	70	True
Zm00001eb304020	chr7	-	False	True	5	1	6	12	True
Zm00001eb304040	chr7	-	False	True	7	0	16	23	True
Zm00001eb304080	chr7	-	False	True	10	1	13	24	True
Zm00001eb304160	chr7	+	False	True	6	0	23	29	True
Zm00001eb304170	chr7	-	False	True	10	0	36	46	True
Zm00001eb304250	chr7	+	False	True	9	0	17	26	True
Zm00001eb304280	chr7	+	False	True	4	2	32	38	True
Zm00001eb304290	chr7	-	False	True	4	3	29	36	True
Zm00001eb304320	chr7	-	False	True	0	0	0	0	False
Zm00001eb304510	chr7	-	False	True	1	0	4	5	True
Zm00001eb304520	chr7	+	False	True	9	0	21	30	True
Zm00001eb304530	chr7	+	True	False	8	1	19	28	True
Zm00001eb304560	chr7	+	False	True	0	1	3	4	True
Zm00001eb304610	chr7	-	False	True	1	1	10	12	True
Zm00001eb304740	chr7	+	False	True	13	1	62	76	True
Zm00001eb304750	chr7	+	False	True	5	1	15	21	True
Zm00001eb304770	chr7	+	False	True	7	1	60	68	True
Zm00001eb304780	chr7	-	False	True	6	2	14	22	True
Zm00001eb304970	chr7	+	False	True	2	0	10	12	True
Zm00001eb304990	chr7	+	False	True	4	1	8	13	True
Zm00001eb305060	chr7	+	False	True	5	0	6	11	True
Zm00001eb305120	chr7	+	False	True	0	0	0	0	False
Zm00001eb305170	chr7	+	False	True	3	0	9	12	True
Zm00001eb305190	chr7	+	False	True	2	0	3	5	True
Zm00001eb305320	chr7	+	False	True	0	0	2	2	True
Zm00001eb305330	chr7	-	False	True	5	2	30	37	True
Zm00001eb305380	chr7	+	False	True	3	1	15	19	True
Zm00001eb305390	chr7	-	False	True	3	2	7	12	True
Zm00001eb305410	chr7	+	False	True	1	1	3	5	True
Zm00001eb305460	chr7	-	False	True	9	0	29	38	True
Zm00001eb305490	chr7	-	False	True	10	1	26	37	True
Zm00001eb305570	chr7	+	False	True	7	1	22	30	True
Zm00001eb305590	chr7	+	False	True	9	1	40	50	True
Zm00001eb305600	chr7	-	False	True	4	0	14	18	True
Zm00001eb305640	chr7	-	False	True	6	2	8	16	True
Zm00001eb305710	chr7	-	False	True	5	0	13	18	True
Zm00001eb305750	chr7	+	False	True	1	0	0	1	True
Zm00001eb305760	chr7	+	False	True	0	0	1	1	True
Zm00001eb305840	chr7	+	False	True	0	1	3	4	True
Zm00001eb305860	chr7	-	False	True	1	1	8	10	True
Zm00001eb305940	chr7	+	False	True	0	0	4	4	True
Zm00001eb305960	chr7	+	False	True	0	0	0	0	False
Zm00001eb306000	chr7	+	False	True	13	0	14	27	True
Zm00001eb306070	chr7	+	False	True	0	0	1	1	True
Zm00001eb306140	chr7	-	False	True	6	0	12	18	True
Zm00001eb306200	chr7	+	False	True	9	0	19	28	True
Zm00001eb306210	chr7	-	False	True	8	1	11	20	True
Zm00001eb306220	chr7	+	False	True	0	0	0	0	False
Zm00001eb306280	chr7	-	False	True	8	3	28	39	True
Zm00001eb306290	chr7	-	False	True	10	0	35	45	True
Zm00001eb306360	chr7	-	False	True	1	0	2	3	True
Zm00001eb306380	chr7	-	False	True	0	0	0	0	False
Zm00001eb306400	chr7	-	False	True	3	0	11	14	True
Zm00001eb306410	chr7	-	False	True	1	1	6	8	True
Zm00001eb306430	chr7	+	False	True	0	1	5	6	True
Zm00001eb306470	chr7	-	False	True	4	1	8	13	True
Zm00001eb306480	chr7	-	False	True	2	0	21	23	True
Zm00001eb306520	chr7	+	False	True	2	0	2	4	True
Zm00001eb306530	chr7	+	False	True	0	0	7	7	True
Zm00001eb306550	chr7	+	False	True	1	1	12	14	True
Zm00001eb306570	chr7	+	False	True	3	0	10	13	True
Zm00001eb306580	chr7	-	False	True	7	0	12	19	True
Zm00001eb306650	chr7	-	False	True	0	0	9	9	True
Zm00001eb306670	chr7	+	False	True	3	0	6	9	True
Zm00001eb306680	chr7	+	False	True	1	1	4	6	True
Zm00001eb306700	chr7	-	False	True	1	0	15	16	True
Zm00001eb306760	chr7	+	False	True	1	2	3	6	True
Zm00001eb306790	chr7	-	False	True	4	1	11	16	True
Zm00001eb306800	chr7	-	False	True	1	1	5	7	True
Zm00001eb306870	chr7	+	False	True	0	1	0	1	True
Zm00001eb306900	chr7	+	False	True	0	0	0	0	False
Zm00001eb306910	chr7	-	False	True	4	0	10	14	True
Zm00001eb306930	chr7	-	False	True	0	0	13	13	True
Zm00001eb306940	chr7	-	False	True	0	0	7	7	True
Zm00001eb306980	chr7	-	False	True	1	0	11	12	True
Zm00001eb307010	chr7	-	False	True	2	0	12	14	True
Zm00001eb307270	chr7	+	False	True	3	1	13	17	True
Zm00001eb307280	chr7	+	False	True	0	0	8	8	True
Zm00001eb307330	chr7	-	False	True	1	0	5	6	True
Zm00001eb307360	chr7	+	False	True	1	0	7	8	True
Zm00001eb307400	chr7	+	False	True	2	0	10	12	True
Zm00001eb307410	chr7	-	False	True	2	0	10	12	True
Zm00001eb307460	chr7	+	False	True	1	0	9	10	True
Zm00001eb307470	chr7	+	False	True	1	0	10	11	True
Zm00001eb307480	chr7	+	False	True	1	0	11	12	True
Zm00001eb307520	chr7	-	False	True	2	0	6	8	True
Zm00001eb307680	chr7	-	False	True	0	0	5	5	True
Zm00001eb307770	chr7	-	False	True	0	0	0	0	False
Zm00001eb307790	chr7	+	False	True	0	0	3	3	True
Zm00001eb307860	chr7	-	False	True	0	1	3	4	True
Zm00001eb307870	chr7	+	False	True	0	0	8	8	True
Zm00001eb308000	chr7	-	False	True	1	0	15	16	True
Zm00001eb308150	chr7	-	False	True	0	1	1	2	True
Zm00001eb308280	chr7	+	False	True	0	0	4	4	True
Zm00001eb308290	chr7	-	False	True	1	0	2	3	True
Zm00001eb308340	chr7	-	False	True	0	0	1	1	True
Zm00001eb308350	chr7	+	False	True	0	0	0	0	False
Zm00001eb308400	chr7	+	False	True	0	0	1	1	True
Zm00001eb308480	chr7	-	False	True	0	0	1	1	True
Zm00001eb308540	chr7	-	False	True	0	0	0	0	False
Zm00001eb308560	chr7	-	False	True	0	0	0	0	False
Zm00001eb308660	chr7	-	False	True	3	1	11	15	True
Zm00001eb308670	chr7	+	False	True	0	1	2	3	True
Zm00001eb308690	chr7	+	False	True	11	0	24	35	True
Zm00001eb308950	chr7	-	False	True	0	1	1	2	True
Zm00001eb308980	chr7	+	False	True	7	1	32	40	True
Zm00001eb308990	chr7	-	False	True	5	0	13	18	True
Zm00001eb309010	chr7	-	False	True	1	1	5	7	True
Zm00001eb309080	chr7	+	False	True	0	0	2	2	True
Zm00001eb309240	chr7	+	False	True	3	0	13	16	True
Zm00001eb309260	chr7	-	False	True	9	0	20	29	True
Zm00001eb309300	chr7	+	False	True	2	0	20	22	True
Zm00001eb309320	chr7	-	False	True	4	1	22	27	True
Zm00001eb309350	chr7	-	False	True	7	1	23	31	True
Zm00001eb309360	chr7	+	False	True	1	1	16	18	True
Zm00001eb309370	chr7	+	False	True	4	0	0	4	True
Zm00001eb309390	chr7	-	False	True	0	1	1	2	True
Zm00001eb309420	chr7	+	False	True	2	0	0	2	True
Zm00001eb309450	chr7	-	False	True	4	0	17	21	True
Zm00001eb309480	chr7	+	False	True	3	0	13	16	True
Zm00001eb309580	chr7	+	False	True	2	1	5	8	True
Zm00001eb309600	chr7	-	False	True	0	1	0	1	True
Zm00001eb309620	chr7	-	False	True	5	0	20	25	True
Zm00001eb309630	chr7	+	False	True	4	0	32	36	True
Zm00001eb309660	chr7	-	False	True	4	1	4	9	True
Zm00001eb309730	chr7	-	False	True	3	0	11	14	True
Zm00001eb309970	chr7	+	False	True	0	0	0	0	False
Zm00001eb309980	chr7	-	False	True	5	0	27	32	True
Zm00001eb310180	chr7	-	False	True	3	1	17	21	True
Zm00001eb310220	chr7	+	False	True	6	0	22	28	True
Zm00001eb310230	chr7	-	False	True	7	1	12	20	True
Zm00001eb310270	chr7	+	False	True	7	0	8	15	True
Zm00001eb310290	chr7	-	False	True	6	0	31	37	True
Zm00001eb310370	chr7	+	False	True	1	1	4	6	True
Zm00001eb310400	chr7	-	False	True	0	0	8	8	True
Zm00001eb310410	chr7	-	False	True	2	0	7	9	True
Zm00001eb310450	chr7	+	False	True	5	0	8	13	True
Zm00001eb310480	chr7	+	False	True	1	0	10	11	True
Zm00001eb310490	chr7	-	False	True	1	1	10	12	True
Zm00001eb310520	chr7	-	False	True	1	0	0	1	True
Zm00001eb310530	chr7	+	False	True	4	2	13	19	True
Zm00001eb310550	chr7	+	False	True	2	1	9	12	True
Zm00001eb310560	chr7	-	False	True	3	1	16	20	True
Zm00001eb310620	chr7	-	False	True	3	1	16	20	True
Zm00001eb310700	chr7	-	False	True	0	0	6	6	True
Zm00001eb310710	chr7	-	False	True	2	1	12	15	True
Zm00001eb310730	chr7	+	False	True	4	0	19	23	True
Zm00001eb310770	chr7	+	False	True	9	1	24	34	True
Zm00001eb310810	chr7	+	False	True	0	0	0	0	False
Zm00001eb310820	chr7	-	False	True	2	0	17	19	True
Zm00001eb310830	chr7	+	False	True	6	0	25	31	True
Zm00001eb310840	chr7	+	False	True	0	1	10	11	True
Zm00001eb310860	chr7	-	False	True	1	0	3	4	True
Zm00001eb310960	chr7	+	False	True	0	0	3	3	True
Zm00001eb310970	chr7	+	False	True	2	0	0	2	True
Zm00001eb310980	chr7	-	False	True	6	1	22	29	True
Zm00001eb310990	chr7	-	False	True	2	1	7	10	True
Zm00001eb311000	chr7	+	False	True	1	0	4	5	True
Zm00001eb311150	chr7	+	False	True	2	0	5	7	True
Zm00001eb311230	chr7	-	False	True	0	1	2	3	True
Zm00001eb311250	chr7	+	False	True	5	0	16	21	True
Zm00001eb311260	chr7	+	False	True	1	0	9	10	True
Zm00001eb311320	chr7	-	False	True	0	0	1	1	True
Zm00001eb311430	chr7	+	False	True	0	1	10	11	True
Zm00001eb311620	chr7	+	False	True	0	0	6	6	True
Zm00001eb311660	chr7	+	False	True	1	1	4	6	True
Zm00001eb311680	chr7	+	False	True	6	0	12	18	True
Zm00001eb311700	chr7	+	False	True	7	3	32	42	True
Zm00001eb311750	chr7	-	False	True	4	0	11	15	True
Zm00001eb311780	chr7	-	False	True	2	0	27	29	True
Zm00001eb311790	chr7	+	False	True	1	1	7	9	True
Zm00001eb311800	chr7	-	False	True	5	1	55	61	True
Zm00001eb311850	chr7	+	False	True	3	0	3	6	True
Zm00001eb311860	chr7	+	False	True	4	1	15	20	True
Zm00001eb311870	chr7	-	False	True	9	1	11	21	True
Zm00001eb311900	chr7	-	False	True	3	0	3	6	True
Zm00001eb311920	chr7	-	False	True	20	0	15	35	True
Zm00001eb311940	chr7	-	False	True	3	1	10	14	True
Zm00001eb311950	chr7	+	False	True	3	1	32	36	True
Zm00001eb312010	chr7	+	False	True	0	0	0	0	False
Zm00001eb312020	chr7	+	False	True	1	0	2	3	True
Zm00001eb312040	chr7	-	False	True	10	0	29	39	True
Zm00001eb312070	chr7	-	False	True	10	2	17	29	True
Zm00001eb312080	chr7	-	False	True	7	4	31	42	True
Zm00001eb312110	chr7	+	False	True	9	0	9	18	True
Zm00001eb312170	chr7	-	False	True	1	0	4	5	True
Zm00001eb312180	chr7	-	False	True	2	0	22	24	True
Zm00001eb312210	chr7	-	False	True	2	0	7	9	True
Zm00001eb312280	chr7	+	False	True	0	0	1	1	True
Zm00001eb312360	chr7	-	False	True	0	0	1	1	True
Zm00001eb312390	chr7	-	False	True	7	1	27	35	True
Zm00001eb312420	chr7	-	False	True	2	0	17	19	True
Zm00001eb312470	chr7	+	False	True	5	0	8	13	True
Zm00001eb312480	chr7	-	False	True	5	1	25	31	True
Zm00001eb312490	chr7	+	False	True	3	1	14	18	True
Zm00001eb312590	chr7	-	False	True	9	1	24	34	True
Zm00001eb312600	chr7	+	False	True	3	0	6	9	True
Zm00001eb312620	chr7	-	False	True	4	0	6	10	True
Zm00001eb312640	chr7	+	False	True	6	1	31	38	True
Zm00001eb312810	chr7	-	False	True	10	0	35	45	True
Zm00001eb312820	chr7	+	False	True	2	0	12	14	True
Zm00001eb312870	chr7	-	False	True	10	0	45	55	True
Zm00001eb312900	chr7	-	False	True	7	3	21	31	True
Zm00001eb312910	chr7	+	False	True	1	0	0	1	True
Zm00001eb312980	chr7	-	False	True	17	1	83	101	True
Zm00001eb312990	chr7	+	False	True	0	0	0	0	False
Zm00001eb313000	chr7	+	True	False	12	1	53	66	True
Zm00001eb313030	chr7	+	False	True	0	1	2	3	True
Zm00001eb313260	chr7	-	False	True	2	1	1	4	True
Zm00001eb313300	chr7	+	False	True	5	0	6	11	True
Zm00001eb313310	chr7	-	False	True	4	0	9	13	True
Zm00001eb313320	chr7	+	False	True	0	1	0	1	True
Zm00001eb313370	chr7	+	False	True	3	2	16	21	True
Zm00001eb313460	chr7	+	False	True	7	1	20	28	True
Zm00001eb313500	chr7	-	False	True	1	0	0	1	True
Zm00001eb313510	chr7	+	False	True	2	0	2	4	True
Zm00001eb313540	chr7	+	False	True	3	1	0	4	True
Zm00001eb313720	chr7	+	False	True	0	0	2	2	True
Zm00001eb313730	chr7	+	False	True	5	2	38	45	True
Zm00001eb313760	chr7	+	False	True	1	0	1	2	True
Zm00001eb313820	chr7	-	False	True	2	0	7	9	True
Zm00001eb313950	chr7	+	False	True	5	1	21	27	True
Zm00001eb313960	chr7	+	False	True	0	1	0	1	True
Zm00001eb313970	chr7	-	False	True	11	0	35	46	True
Zm00001eb313980	chr7	+	False	True	0	0	0	0	False
Zm00001eb314010	chr7	-	False	True	11	0	7	18	True
Zm00001eb314020	chr7	+	False	True	2	0	22	24	True
Zm00001eb314040	chr7	+	False	True	3	0	17	20	True
Zm00001eb314050	chr7	-	False	True	0	0	4	4	True
Zm00001eb314090	chr7	+	False	True	1	0	4	5	True
Zm00001eb314130	chr7	+	False	True	0	0	1	1	True
Zm00001eb314220	chr7	+	False	True	0	0	1	1	True
Zm00001eb314240	chr7	-	False	True	4	1	9	14	True
Zm00001eb314260	chr7	+	False	True	0	0	4	4	True
Zm00001eb314300	chr7	-	False	True	5	1	27	33	True
Zm00001eb314340	chr7	+	False	True	10	0	24	34	True
Zm00001eb314380	chr7	-	False	True	4	1	17	22	True
Zm00001eb314430	chr7	+	False	True	1	0	5	6	True
Zm00001eb314470	chr7	+	False	True	0	0	0	0	False
Zm00001eb314490	chr7	+	True	False	1	0	0	1	True
Zm00001eb314500	chr7	-	False	True	0	0	0	0	False
Zm00001eb314510	chr7	-	False	True	0	1	10	11	True
Zm00001eb314540	chr7	+	False	True	0	0	6	6	True
Zm00001eb314590	chr7	+	False	True	0	1	6	7	True
Zm00001eb314600	chr7	-	False	True	0	0	1	1	True
Zm00001eb314610	chr7	-	False	True	4	0	6	10	True
Zm00001eb314620	chr7	+	False	True	0	0	3	3	True
Zm00001eb314630	chr7	+	False	True	2	1	17	20	True
Zm00001eb314690	chr7	-	False	True	10	1	32	43	True
Zm00001eb314700	chr7	-	False	True	4	2	10	16	True
Zm00001eb314710	chr7	+	False	True	0	0	8	8	True
Zm00001eb314720	chr7	-	False	True	4	0	7	11	True
Zm00001eb314890	chr7	+	False	True	9	0	10	19	True
Zm00001eb315020	chr7	+	False	True	6	0	13	19	True
Zm00001eb315060	chr7	+	True	False	7	0	50	57	True
Zm00001eb315140	chr7	+	False	True	6	2	26	34	True
Zm00001eb315150	chr7	-	False	True	8	0	50	58	True
Zm00001eb315340	chr7	-	False	True	2	1	6	9	True
Zm00001eb315410	chr7	+	True	False	0	0	0	0	False
Zm00001eb315420	chr7	-	False	True	4	1	10	15	True
Zm00001eb315450	chr7	-	False	True	5	1	7	13	True
Zm00001eb315530	chr7	-	False	True	4	0	14	18	True
Zm00001eb315620	chr7	-	False	True	5	0	29	34	True
Zm00001eb315640	chr7	+	False	True	0	1	3	4	True
Zm00001eb315650	chr7	+	False	True	11	0	10	21	True
Zm00001eb315710	chr7	-	False	True	1	0	0	1	True
Zm00001eb315750	chr7	+	False	True	0	0	2	2	True
Zm00001eb315760	chr7	+	False	True	7	2	22	31	True
Zm00001eb315770	chr7	-	False	True	0	0	0	0	False
Zm00001eb315780	chr7	+	False	True	1	0	3	4	True
Zm00001eb315840	chr7	-	False	True	0	1	1	2	True
Zm00001eb315860	chr7	+	False	True	2	0	3	5	True
Zm00001eb315880	chr7	-	False	True	4	1	15	20	True
Zm00001eb315920	chr7	-	False	True	1	0	0	1	True
Zm00001eb315970	chr7	+	False	True	8	0	24	32	True
Zm00001eb316060	chr7	-	False	True	8	0	16	24	True
Zm00001eb316070	chr7	-	False	True	3	1	17	21	True
Zm00001eb316080	chr7	-	False	True	3	1	17	21	True
Zm00001eb316120	chr7	-	False	True	2	0	8	10	True
Zm00001eb316180	chr7	+	False	True	3	1	11	15	True
Zm00001eb316240	chr7	+	False	True	12	0	10	22	True
Zm00001eb316260	chr7	+	False	True	8	0	28	36	True
Zm00001eb316280	chr7	+	False	True	6	0	29	35	True
Zm00001eb316290	chr7	+	False	True	1	0	0	1	True
Zm00001eb316310	chr7	-	False	True	6	0	26	32	True
Zm00001eb316340	chr7	+	False	True	1	1	8	10	True
Zm00001eb316410	chr7	+	False	True	1	0	8	9	True
Zm00001eb316420	chr7	-	False	True	1	1	11	13	True
Zm00001eb316440	chr7	-	False	True	2	0	0	2	True
Zm00001eb316450	chr7	+	False	True	2	0	1	3	True
Zm00001eb316500	chr7	+	False	True	0	1	5	6	True
Zm00001eb316520	chr7	+	False	True	3	0	11	14	True
Zm00001eb316530	chr7	-	False	True	6	0	39	45	True
Zm00001eb316540	chr7	+	False	True	0	1	1	2	True
Zm00001eb316590	chr7	+	False	True	0	0	7	7	True
Zm00001eb316620	chr7	-	False	True	5	0	4	9	True
Zm00001eb316800	chr7	-	False	True	10	2	26	38	True
Zm00001eb316810	chr7	-	False	True	1	1	5	7	True
Zm00001eb316840	chr7	-	False	True	7	0	18	25	True
Zm00001eb316870	chr7	+	True	False	8	1	23	32	True
Zm00001eb316910	chr7	-	False	True	3	0	9	12	True
Zm00001eb316960	chr7	+	False	True	5	0	9	14	True
Zm00001eb316990	chr7	+	False	True	8	1	14	23	True
Zm00001eb317030	chr7	+	False	True	13	0	14	27	True
Zm00001eb317040	chr7	-	False	True	5	1	8	14	True
Zm00001eb317050	chr7	-	False	True	2	2	10	14	True
Zm00001eb317060	chr7	-	False	True	5	0	8	13	True
Zm00001eb317080	chr7	-	False	True	3	0	1	4	True
Zm00001eb317090	chr7	+	False	True	4	2	24	30	True
Zm00001eb317100	chr7	-	False	True	2	1	21	24	True
Zm00001eb317110	chr7	-	False	True	11	0	46	57	True
Zm00001eb317180	chr7	+	False	True	0	1	2	3	True
Zm00001eb317190	chr7	-	False	True	1	0	0	1	True
Zm00001eb317230	chr7	+	False	True	0	1	8	9	True
Zm00001eb317350	chr7	-	False	True	3	0	12	15	True
Zm00001eb317420	chr7	+	False	True	3	0	16	19	True
Zm00001eb317430	chr7	-	False	True	7	1	18	26	True
Zm00001eb317450	chr7	+	False	True	10	0	25	35	True
Zm00001eb317460	chr7	-	False	True	0	0	0	0	False
Zm00001eb317480	chr7	-	False	True	2	2	7	11	True
Zm00001eb317510	chr7	+	False	True	4	1	10	15	True
Zm00001eb317580	chr7	+	False	True	6	0	9	15	True
Zm00001eb317590	chr7	-	False	True	8	1	53	62	True
Zm00001eb317630	chr7	-	False	True	3	0	16	19	True
Zm00001eb317640	chr7	-	False	True	2	2	12	16	True
Zm00001eb317680	chr7	+	False	True	3	0	4	7	True
Zm00001eb317690	chr7	-	False	True	5	1	25	31	True
Zm00001eb317710	chr7	-	False	True	5	2	29	36	True
Zm00001eb317720	chr7	-	False	True	0	0	4	4	True
Zm00001eb317800	chr7	-	False	True	5	3	34	42	True
Zm00001eb317810	chr7	-	False	True	8	0	34	42	True
Zm00001eb317890	chr7	+	False	True	6	0	17	23	True
Zm00001eb317910	chr7	+	False	True	6	3	51	60	True
Zm00001eb317920	chr7	+	False	True	9	0	10	19	True
Zm00001eb317930	chr7	+	False	True	2	0	1	3	True
Zm00001eb318080	chr7	+	False	True	13	0	11	24	True
Zm00001eb318090	chr7	+	False	True	6	0	39	45	True
Zm00001eb318150	chr7	-	True	False	15	1	19	35	True
Zm00001eb318160	chr7	+	False	True	9	0	42	51	True
Zm00001eb318170	chr7	+	False	True	3	0	3	6	True
Zm00001eb318180	chr7	+	False	True	6	0	8	14	True
Zm00001eb318200	chr7	+	False	True	3	1	28	32	True
Zm00001eb318210	chr7	+	False	True	0	1	8	9	True
Zm00001eb318220	chr7	+	False	True	2	0	8	10	True
Zm00001eb318230	chr7	+	False	True	2	3	7	12	True
Zm00001eb318240	chr7	-	False	True	6	1	46	53	True
Zm00001eb318290	chr7	-	False	True	2	0	9	11	True
Zm00001eb318300	chr7	+	False	True	0	0	0	0	False
Zm00001eb318330	chr7	-	False	True	3	0	1	4	True
Zm00001eb318360	chr7	+	False	True	2	0	7	9	True
Zm00001eb318410	chr7	-	False	True	4	0	50	54	True
Zm00001eb318540	chr7	+	False	True	6	0	19	25	True
Zm00001eb318560	chr7	-	False	True	9	0	23	32	True
Zm00001eb318570	chr7	+	False	True	0	0	3	3	True
Zm00001eb318610	chr7	+	False	True	5	2	19	26	True
Zm00001eb318620	chr7	+	False	True	7	0	34	41	True
Zm00001eb318630	chr7	+	False	True	0	0	1	1	True
Zm00001eb318710	chr7	+	True	False	8	0	40	48	True
Zm00001eb318990	chr7	-	False	True	11	0	10	21	True
Zm00001eb319000	chr7	-	False	True	6	0	20	26	True
Zm00001eb319010	chr7	-	False	True	5	0	49	54	True
Zm00001eb319020	chr7	+	False	True	6	1	21	28	True
Zm00001eb319030	chr7	-	False	True	7	1	28	36	True
Zm00001eb319050	chr7	-	False	True	5	0	15	20	True
Zm00001eb319090	chr7	-	False	True	11	0	8	19	True
Zm00001eb319110	chr7	-	False	True	0	0	0	0	False
Zm00001eb319210	chr7	+	False	True	3	0	27	30	True
Zm00001eb319220	chr7	-	False	True	3	1	17	21	True
Zm00001eb319240	chr7	+	False	True	10	2	47	59	True
Zm00001eb319250	chr7	+	False	True	9	1	26	36	True
Zm00001eb319460	chr7	+	False	True	2	0	13	15	True
Zm00001eb319520	chr7	+	False	True	5	0	15	20	True
Zm00001eb319550	chr7	-	False	True	5	1	13	19	True
Zm00001eb319560	chr7	-	False	True	0	0	0	0	False
Zm00001eb319590	chr7	-	False	True	0	0	4	4	True
Zm00001eb319610	chr7	+	False	True	1	0	0	1	True
Zm00001eb319680	chr7	-	False	True	0	0	2	2	True
Zm00001eb319710	chr7	-	False	True	7	0	27	34	True
Zm00001eb319720	chr7	-	False	True	11	0	29	40	True
Zm00001eb319780	chr7	-	False	True	8	1	43	52	True
Zm00001eb319820	chr7	-	False	True	13	1	20	34	True
Zm00001eb319930	chr7	-	False	True	1	0	8	9	True
Zm00001eb319960	chr7	-	False	True	6	1	15	22	True
Zm00001eb320010	chr7	+	False	True	1	0	1	2	True
Zm00001eb320030	chr7	+	False	True	9	0	16	25	True
Zm00001eb320050	chr7	+	False	True	7	2	37	46	True
Zm00001eb320070	chr7	-	False	True	9	0	30	39	True
Zm00001eb320090	chr7	-	False	True	4	1	10	15	True
Zm00001eb320100	chr7	-	False	True	7	1	6	14	True
Zm00001eb320120	chr7	+	False	True	3	0	11	14	True
Zm00001eb320130	chr7	-	False	True	1	2	8	11	True
Zm00001eb320150	chr7	+	False	True	1	1	7	9	True
Zm00001eb320270	chr7	+	False	True	0	0	0	0	False
Zm00001eb320280	chr7	+	False	True	4	1	16	21	True
Zm00001eb320300	chr7	-	False	True	5	0	11	16	True
Zm00001eb320310	chr7	-	False	True	2	1	20	23	True
Zm00001eb320330	chr7	+	False	True	4	1	13	18	True
Zm00001eb320340	chr7	-	False	True	3	0	20	23	True
Zm00001eb320360	chr7	-	False	True	4	1	27	32	True
Zm00001eb320450	chr7	-	False	True	8	2	27	37	True
Zm00001eb320460	chr7	-	False	True	1	0	0	1	True
Zm00001eb320480	chr7	-	False	True	1	0	4	5	True
Zm00001eb320510	chr7	-	False	True	7	1	35	43	True
Zm00001eb320520	chr7	+	False	True	2	1	4	7	True
Zm00001eb320540	chr7	+	False	True	8	1	13	22	True
Zm00001eb320550	chr7	-	False	True	3	2	3	8	True
Zm00001eb320590	chr7	+	False	True	0	1	3	4	True
Zm00001eb320600	chr7	+	False	True	12	0	13	25	True
Zm00001eb320610	chr7	+	False	True	0	0	1	1	True
Zm00001eb320650	chr7	+	False	True	5	0	2	7	True
Zm00001eb320670	chr7	-	False	True	0	0	2	2	True
Zm00001eb320680	chr7	-	True	False	7	0	13	20	True
Zm00001eb320750	chr7	-	False	True	2	1	3	6	True
Zm00001eb320760	chr7	+	False	True	0	0	0	0	False
Zm00001eb320790	chr7	+	False	True	7	0	18	25	True
Zm00001eb320800	chr7	-	False	True	1	0	7	8	True
Zm00001eb320850	chr7	+	False	True	0	0	6	6	True
Zm00001eb320870	chr7	-	False	True	3	1	14	18	True
Zm00001eb320890	chr7	-	True	False	1	0	6	7	True
Zm00001eb320900	chr7	+	False	True	2	0	15	17	True
Zm00001eb320910	chr7	+	False	True	7	0	23	30	True
Zm00001eb320920	chr7	+	False	True	0	1	3	4	True
Zm00001eb320950	chr7	-	False	True	2	0	4	6	True
Zm00001eb320980	chr7	-	False	True	0	2	11	13	True
Zm00001eb320990	chr7	-	False	True	7	1	11	19	True
Zm00001eb321030	chr7	-	False	True	2	0	0	2	True
Zm00001eb321110	chr7	+	False	True	8	0	11	19	True
Zm00001eb321180	chr7	+	False	True	4	1	44	49	True
Zm00001eb321200	chr7	+	False	True	0	1	1	2	True
Zm00001eb321250	chr7	-	False	True	3	0	26	29	True
Zm00001eb321320	chr7	+	False	True	1	0	1	2	True
Zm00001eb321330	chr7	-	False	True	3	0	34	37	True
Zm00001eb321340	chr7	-	False	True	3	2	17	22	True
Zm00001eb321350	chr7	-	False	True	2	2	9	13	True
Zm00001eb321400	chr7	+	False	True	0	1	7	8	True
Zm00001eb321420	chr7	+	False	True	2	0	5	7	True
Zm00001eb321450	chr7	-	False	True	2	0	0	2	True
Zm00001eb321470	chr7	-	False	True	0	0	1	1	True
Zm00001eb321550	chr7	-	False	True	0	0	1	1	True
Zm00001eb321560	chr7	+	False	True	0	0	1	1	True
Zm00001eb321670	chr7	+	False	True	5	0	9	14	True
Zm00001eb321710	chr7	+	False	True	1	0	2	3	True
Zm00001eb321720	chr7	-	False	True	9	0	35	44	True
Zm00001eb321740	chr7	+	False	True	3	0	17	20	True
Zm00001eb321750	chr7	-	False	True	5	0	39	44	True
Zm00001eb321770	chr7	+	False	True	2	1	31	34	True
Zm00001eb321780	chr7	-	False	True	2	0	5	7	True
Zm00001eb321790	chr7	-	False	True	4	2	13	19	True
Zm00001eb321820	chr7	+	False	True	20	1	57	78	True
Zm00001eb321830	chr7	-	False	True	3	1	9	13	True
Zm00001eb321870	chr7	-	False	True	1	0	2	3	True
Zm00001eb321890	chr7	-	False	True	14	1	66	81	True
Zm00001eb321910	chr7	-	False	True	4	0	23	27	True
Zm00001eb321990	chr7	+	False	True	0	0	1	1	True
Zm00001eb322080	chr7	+	False	True	0	0	0	0	False
Zm00001eb322130	chr7	+	False	True	0	0	1	1	True
Zm00001eb322140	chr7	+	False	True	4	0	13	17	True
Zm00001eb322150	chr7	-	False	True	3	0	2	5	True
Zm00001eb322160	chr7	-	False	True	2	1	7	10	True
Zm00001eb322180	chr7	-	False	True	4	0	17	21	True
Zm00001eb322280	chr7	-	False	True	2	1	6	9	True
Zm00001eb322310	chr7	+	False	True	4	0	8	12	True
Zm00001eb322320	chr7	-	False	True	2	2	8	12	True
Zm00001eb322340	chr7	-	False	True	6	2	17	25	True
Zm00001eb322360	chr7	-	False	True	2	0	24	26	True
Zm00001eb322370	chr7	+	False	True	4	2	27	33	True
Zm00001eb322380	chr7	+	False	True	6	1	29	36	True
Zm00001eb322390	chr7	+	False	True	18	0	14	32	True
Zm00001eb322400	chr7	-	False	True	3	0	14	17	True
Zm00001eb322430	chr7	-	False	True	3	1	33	37	True
Zm00001eb322440	chr7	-	False	True	7	0	31	38	True
Zm00001eb322450	chr7	+	False	True	7	0	36	43	True
Zm00001eb322480	chr7	+	False	True	11	0	25	36	True
Zm00001eb322530	chr7	+	False	True	3	0	15	18	True
Zm00001eb322600	chr7	-	False	True	2	0	4	6	True
Zm00001eb322620	chr7	+	False	True	4	2	29	35	True
Zm00001eb322630	chr7	-	False	True	0	0	0	0	False
Zm00001eb322650	chr7	+	False	True	1	1	6	8	True
Zm00001eb322660	chr7	-	False	True	7	1	30	38	True
Zm00001eb322720	chr7	+	False	True	2	0	17	19	True
Zm00001eb322740	chr7	+	False	True	2	0	8	10	True
Zm00001eb322750	chr7	+	False	True	4	1	34	39	True
Zm00001eb322810	chr7	-	False	True	3	3	11	17	True
Zm00001eb322820	chr7	-	False	True	2	1	11	14	True
Zm00001eb322850	chr7	+	False	True	1	0	2	3	True
Zm00001eb322860	chr7	-	False	True	5	0	27	32	True
Zm00001eb322940	chr7	+	False	True	3	1	17	21	True
Zm00001eb322950	chr7	-	True	False	6	0	25	31	True
Zm00001eb322970	chr7	+	False	True	8	0	8	16	True
Zm00001eb323050	chr7	+	False	True	1	0	3	4	True
Zm00001eb323110	chr7	-	False	True	8	0	29	37	True
Zm00001eb323120	chr7	-	False	True	3	1	10	14	True
Zm00001eb323140	chr7	+	False	True	2	0	22	24	True
Zm00001eb323150	chr7	-	False	True	10	0	33	43	True
Zm00001eb323170	chr7	-	False	True	3	0	11	14	True
Zm00001eb323260	chr7	+	False	True	5	0	26	31	True
Zm00001eb323280	chr7	+	False	True	5	0	19	24	True
Zm00001eb323370	chr7	+	False	True	2	0	1	3	True
Zm00001eb323440	chr7	-	False	True	2	0	7	9	True
Zm00001eb323450	chr7	+	False	True	11	1	10	22	True
Zm00001eb323490	chr7	+	False	True	0	0	2	2	True
Zm00001eb323500	chr7	+	False	True	6	0	20	26	True
Zm00001eb323510	chr7	+	False	True	9	0	35	44	True
Zm00001eb323520	chr7	+	False	True	4	1	8	13	True
Zm00001eb323530	chr7	-	False	True	12	0	24	36	True
Zm00001eb323570	chr7	-	False	True	5	1	20	26	True
Zm00001eb323590	chr7	+	False	True	1	0	1	2	True
Zm00001eb323600	chr7	-	False	True	22	0	89	111	True
Zm00001eb323700	chr7	-	False	True	8	1	11	20	True
Zm00001eb323710	chr7	-	False	True	16	1	21	38	True
Zm00001eb323730	chr7	-	False	True	1	0	8	9	True
Zm00001eb323770	chr7	-	False	True	0	0	2	2	True
Zm00001eb323790	chr7	-	False	True	0	0	0	0	False
Zm00001eb323800	chr7	+	False	True	0	0	8	8	True
Zm00001eb323810	chr7	+	False	True	1	0	5	6	True
Zm00001eb323830	chr7	+	False	True	5	1	14	20	True
Zm00001eb323840	chr7	-	False	True	4	0	24	28	True
Zm00001eb323880	chr7	-	False	True	5	0	31	36	True
Zm00001eb323920	chr7	-	False	True	13	0	19	32	True
Zm00001eb323940	chr7	+	False	True	6	0	26	32	True
Zm00001eb324090	chr7	-	False	True	1	0	4	5	True
Zm00001eb324100	chr7	-	False	True	3	0	6	9	True
Zm00001eb324210	chr7	-	False	True	8	0	22	30	True
Zm00001eb324220	chr7	-	False	True	12	1	21	34	True
Zm00001eb324240	chr7	+	False	True	8	0	10	18	True
Zm00001eb324250	chr7	-	False	True	2	0	2	4	True
Zm00001eb324260	chr7	+	False	True	8	3	20	31	True
Zm00001eb324270	chr7	+	False	True	0	0	0	0	False
Zm00001eb324310	chr7	-	False	True	1	0	6	7	True
Zm00001eb324390	chr7	-	False	True	0	1	8	9	True
Zm00001eb324430	chr7	-	False	True	5	2	19	26	True
Zm00001eb324440	chr7	-	False	True	1	0	0	1	True
Zm00001eb324450	chr7	-	False	True	0	0	1	1	True
Zm00001eb324510	chr7	+	False	True	7	0	21	28	True
Zm00001eb324540	chr7	-	False	True	6	3	13	22	True
Zm00001eb324570	chr7	+	False	True	3	1	15	19	True
Zm00001eb324590	chr7	-	False	True	7	0	29	36	True
Zm00001eb324600	chr7	+	False	True	5	1	8	14	True
Zm00001eb324620	chr7	-	False	True	4	1	9	14	True
Zm00001eb324670	chr7	-	False	True	6	2	30	38	True
Zm00001eb324690	chr7	-	False	True	5	0	23	28	True
Zm00001eb324730	chr7	+	False	True	14	0	61	75	True
Zm00001eb324740	chr7	-	False	True	2	0	6	8	True
Zm00001eb324750	chr7	+	False	True	0	0	2	2	True
Zm00001eb324760	chr7	+	False	True	4	0	20	24	True
Zm00001eb324850	chr7	-	False	True	3	0	5	8	True
Zm00001eb324900	chr7	-	False	True	9	1	25	35	True
Zm00001eb324930	chr7	-	False	True	3	0	14	17	True
Zm00001eb324990	chr7	-	False	True	2	0	2	4	True
Zm00001eb325000	chr7	+	False	True	0	0	0	0	False
Zm00001eb325040	chr7	-	False	True	2	0	5	7	True
Zm00001eb325080	chr7	+	False	True	0	0	0	0	False
Zm00001eb325100	chr7	+	False	True	9	4	22	35	True
Zm00001eb325110	chr7	+	True	False	3	0	11	14	True
Zm00001eb325150	chr7	-	False	True	15	1	22	38	True
Zm00001eb325170	chr7	-	False	True	8	0	14	22	True
Zm00001eb325220	chr7	+	False	True	5	1	24	30	True
Zm00001eb325270	chr7	-	False	True	5	0	7	12	True
Zm00001eb325320	chr7	+	False	True	0	0	0	0	False
Zm00001eb325330	chr7	+	False	True	9	1	13	23	True
Zm00001eb325360	chr7	-	False	True	2	0	9	11	True
Zm00001eb325380	chr7	+	False	True	0	0	4	4	True
Zm00001eb325420	chr7	+	False	True	6	1	18	25	True
Zm00001eb325430	chr7	-	False	True	5	2	4	11	True
Zm00001eb325500	chr7	+	False	True	8	0	11	19	True
Zm00001eb325570	chr7	-	False	True	0	0	1	1	True
Zm00001eb325580	chr7	+	False	True	1	0	27	28	True
Zm00001eb325590	chr7	+	False	True	12	0	13	25	True
Zm00001eb325610	chr7	-	False	True	1	0	1	2	True
Zm00001eb325640	chr7	+	False	True	0	0	1	1	True
Zm00001eb325650	chr7	-	False	True	1	0	0	1	True
Zm00001eb325710	chr7	-	False	True	2	1	6	9	True
Zm00001eb325740	chr7	-	False	True	1	1	6	8	True
Zm00001eb325750	chr7	+	False	True	13	1	21	35	True
Zm00001eb325760	chr7	-	False	True	0	0	0	0	False
Zm00001eb325800	chr7	+	False	True	5	1	8	14	True
Zm00001eb325810	chr7	+	False	True	2	0	15	17	True
Zm00001eb326010	chr7	-	False	True	5	0	13	18	True
Zm00001eb326060	chr7	+	False	True	3	1	6	10	True
Zm00001eb326130	chr7	+	False	True	0	0	0	0	False
Zm00001eb326180	chr7	-	False	True	0	1	16	17	True
Zm00001eb326190	chr7	-	False	True	11	0	18	29	True
Zm00001eb326230	chr7	+	False	True	0	1	7	8	True
Zm00001eb326320	chr7	+	False	True	4	0	27	31	True
Zm00001eb326330	chr7	-	False	True	0	1	0	1	True
Zm00001eb326410	chr7	-	False	True	2	0	19	21	True
Zm00001eb326460	chr7	-	False	True	9	0	23	32	True
Zm00001eb326610	chr7	-	False	True	10	0	23	33	True
Zm00001eb326620	chr7	-	False	True	8	3	17	28	True
Zm00001eb326630	chr7	-	False	True	5	1	12	18	True
Zm00001eb326640	chr7	+	False	True	3	0	6	9	True
Zm00001eb326660	chr7	-	False	True	1	1	5	7	True
Zm00001eb326710	chr7	+	False	True	0	1	2	3	True
Zm00001eb326720	chr7	+	False	True	0	0	0	0	False
Zm00001eb326730	chr7	+	False	True	4	0	22	26	True
Zm00001eb326740	chr7	+	False	True	0	0	1	1	True
Zm00001eb326760	chr7	-	False	True	1	1	3	5	True
Zm00001eb326780	chr7	-	False	True	7	1	14	22	True
Zm00001eb326820	chr7	-	False	True	11	3	59	73	True
Zm00001eb326840	chr7	-	False	True	14	0	45	59	True
Zm00001eb326850	chr7	+	False	True	7	1	16	24	True
Zm00001eb326860	chr7	-	False	True	9	1	24	34	True
Zm00001eb326870	chr7	-	False	True	9	1	18	28	True
Zm00001eb326880	chr7	+	False	True	3	1	18	22	True
Zm00001eb326900	chr7	-	False	True	8	0	42	50	True
Zm00001eb326920	chr7	-	False	True	4	0	4	8	True
Zm00001eb326960	chr7	+	False	True	10	0	27	37	True
Zm00001eb327010	chr7	-	False	True	12	1	64	77	True
Zm00001eb327040	chr7	+	False	True	0	0	0	0	False
Zm00001eb327120	chr7	+	False	True	9	1	33	43	True
Zm00001eb327130	chr7	+	False	True	4	0	21	25	True
Zm00001eb327140	chr7	-	False	True	3	1	11	15	True
Zm00001eb327150	chr7	+	False	True	0	0	0	0	False
Zm00001eb327170	chr7	+	False	True	1	0	1	2	True
Zm00001eb327210	chr7	+	False	True	0	0	3	3	True
Zm00001eb327220	chr7	+	True	False	12	0	38	50	True
Zm00001eb327230	chr7	-	False	True	1	0	0	1	True
Zm00001eb327240	chr7	+	False	True	0	0	0	0	False
Zm00001eb327250	chr7	-	False	True	0	0	2	2	True
Zm00001eb327260	chr7	+	False	True	0	0	0	0	False
Zm00001eb327270	chr7	+	False	True	7	0	33	40	True
Zm00001eb327280	chr7	-	False	True	5	1	40	46	True
Zm00001eb327290	chr7	+	False	True	0	1	2	3	True
Zm00001eb327320	chr7	-	False	True	2	0	10	12	True
Zm00001eb327330	chr7	-	True	False	0	0	27	27	True
Zm00001eb327340	chr7	+	False	True	6	0	15	21	True
Zm00001eb327350	chr7	+	False	True	11	0	21	32	True
Zm00001eb327390	chr7	-	False	True	1	0	3	4	True
Zm00001eb327420	chr7	+	False	True	3	0	6	9	True
Zm00001eb327430	chr7	-	False	True	6	0	18	24	True
Zm00001eb327450	chr7	+	False	True	5	0	9	14	True
Zm00001eb327470	chr7	+	False	True	2	0	9	11	True
Zm00001eb327480	chr7	-	False	True	4	0	21	25	True
Zm00001eb327530	chr7	-	False	True	2	0	7	9	True
Zm00001eb327640	chr7	+	False	True	0	0	1	1	True
Zm00001eb327670	chr7	+	False	True	10	0	18	28	True
Zm00001eb327680	chr7	-	False	True	3	1	10	14	True
Zm00001eb327690	chr7	-	False	True	8	1	20	29	True
Zm00001eb327720	chr7	+	False	True	1	0	0	1	True
Zm00001eb327760	chr7	-	False	True	4	0	16	20	True
Zm00001eb327770	chr7	-	False	True	4	1	8	13	True
Zm00001eb327780	chr7	+	False	True	1	0	6	7	True
Zm00001eb327790	chr7	+	False	True	6	0	16	22	True
Zm00001eb327810	chr7	-	False	True	0	0	2	2	True
Zm00001eb327820	chr7	-	False	True	0	0	0	0	False
Zm00001eb327880	chr7	-	False	True	3	0	3	6	True
Zm00001eb327920	chr7	+	False	True	5	0	6	11	True
Zm00001eb327970	chr7	+	False	True	4	0	38	42	True
Zm00001eb327990	chr7	-	False	True	0	0	1	1	True
Zm00001eb328280	chr7	-	False	True	9	0	6	15	True
Zm00001eb328310	chr7	-	True	False	15	0	48	63	True
Zm00001eb328320	chr7	+	False	True	0	0	0	0	False
Zm00001eb328330	chr7	-	False	True	1	2	19	22	True
Zm00001eb328480	chr7	-	False	True	1	1	11	13	True
Zm00001eb328500	chr7	+	False	True	3	1	20	24	True
Zm00001eb328520	chr7	-	False	True	5	0	8	13	True
Zm00001eb328530	chr7	+	False	True	9	1	43	53	True
Zm00001eb328540	chr7	-	False	True	6	0	20	26	True
Zm00001eb328560	chr7	-	True	False	7	0	8	15	True
Zm00001eb328680	chr7	+	False	True	0	1	1	2	True
Zm00001eb328690	chr7	+	False	True	0	0	0	0	False
Zm00001eb328740	chr7	+	False	True	8	0	33	41	True
Zm00001eb328760	chr7	+	False	True	5	0	11	16	True
Zm00001eb328850	chr7	-	False	True	4	0	10	14	True
Zm00001eb328920	chr7	-	False	True	3	0	48	51	True
Zm00001eb328950	chr7	+	False	True	6	0	21	27	True
Zm00001eb328990	chr7	-	False	True	7	0	5	12	True
Zm00001eb329030	chr7	+	False	True	1	0	0	1	True
Zm00001eb329040	chr7	-	False	True	14	0	48	62	True
Zm00001eb329070	chr7	-	False	True	16	1	31	48	True
Zm00001eb329090	chr7	+	False	True	7	0	34	41	True
Zm00001eb329130	chr7	+	False	True	1	0	18	19	True
Zm00001eb329150	chr7	-	False	True	1	2	13	16	True
Zm00001eb329160	chr7	-	False	True	7	1	9	17	True
Zm00001eb329220	chr7	+	False	True	4	0	8	12	True
Zm00001eb329230	chr7	-	False	True	0	0	3	3	True
Zm00001eb329240	chr7	+	False	True	0	0	4	4	True
Zm00001eb329250	chr7	-	False	True	1	2	12	15	True
Zm00001eb329270	chr7	+	False	True	1	1	3	5	True
Zm00001eb329280	chr7	-	False	True	8	1	12	21	True
Zm00001eb329360	chr7	-	False	True	4	1	5	10	True
Zm00001eb329390	chr7	-	False	True	0	0	0	0	False
Zm00001eb329410	chr7	+	False	True	4	1	20	25	True
Zm00001eb329420	chr7	-	False	True	5	3	9	17	True
Zm00001eb329440	chr7	-	False	True	0	0	0	0	False
Zm00001eb329450	chr7	+	False	True	3	0	11	14	True
Zm00001eb329490	chr7	-	False	True	14	0	42	56	True
Zm00001eb329510	chr7	-	False	True	7	0	19	26	True
Zm00001eb329520	chr7	+	False	True	6	0	9	15	True
Zm00001eb330600	chr7	-	False	True	3	0	8	11	True
Zm00001eb330610	chr7	-	False	True	14	2	18	34	True
Zm00001eb330650	chr7	+	False	True	4	1	11	16	True
Zm00001eb330690	chr7	-	False	True	18	0	15	33	True
Zm00001eb330720	chr7	-	False	True	1	0	0	1	True
Zm00001eb330730	chr7	-	False	True	13	0	16	29	True
Zm00001eb330740	chr7	+	False	True	1	1	11	13	True
Zm00001eb330760	chr7	-	False	True	1	0	3	4	True
Zm00001eb330910	chr7	+	False	True	12	0	23	35	True
Zm00001eb331000	chr7	-	False	True	2	0	0	2	True
Zm00001eb331010	chr7	-	False	True	13	0	17	30	True
Zm00001eb331030	chr7	-	False	True	2	2	26	30	True
Zm00001eb331090	chr7	-	False	True	7	0	10	17	True
Zm00001eb331120	chr7	-	False	True	1	0	10	11	True
Zm00001eb331130	chr7	+	False	True	1	1	13	15	True
Zm00001eb331140	chr7	+	False	True	8	1	26	35	True
Zm00001eb331160	chr7	+	False	True	8	0	30	38	True
Zm00001eb331170	chr7	-	False	True	17	0	38	55	True
Zm00001eb331180	chr7	-	False	True	8	2	15	25	True
Zm00001eb331210	chr7	+	False	True	2	0	7	9	True
Zm00001eb331220	chr7	-	False	True	8	1	19	28	True
Zm00001eb331260	chr7	+	False	True	0	0	0	0	False
Zm00001eb331270	chr7	-	False	True	1	0	21	22	True
Zm00001eb331300	chr7	-	False	True	3	3	3	9	True
Zm00001eb331330	chr7	-	False	True	4	1	5	10	True
Zm00001eb331340	chr7	-	False	True	1	0	3	4	True
Zm00001eb331360	chr7	+	False	True	3	0	7	10	True
Zm00001eb331450	chr7	+	False	True	10	0	11	21	True
Zm00001eb331470	chr7	-	False	True	5	0	17	22	True
Zm00001eb331520	chr7	+	False	True	0	0	0	0	False
Zm00001eb331540	chr7	+	False	True	7	2	28	37	True
Zm00001eb331570	chr7	+	False	True	0	0	1	1	True
Zm00001eb331580	chr7	-	False	True	1	0	4	5	True
Zm00001eb331700	chr7	-	False	True	9	0	32	41	True
Zm00001eb331750	chr7	+	False	True	2	0	10	12	True
Zm00001eb331760	chr7	+	False	True	6	0	12	18	True
Zm00001eb331770	chr7	-	False	True	7	1	44	52	True
Zm00001eb331890	chr7	-	False	True	1	0	10	11	True
Zm00001eb331900	chr7	+	False	True	3	0	8	11	True
Zm00001eb331920	chr7	+	False	True	4	1	21	26	True
Zm00001eb331940	chr7	+	False	True	1	0	6	7	True
Zm00001eb331960	chr7	-	False	True	0	0	5	5	True
Zm00001eb332030	chr7	+	False	True	0	0	0	0	False
Zm00001eb332040	chr7	-	False	True	0	0	0	0	False
Zm00001eb332210	chr8	+	False	True	11	2	10	23	True
Zm00001eb332290	chr8	+	True	False	5	0	13	18	True
Zm00001eb332300	chr8	-	False	True	3	1	12	16	True
Zm00001eb332340	chr8	+	False	True	4	1	17	22	True
Zm00001eb332360	chr8	-	False	True	11	1	11	23	True
Zm00001eb332380	chr8	-	False	True	6	0	19	25	True
Zm00001eb332400	chr8	+	False	True	10	0	14	24	True
Zm00001eb332500	chr8	+	False	True	0	0	0	0	False
Zm00001eb332510	chr8	-	False	True	4	0	24	28	True
Zm00001eb332530	chr8	+	False	True	5	0	38	43	True
Zm00001eb332560	chr8	+	False	True	10	0	18	28	True
Zm00001eb332580	chr8	-	False	True	3	0	5	8	True
Zm00001eb332610	chr8	-	False	True	6	1	25	32	True
Zm00001eb332630	chr8	+	False	True	5	0	22	27	True
Zm00001eb332640	chr8	-	False	True	9	0	38	47	True
Zm00001eb332650	chr8	+	False	True	2	0	28	30	True
Zm00001eb332660	chr8	+	False	True	2	2	25	29	True
Zm00001eb332690	chr8	+	False	True	12	0	56	68	True
Zm00001eb332700	chr8	-	False	True	6	0	9	15	True
Zm00001eb332790	chr8	+	False	True	0	0	0	0	False
Zm00001eb332810	chr8	+	False	True	7	1	35	43	True
Zm00001eb332820	chr8	-	False	True	0	0	2	2	True
Zm00001eb332830	chr8	+	False	True	13	0	30	43	True
Zm00001eb332890	chr8	+	False	True	1	0	9	10	True
Zm00001eb332910	chr8	+	False	True	4	0	14	18	True
Zm00001eb332940	chr8	-	False	True	0	0	0	0	False
Zm00001eb332960	chr8	-	False	True	0	0	7	7	True
Zm00001eb333010	chr8	+	False	True	5	1	9	15	True
Zm00001eb333020	chr8	+	False	True	8	1	37	46	True
Zm00001eb333030	chr8	+	False	True	3	1	13	17	True
Zm00001eb333100	chr8	+	False	True	2	1	9	12	True
Zm00001eb333130	chr8	+	False	True	0	0	1	1	True
Zm00001eb333140	chr8	+	False	True	3	0	10	13	True
Zm00001eb333150	chr8	-	False	True	6	1	38	45	True
Zm00001eb333160	chr8	-	False	True	11	0	46	57	True
Zm00001eb333190	chr8	+	False	True	1	0	3	4	True
Zm00001eb333210	chr8	-	False	True	0	0	9	9	True
Zm00001eb333230	chr8	+	False	True	5	1	21	27	True
Zm00001eb333260	chr8	-	False	True	4	0	4	8	True
Zm00001eb333270	chr8	-	False	True	8	0	41	49	True
Zm00001eb333280	chr8	+	False	True	5	2	67	74	True
Zm00001eb333340	chr8	+	False	True	0	0	4	4	True
Zm00001eb333350	chr8	-	False	True	8	1	11	20	True
Zm00001eb333360	chr8	+	False	True	0	1	3	4	True
Zm00001eb333380	chr8	-	False	True	9	1	15	25	True
Zm00001eb333400	chr8	-	False	True	7	3	33	43	True
Zm00001eb333410	chr8	-	False	True	3	1	8	12	True
Zm00001eb333440	chr8	+	False	True	0	1	0	1	True
Zm00001eb333460	chr8	+	False	True	5	0	11	16	True
Zm00001eb333470	chr8	+	False	True	1	0	0	1	True
Zm00001eb333500	chr8	+	False	True	4	1	5	10	True
Zm00001eb333520	chr8	+	False	True	4	0	36	40	True
Zm00001eb333540	chr8	-	False	True	0	0	0	0	False
Zm00001eb333570	chr8	+	False	True	11	0	16	27	True
Zm00001eb333590	chr8	+	False	True	0	0	4	4	True
Zm00001eb333640	chr8	+	False	True	11	1	40	52	True
Zm00001eb333730	chr8	+	False	True	0	0	0	0	False
Zm00001eb333750	chr8	-	False	True	15	1	32	48	True
Zm00001eb333760	chr8	-	False	True	9	1	18	28	True
Zm00001eb333790	chr8	-	False	True	0	1	1	2	True
Zm00001eb333800	chr8	-	False	True	1	0	11	12	True
Zm00001eb333810	chr8	-	False	True	1	1	9	11	True
Zm00001eb333940	chr8	+	False	True	2	0	5	7	True
Zm00001eb333950	chr8	-	False	True	0	0	0	0	False
Zm00001eb333970	chr8	+	False	True	2	0	5	7	True
Zm00001eb333980	chr8	+	False	True	6	0	14	20	True
Zm00001eb333990	chr8	+	False	True	4	0	18	22	True
Zm00001eb334030	chr8	+	False	True	2	0	0	2	True
Zm00001eb334050	chr8	+	False	True	1	0	12	13	True
Zm00001eb334060	chr8	+	False	True	9	2	29	40	True
Zm00001eb334070	chr8	+	False	True	3	2	19	24	True
Zm00001eb334110	chr8	+	False	True	4	0	9	13	True
Zm00001eb334120	chr8	-	False	True	9	2	28	39	True
Zm00001eb334130	chr8	+	False	True	4	0	11	15	True
Zm00001eb334140	chr8	+	False	True	1	0	2	3	True
Zm00001eb334200	chr8	-	False	True	0	0	3	3	True
Zm00001eb334210	chr8	-	False	True	10	0	45	55	True
Zm00001eb334220	chr8	+	False	True	0	1	6	7	True
Zm00001eb334230	chr8	-	False	True	5	1	24	30	True
Zm00001eb334260	chr8	+	False	True	0	0	1	1	True
Zm00001eb334270	chr8	-	False	True	4	2	7	13	True
Zm00001eb334280	chr8	-	False	True	2	0	5	7	True
Zm00001eb334330	chr8	-	False	True	0	1	6	7	True
Zm00001eb334360	chr8	-	False	True	2	0	5	7	True
Zm00001eb334370	chr8	+	False	True	8	0	24	32	True
Zm00001eb334380	chr8	+	False	True	1	0	14	15	True
Zm00001eb334390	chr8	-	False	True	1	0	2	3	True
Zm00001eb334400	chr8	-	False	True	7	1	59	67	True
Zm00001eb334410	chr8	-	False	True	7	1	37	45	True
Zm00001eb334430	chr8	+	False	True	7	1	36	44	True
Zm00001eb334480	chr8	-	False	True	0	0	0	0	False
Zm00001eb334490	chr8	+	False	True	0	0	4	4	True
Zm00001eb334540	chr8	-	False	True	10	0	19	29	True
Zm00001eb334600	chr8	-	False	True	2	0	4	6	True
Zm00001eb334630	chr8	-	False	True	0	0	0	0	False
Zm00001eb334740	chr8	-	False	True	9	3	25	37	True
Zm00001eb334750	chr8	+	False	True	4	0	7	11	True
Zm00001eb334790	chr8	-	False	True	5	3	25	33	True
Zm00001eb334800	chr8	-	False	True	3	0	5	8	True
Zm00001eb334810	chr8	-	False	True	4	1	10	15	True
Zm00001eb334820	chr8	-	False	True	1	0	6	7	True
Zm00001eb334840	chr8	+	False	True	0	1	0	1	True
Zm00001eb334850	chr8	-	False	True	3	0	0	3	True
Zm00001eb334920	chr8	+	False	True	1	0	4	5	True
Zm00001eb334950	chr8	-	False	True	6	1	16	23	True
Zm00001eb334960	chr8	+	False	True	3	1	11	15	True
Zm00001eb335020	chr8	+	False	True	3	0	20	23	True
Zm00001eb335030	chr8	+	False	True	4	1	32	37	True
Zm00001eb335060	chr8	-	False	True	9	0	93	102	True
Zm00001eb335070	chr8	+	False	True	4	1	37	42	True
Zm00001eb335080	chr8	-	False	True	8	1	29	38	True
Zm00001eb335090	chr8	-	False	True	6	0	25	31	True
Zm00001eb335330	chr8	+	False	True	8	1	32	41	True
Zm00001eb335340	chr8	+	False	True	19	1	43	63	True
Zm00001eb335350	chr8	+	False	True	6	1	23	30	True
Zm00001eb335380	chr8	+	False	True	11	1	80	92	True
Zm00001eb335390	chr8	+	False	True	6	1	20	27	True
Zm00001eb335470	chr8	-	False	True	3	1	4	8	True
Zm00001eb335570	chr8	-	False	True	4	0	25	29	True
Zm00001eb335590	chr8	-	False	True	6	0	11	17	True
Zm00001eb335600	chr8	+	False	True	10	1	32	43	True
Zm00001eb335640	chr8	-	False	True	4	2	8	14	True
Zm00001eb335650	chr8	-	False	True	2	2	9	13	True
Zm00001eb335670	chr8	+	False	True	4	1	11	16	True
Zm00001eb335680	chr8	-	False	True	3	1	18	22	True
Zm00001eb335690	chr8	-	False	True	2	0	2	4	True
Zm00001eb335710	chr8	+	False	True	0	2	0	2	True
Zm00001eb335740	chr8	+	False	True	0	0	1	1	True
Zm00001eb335790	chr8	-	False	True	2	0	0	2	True
Zm00001eb335800	chr8	-	False	True	1	0	8	9	True
Zm00001eb335810	chr8	-	False	True	1	0	2	3	True
Zm00001eb335820	chr8	+	False	True	6	0	26	32	True
Zm00001eb335830	chr8	-	False	True	2	0	1	3	True
Zm00001eb335860	chr8	-	False	True	2	0	2	4	True
Zm00001eb335870	chr8	-	False	True	1	0	0	1	True
Zm00001eb335880	chr8	-	False	True	14	2	35	51	True
Zm00001eb335890	chr8	-	False	True	2	0	8	10	True
Zm00001eb335900	chr8	-	False	True	12	2	37	51	True
Zm00001eb336030	chr8	-	False	True	5	2	25	32	True
Zm00001eb336070	chr8	+	False	True	6	0	42	48	True
Zm00001eb336090	chr8	+	False	True	5	1	20	26	True
Zm00001eb336100	chr8	-	False	True	1	0	4	5	True
Zm00001eb336120	chr8	-	False	True	16	3	29	48	True
Zm00001eb336130	chr8	-	False	True	4	1	26	31	True
Zm00001eb336160	chr8	-	False	True	0	1	1	2	True
Zm00001eb336170	chr8	-	False	True	11	1	28	40	True
Zm00001eb336190	chr8	-	False	True	1	0	0	1	True
Zm00001eb336210	chr8	+	False	True	0	0	0	0	False
Zm00001eb336220	chr8	+	False	True	0	0	2	2	True
Zm00001eb336270	chr8	+	False	True	12	0	13	25	True
Zm00001eb336280	chr8	-	False	True	4	0	12	16	True
Zm00001eb336310	chr8	+	False	True	0	0	15	15	True
Zm00001eb336410	chr8	-	False	True	10	1	26	37	True
Zm00001eb336470	chr8	+	False	True	1	0	1	2	True
Zm00001eb336530	chr8	-	False	True	1	0	0	1	True
Zm00001eb336580	chr8	+	False	True	19	1	27	47	True
Zm00001eb336670	chr8	+	False	True	6	0	20	26	True
Zm00001eb336690	chr8	+	False	True	4	0	6	10	True
Zm00001eb336700	chr8	-	False	True	2	0	3	5	True
Zm00001eb336870	chr8	-	False	True	4	3	14	21	True
Zm00001eb336890	chr8	+	False	True	4	1	16	21	True
Zm00001eb336900	chr8	-	False	True	6	1	11	18	True
Zm00001eb336920	chr8	+	False	True	1	1	6	8	True
Zm00001eb336950	chr8	-	False	True	0	1	1	2	True
Zm00001eb336960	chr8	-	False	True	9	2	13	24	True
Zm00001eb337010	chr8	-	False	True	0	0	15	15	True
Zm00001eb337020	chr8	+	False	True	3	0	9	12	True
Zm00001eb337030	chr8	+	False	True	4	1	6	11	True
Zm00001eb337040	chr8	+	False	True	1	0	0	1	True
Zm00001eb337050	chr8	+	False	True	2	0	3	5	True
Zm00001eb337110	chr8	-	False	True	17	2	27	46	True
Zm00001eb337250	chr8	+	False	True	14	0	20	34	True
Zm00001eb337340	chr8	+	False	True	14	1	16	31	True
Zm00001eb337410	chr8	+	False	True	8	0	7	15	True
Zm00001eb337510	chr8	+	False	True	1	0	2	3	True
Zm00001eb337520	chr8	-	False	True	0	0	0	0	False
Zm00001eb337550	chr8	-	False	True	2	0	6	8	True
Zm00001eb337610	chr8	+	False	True	3	0	1	4	True
Zm00001eb337700	chr8	-	False	True	5	1	7	13	True
Zm00001eb337720	chr8	-	False	True	15	0	27	42	True
Zm00001eb337800	chr8	+	False	True	3	0	5	8	True
Zm00001eb337810	chr8	-	False	True	4	2	23	29	True
Zm00001eb337820	chr8	+	False	True	6	0	34	40	True
Zm00001eb337830	chr8	-	False	True	9	0	11	20	True
Zm00001eb337840	chr8	+	False	True	5	1	12	18	True
Zm00001eb337890	chr8	+	False	True	3	1	32	36	True
Zm00001eb337930	chr8	-	False	True	4	1	13	18	True
Zm00001eb337940	chr8	+	False	True	7	0	40	47	True
Zm00001eb337970	chr8	-	False	True	17	1	17	35	True
Zm00001eb337980	chr8	-	False	True	1	0	15	16	True
Zm00001eb337990	chr8	+	False	True	2	0	15	17	True
Zm00001eb338010	chr8	+	False	True	0	0	1	1	True
Zm00001eb338070	chr8	+	False	True	0	0	0	0	False
Zm00001eb338160	chr8	-	False	True	8	1	13	22	True
Zm00001eb338170	chr8	-	False	True	3	0	28	31	True
Zm00001eb338190	chr8	-	False	True	0	0	1	1	True
Zm00001eb338300	chr8	+	False	True	1	0	2	3	True
Zm00001eb338310	chr8	-	False	True	3	1	10	14	True
Zm00001eb338380	chr8	-	False	True	3	0	5	8	True
Zm00001eb338420	chr8	-	False	True	3	2	13	18	True
Zm00001eb338510	chr8	+	False	True	7	0	9	16	True
Zm00001eb338570	chr8	+	False	True	2	1	1	4	True
Zm00001eb338610	chr8	+	False	True	9	0	12	21	True
Zm00001eb338620	chr8	+	False	True	0	0	8	8	True
Zm00001eb338660	chr8	-	True	False	4	1	15	20	True
Zm00001eb338670	chr8	-	False	True	5	0	11	16	True
Zm00001eb338680	chr8	+	False	True	1	0	6	7	True
Zm00001eb338770	chr8	-	False	True	1	1	1	3	True
Zm00001eb338800	chr8	-	False	True	6	1	20	27	True
Zm00001eb338860	chr8	+	False	True	6	0	28	34	True
Zm00001eb338880	chr8	+	False	True	0	0	4	4	True
Zm00001eb338890	chr8	+	False	True	1	0	17	18	True
Zm00001eb338960	chr8	-	False	True	0	0	0	0	False
Zm00001eb339090	chr8	+	False	True	0	0	1	1	True
Zm00001eb339100	chr8	+	False	True	10	1	9	20	True
Zm00001eb339110	chr8	+	False	True	2	0	8	10	True
Zm00001eb339120	chr8	+	False	True	1	1	12	14	True
Zm00001eb339150	chr8	+	False	True	1	0	11	12	True
Zm00001eb339190	chr8	-	False	True	0	0	8	8	True
Zm00001eb339200	chr8	-	False	True	3	0	6	9	True
Zm00001eb339230	chr8	-	False	True	1	1	0	2	True
Zm00001eb339240	chr8	+	False	True	1	0	0	1	True
Zm00001eb339260	chr8	+	False	True	1	1	3	5	True
Zm00001eb339290	chr8	+	False	True	1	0	10	11	True
Zm00001eb339310	chr8	+	False	True	0	0	1	1	True
Zm00001eb339340	chr8	-	False	True	0	1	4	5	True
Zm00001eb339360	chr8	-	False	True	0	0	0	0	False
Zm00001eb339410	chr8	-	False	True	1	0	0	1	True
Zm00001eb339420	chr8	-	False	True	10	0	13	23	True
Zm00001eb339450	chr8	-	False	True	3	0	8	11	True
Zm00001eb339460	chr8	+	False	True	3	0	12	15	True
Zm00001eb339480	chr8	+	False	True	0	0	1	1	True
Zm00001eb339500	chr8	+	False	True	1	0	10	11	True
Zm00001eb339710	chr8	+	False	True	0	0	2	2	True
Zm00001eb339870	chr8	+	False	True	1	0	6	7	True
Zm00001eb339970	chr8	+	False	True	0	0	1	1	True
Zm00001eb340160	chr8	+	False	True	1	0	5	6	True
Zm00001eb340270	chr8	+	False	True	2	0	6	8	True
Zm00001eb340280	chr8	-	False	True	5	0	17	22	True
Zm00001eb340350	chr8	+	False	True	3	0	12	15	True
Zm00001eb340370	chr8	+	False	True	1	1	1	3	True
Zm00001eb340400	chr8	+	False	True	6	0	10	16	True
Zm00001eb340410	chr8	-	False	True	4	2	13	19	True
Zm00001eb340450	chr8	+	False	True	0	0	0	0	False
Zm00001eb340490	chr8	+	False	True	0	0	2	2	True
Zm00001eb340570	chr8	-	False	True	0	0	3	3	True
Zm00001eb340580	chr8	+	False	True	0	0	4	4	True
Zm00001eb340590	chr8	-	False	True	5	2	6	13	True
Zm00001eb340650	chr8	-	False	True	6	1	48	55	True
Zm00001eb340670	chr8	+	False	True	1	0	1	2	True
Zm00001eb340690	chr8	-	False	True	2	0	32	34	True
Zm00001eb340720	chr8	-	False	True	2	0	8	10	True
Zm00001eb340750	chr8	-	False	True	5	0	33	38	True
Zm00001eb340760	chr8	+	False	True	5	0	24	29	True
Zm00001eb340900	chr8	-	False	True	0	0	1	1	True
Zm00001eb340940	chr8	+	False	True	0	0	1	1	True
Zm00001eb341180	chr8	-	False	True	0	0	1	1	True
Zm00001eb341220	chr8	-	False	True	0	0	0	0	False
Zm00001eb341650	chr8	+	False	True	1	0	14	15	True
Zm00001eb341670	chr8	+	False	True	2	0	20	22	True
Zm00001eb341680	chr8	-	False	True	0	1	3	4	True
Zm00001eb341740	chr8	-	False	True	7	0	27	34	True
Zm00001eb341790	chr8	-	False	True	2	0	21	23	True
Zm00001eb341830	chr8	+	False	True	0	0	5	5	True
Zm00001eb341840	chr8	+	False	True	1	0	1	2	True
Zm00001eb341960	chr8	-	False	True	0	0	5	5	True
Zm00001eb341970	chr8	+	False	True	0	0	3	3	True
Zm00001eb342010	chr8	+	False	True	0	0	4	4	True
Zm00001eb342040	chr8	-	False	True	1	0	0	1	True
Zm00001eb342190	chr8	-	False	True	0	0	3	3	True
Zm00001eb342320	chr8	+	False	True	0	0	1	1	True
Zm00001eb342330	chr8	+	False	True	1	0	13	14	True
Zm00001eb342350	chr8	+	False	True	0	0	36	36	True
Zm00001eb342360	chr8	+	False	True	2	0	5	7	True
Zm00001eb342370	chr8	-	False	True	8	1	24	33	True
Zm00001eb342390	chr8	+	False	True	8	0	12	20	True
Zm00001eb342400	chr8	-	False	True	1	0	10	11	True
Zm00001eb342490	chr8	+	False	True	0	0	7	7	True
Zm00001eb342500	chr8	-	False	True	17	1	11	29	True
Zm00001eb342660	chr8	+	False	True	0	0	0	0	False
Zm00001eb342970	chr8	+	False	True	7	0	10	17	True
Zm00001eb342980	chr8	-	False	True	0	0	1	1	True
Zm00001eb343100	chr8	-	False	True	6	0	10	16	True
Zm00001eb343110	chr8	-	False	True	14	2	57	73	True
Zm00001eb343120	chr8	+	False	True	4	0	5	9	True
Zm00001eb343490	chr8	+	False	True	0	0	0	0	False
Zm00001eb343520	chr8	-	False	True	0	0	0	0	False
Zm00001eb343530	chr8	-	False	True	8	1	23	32	True
Zm00001eb343570	chr8	+	False	True	9	2	38	49	True
Zm00001eb343580	chr8	-	False	True	2	1	4	7	True
Zm00001eb343590	chr8	+	False	True	0	0	2	2	True
Zm00001eb343610	chr8	-	False	True	1	0	3	4	True
Zm00001eb343620	chr8	+	False	True	1	0	0	1	True
Zm00001eb343630	chr8	-	True	False	0	0	0	0	False
Zm00001eb343770	chr8	+	False	True	1	0	5	6	True
Zm00001eb343780	chr8	-	False	True	1	0	5	6	True
Zm00001eb343820	chr8	+	False	True	3	0	3	6	True
Zm00001eb343830	chr8	+	False	True	0	0	2	2	True
Zm00001eb343850	chr8	-	False	True	6	1	14	21	True
Zm00001eb343930	chr8	+	False	True	0	1	2	3	True
Zm00001eb343950	chr8	+	False	True	8	0	15	23	True
Zm00001eb343970	chr8	-	False	True	1	0	2	3	True
Zm00001eb343980	chr8	+	False	True	2	0	5	7	True
Zm00001eb344000	chr8	+	False	True	6	0	7	13	True
Zm00001eb344010	chr8	+	False	True	3	0	15	18	True
Zm00001eb344020	chr8	+	False	True	2	0	9	11	True
Zm00001eb344110	chr8	-	False	True	3	1	7	11	True
Zm00001eb344150	chr8	+	False	True	1	1	3	5	True
Zm00001eb344160	chr8	+	False	True	0	0	3	3	True
Zm00001eb344340	chr8	-	True	False	3	2	17	22	True
Zm00001eb344390	chr8	-	False	True	4	1	38	43	True
Zm00001eb344440	chr8	+	False	True	0	0	2	2	True
Zm00001eb344490	chr8	-	False	True	11	2	18	31	True
Zm00001eb344500	chr8	-	False	True	6	1	19	26	True
Zm00001eb344530	chr8	-	False	True	3	0	4	7	True
Zm00001eb344570	chr8	-	False	True	1	1	1	3	True
Zm00001eb344610	chr8	+	False	True	0	0	0	0	False
Zm00001eb344700	chr8	+	False	True	0	1	6	7	True
Zm00001eb344750	chr8	+	False	True	1	1	3	5	True
Zm00001eb344790	chr8	+	False	True	9	1	24	34	True
Zm00001eb344820	chr8	-	False	True	8	0	24	32	True
Zm00001eb344850	chr8	-	False	True	2	1	7	10	True
Zm00001eb344900	chr8	-	False	True	5	0	8	13	True
Zm00001eb344910	chr8	-	False	True	17	0	17	34	True
Zm00001eb344950	chr8	+	False	True	0	0	0	0	False
Zm00001eb344960	chr8	-	False	True	2	0	2	4	True
Zm00001eb345070	chr8	-	False	True	3	2	13	18	True
Zm00001eb345210	chr8	-	False	True	0	0	1	1	True
Zm00001eb345250	chr8	+	False	True	0	0	0	0	False
Zm00001eb345280	chr8	+	False	True	1	1	2	4	True
Zm00001eb345290	chr8	-	False	True	2	0	1	3	True
Zm00001eb345540	chr8	+	False	True	0	0	1	1	True
Zm00001eb345550	chr8	-	False	True	2	1	22	25	True
Zm00001eb345560	chr8	+	False	True	2	1	1	4	True
Zm00001eb345570	chr8	-	False	True	14	1	43	58	True
Zm00001eb345610	chr8	+	False	True	4	0	53	57	True
Zm00001eb345620	chr8	+	False	True	2	1	10	13	True
Zm00001eb345720	chr8	-	False	True	2	0	20	22	True
Zm00001eb345740	chr8	+	False	True	2	0	7	9	True
Zm00001eb345770	chr8	-	False	True	3	2	20	25	True
Zm00001eb345780	chr8	+	False	True	0	0	1	1	True
Zm00001eb345880	chr8	+	False	True	5	0	9	14	True
Zm00001eb345900	chr8	+	False	True	5	1	46	52	True
Zm00001eb345910	chr8	-	False	True	3	1	17	21	True
Zm00001eb345970	chr8	-	False	True	10	0	84	94	True
Zm00001eb346040	chr8	+	False	True	0	0	1	1	True
Zm00001eb346100	chr8	+	False	True	0	0	1	1	True
Zm00001eb346110	chr8	+	False	True	2	0	0	2	True
Zm00001eb346120	chr8	-	False	True	0	1	4	5	True
Zm00001eb346140	chr8	+	False	True	0	0	1	1	True
Zm00001eb346150	chr8	-	False	True	9	0	33	42	True
Zm00001eb346160	chr8	+	False	True	1	0	14	15	True
Zm00001eb346200	chr8	+	False	True	5	0	46	51	True
Zm00001eb346210	chr8	-	False	True	8	0	35	43	True
Zm00001eb346250	chr8	+	False	True	2	1	9	12	True
Zm00001eb346260	chr8	+	False	True	1	0	29	30	True
Zm00001eb346280	chr8	+	False	True	3	0	6	9	True
Zm00001eb346300	chr8	-	False	True	0	1	1	2	True
Zm00001eb346320	chr8	+	False	True	2	0	28	30	True
Zm00001eb346540	chr8	+	False	True	6	0	20	26	True
Zm00001eb346550	chr8	-	False	True	6	1	7	14	True
Zm00001eb346570	chr8	+	False	True	9	0	7	16	True
Zm00001eb346580	chr8	-	False	True	2	1	5	8	True
Zm00001eb346590	chr8	-	False	True	1	1	11	13	True
Zm00001eb346660	chr8	-	False	True	3	1	9	13	True
Zm00001eb346680	chr8	+	False	True	1	0	1	2	True
Zm00001eb346760	chr8	+	False	True	1	0	3	4	True
Zm00001eb346800	chr8	+	False	True	1	0	1	2	True
Zm00001eb346900	chr8	-	False	True	0	2	1	3	True
Zm00001eb346910	chr8	+	False	True	2	0	12	14	True
Zm00001eb346980	chr8	+	False	True	0	0	0	0	False
Zm00001eb347000	chr8	-	False	True	5	0	36	41	True
Zm00001eb347050	chr8	+	False	True	0	0	0	0	False
Zm00001eb347060	chr8	-	False	True	7	1	12	20	True
Zm00001eb347070	chr8	-	True	False	2	1	15	18	True
Zm00001eb347150	chr8	-	False	True	6	0	31	37	True
Zm00001eb347190	chr8	+	False	True	7	1	16	24	True
Zm00001eb347200	chr8	+	False	True	2	0	2	4	True
Zm00001eb347260	chr8	-	False	True	0	0	2	2	True
Zm00001eb347310	chr8	+	False	True	1	0	6	7	True
Zm00001eb347420	chr8	+	False	True	0	0	2	2	True
Zm00001eb347430	chr8	+	False	True	2	0	5	7	True
Zm00001eb347450	chr8	-	False	True	6	0	18	24	True
Zm00001eb347460	chr8	+	False	True	6	0	25	31	True
Zm00001eb347480	chr8	-	False	True	6	0	25	31	True
Zm00001eb347490	chr8	+	False	True	2	1	5	8	True
Zm00001eb347530	chr8	+	False	True	1	0	2	3	True
Zm00001eb347590	chr8	+	False	True	0	0	1	1	True
Zm00001eb347600	chr8	+	False	True	11	0	26	37	True
Zm00001eb347620	chr8	-	False	True	3	0	4	7	True
Zm00001eb347630	chr8	+	False	True	1	0	3	4	True
Zm00001eb347640	chr8	-	False	True	3	0	8	11	True
Zm00001eb347660	chr8	+	False	True	1	0	3	4	True
Zm00001eb347670	chr8	-	False	True	8	0	16	24	True
Zm00001eb347680	chr8	+	False	True	0	0	9	9	True
Zm00001eb347720	chr8	+	False	True	5	1	40	46	True
Zm00001eb348240	chr8	-	False	True	5	0	43	48	True
Zm00001eb348300	chr8	-	False	True	3	1	10	14	True
Zm00001eb348320	chr8	+	False	True	3	2	26	31	True
Zm00001eb348360	chr8	-	False	True	3	0	3	6	True
Zm00001eb348490	chr8	+	False	True	0	0	0	0	False
Zm00001eb348520	chr8	+	False	True	15	0	23	38	True
Zm00001eb348530	chr8	-	False	True	12	0	27	39	True
Zm00001eb348540	chr8	+	False	True	5	0	12	17	True
Zm00001eb348600	chr8	-	False	True	4	0	48	52	True
Zm00001eb348620	chr8	+	False	True	1	1	3	5	True
Zm00001eb348650	chr8	+	False	True	6	0	11	17	True
Zm00001eb348660	chr8	+	False	True	6	0	36	42	True
Zm00001eb348670	chr8	-	False	True	8	2	15	25	True
Zm00001eb348730	chr8	+	False	True	0	0	3	3	True
Zm00001eb348780	chr8	+	False	True	2	0	9	11	True
Zm00001eb348840	chr8	+	False	True	0	0	0	0	False
Zm00001eb348850	chr8	+	False	True	6	0	13	19	True
Zm00001eb348870	chr8	+	False	True	5	0	17	22	True
Zm00001eb348890	chr8	-	False	True	9	2	19	30	True
Zm00001eb348930	chr8	+	False	True	2	0	3	5	True
Zm00001eb348980	chr8	-	False	True	9	3	17	29	True
Zm00001eb348990	chr8	-	False	True	5	1	22	28	True
Zm00001eb349010	chr8	+	False	True	1	1	13	15	True
Zm00001eb349040	chr8	+	False	True	3	1	7	11	True
Zm00001eb349050	chr8	-	False	True	8	0	7	15	True
Zm00001eb349080	chr8	-	False	True	1	2	2	5	True
Zm00001eb349090	chr8	-	False	True	5	1	12	18	True
Zm00001eb349110	chr8	-	False	True	1	0	1	2	True
Zm00001eb349130	chr8	-	False	True	0	0	2	2	True
Zm00001eb349140	chr8	+	False	True	0	0	0	0	False
Zm00001eb349160	chr8	-	False	True	0	0	1	1	True
Zm00001eb349170	chr8	-	False	True	6	0	20	26	True
Zm00001eb349200	chr8	+	False	True	11	1	54	66	True
Zm00001eb349240	chr8	-	False	True	0	0	1	1	True
Zm00001eb349260	chr8	-	False	True	9	2	27	38	True
Zm00001eb349270	chr8	+	False	True	0	0	0	0	False
Zm00001eb349330	chr8	+	False	True	5	1	30	36	True
Zm00001eb349390	chr8	+	False	True	6	0	8	14	True
Zm00001eb349410	chr8	-	False	True	6	1	45	52	True
Zm00001eb349480	chr8	-	False	True	4	0	23	27	True
Zm00001eb349520	chr8	-	False	True	2	1	0	3	True
Zm00001eb349530	chr8	-	False	True	5	0	34	39	True
Zm00001eb349670	chr8	-	False	True	7	0	40	47	True
Zm00001eb349710	chr8	+	False	True	1	0	2	3	True
Zm00001eb349730	chr8	+	False	True	0	0	0	0	False
Zm00001eb349760	chr8	+	False	True	8	0	9	17	True
Zm00001eb349770	chr8	-	False	True	1	0	0	1	True
Zm00001eb349800	chr8	+	False	True	6	0	27	33	True
Zm00001eb349810	chr8	+	False	True	1	0	5	6	True
Zm00001eb349820	chr8	+	False	True	0	0	4	4	True
Zm00001eb349830	chr8	-	False	True	3	2	14	19	True
Zm00001eb349860	chr8	-	False	True	3	0	6	9	True
Zm00001eb349870	chr8	+	False	True	0	0	9	9	True
Zm00001eb349880	chr8	+	False	True	2	1	4	7	True
Zm00001eb349900	chr8	-	False	True	2	0	10	12	True
Zm00001eb349910	chr8	-	False	True	3	1	7	11	True
Zm00001eb349920	chr8	+	False	True	13	0	23	36	True
Zm00001eb350050	chr8	-	False	True	7	0	15	22	True
Zm00001eb350170	chr8	-	False	True	2	1	11	14	True
Zm00001eb350240	chr8	-	False	True	0	0	0	0	False
Zm00001eb350260	chr8	+	False	True	0	0	1	1	True
Zm00001eb350280	chr8	-	False	True	0	0	0	0	False
Zm00001eb350390	chr8	-	False	True	4	1	17	22	True
Zm00001eb350430	chr8	+	False	True	2	0	2	4	True
Zm00001eb350460	chr8	+	False	True	0	0	0	0	False
Zm00001eb350490	chr8	-	False	True	1	0	1	2	True
Zm00001eb350500	chr8	-	False	True	2	0	16	18	True
Zm00001eb350510	chr8	-	False	True	8	0	44	52	True
Zm00001eb350560	chr8	-	False	True	14	1	52	67	True
Zm00001eb350590	chr8	+	False	True	7	0	18	25	True
Zm00001eb350620	chr8	+	False	True	4	1	22	27	True
Zm00001eb350630	chr8	-	False	True	13	0	26	39	True
Zm00001eb350650	chr8	+	False	True	2	1	12	15	True
Zm00001eb350870	chr8	-	False	True	0	1	0	1	True
Zm00001eb350890	chr8	+	False	True	0	0	14	14	True
Zm00001eb350910	chr8	-	False	True	4	2	22	28	True
Zm00001eb350920	chr8	+	False	True	0	1	0	1	True
Zm00001eb350930	chr8	+	False	True	5	0	6	11	True
Zm00001eb350990	chr8	+	False	True	5	0	7	12	True
Zm00001eb351000	chr8	+	False	True	3	0	16	19	True
Zm00001eb351010	chr8	+	False	True	7	1	22	30	True
Zm00001eb351020	chr8	+	False	True	0	0	0	0	False
Zm00001eb351060	chr8	-	False	True	1	1	13	15	True
Zm00001eb351080	chr8	-	False	True	1	0	7	8	True
Zm00001eb351090	chr8	+	False	True	4	0	7	11	True
Zm00001eb351120	chr8	+	False	True	0	1	0	1	True
Zm00001eb351270	chr8	+	False	True	3	0	5	8	True
Zm00001eb351280	chr8	-	False	True	2	0	4	6	True
Zm00001eb351340	chr8	-	True	False	3	0	11	14	True
Zm00001eb351350	chr8	+	False	True	4	1	28	33	True
Zm00001eb351390	chr8	-	False	True	10	0	18	28	True
Zm00001eb351400	chr8	-	False	True	0	1	8	9	True
Zm00001eb351410	chr8	-	False	True	5	0	26	31	True
Zm00001eb351500	chr8	-	False	True	1	0	10	11	True
Zm00001eb351570	chr8	+	False	True	2	0	2	4	True
Zm00001eb351580	chr8	+	False	True	5	2	33	40	True
Zm00001eb351610	chr8	+	False	True	1	0	9	10	True
Zm00001eb351780	chr8	+	False	True	2	0	9	11	True
Zm00001eb351790	chr8	-	False	True	10	0	11	21	True
Zm00001eb351800	chr8	+	False	True	10	0	12	22	True
Zm00001eb351820	chr8	+	False	True	5	0	19	24	True
Zm00001eb351830	chr8	-	False	True	0	0	1	1	True
Zm00001eb351930	chr8	-	False	True	2	0	4	6	True
Zm00001eb351940	chr8	+	False	True	0	0	0	0	False
Zm00001eb351950	chr8	+	False	True	1	0	11	12	True
Zm00001eb351960	chr8	+	False	True	6	1	25	32	True
Zm00001eb351970	chr8	-	False	True	1	2	22	25	True
Zm00001eb352030	chr8	-	False	True	6	0	27	33	True
Zm00001eb352040	chr8	-	False	True	2	1	2	5	True
Zm00001eb352080	chr8	-	False	True	3	1	2	6	True
Zm00001eb352100	chr8	-	False	True	3	1	2	6	True
Zm00001eb352130	chr8	+	False	True	2	0	7	9	True
Zm00001eb352140	chr8	-	False	True	4	2	20	26	True
Zm00001eb352190	chr8	+	False	True	0	0	0	0	False
Zm00001eb352210	chr8	-	False	True	0	0	1	1	True
Zm00001eb352220	chr8	-	False	True	3	0	4	7	True
Zm00001eb352240	chr8	+	False	True	0	0	3	3	True
Zm00001eb352250	chr8	+	False	True	4	0	10	14	True
Zm00001eb352260	chr8	-	False	True	3	1	9	13	True
Zm00001eb352310	chr8	-	False	True	13	2	33	48	True
Zm00001eb352340	chr8	-	False	True	2	1	6	9	True
Zm00001eb352350	chr8	-	False	True	0	0	5	5	True
Zm00001eb352370	chr8	+	False	True	6	2	20	28	True
Zm00001eb352500	chr8	-	False	True	3	0	3	6	True
Zm00001eb352570	chr8	-	False	True	1	0	0	1	True
Zm00001eb352720	chr8	+	False	True	11	1	38	50	True
Zm00001eb352790	chr8	-	False	True	0	0	1	1	True
Zm00001eb352840	chr8	-	False	True	2	1	10	13	True
Zm00001eb352850	chr8	+	False	True	1	1	4	6	True
Zm00001eb352860	chr8	+	False	True	2	0	1	3	True
Zm00001eb352870	chr8	-	False	True	1	0	1	2	True
Zm00001eb352880	chr8	-	False	True	1	0	4	5	True
Zm00001eb352890	chr8	-	False	True	2	0	0	2	True
Zm00001eb352910	chr8	-	False	True	0	0	3	3	True
Zm00001eb352920	chr8	+	False	True	0	0	0	0	False
Zm00001eb352940	chr8	-	False	True	15	3	25	43	True
Zm00001eb352950	chr8	-	False	True	4	1	30	35	True
Zm00001eb353030	chr8	+	False	True	21	0	20	41	True
Zm00001eb353050	chr8	-	False	True	2	3	6	11	True
Zm00001eb353080	chr8	-	False	True	2	1	5	8	True
Zm00001eb353170	chr8	-	False	True	1	0	7	8	True
Zm00001eb353180	chr8	-	False	True	0	0	3	3	True
Zm00001eb353270	chr8	+	False	True	1	0	2	3	True
Zm00001eb353280	chr8	+	False	True	0	0	0	0	False
Zm00001eb353320	chr8	+	False	True	1	0	6	7	True
Zm00001eb353510	chr8	-	False	True	0	0	0	0	False
Zm00001eb353520	chr8	-	False	True	0	0	4	4	True
Zm00001eb353580	chr8	+	False	True	0	0	4	4	True
Zm00001eb353590	chr8	+	False	True	3	0	5	8	True
Zm00001eb353650	chr8	-	False	True	3	2	16	21	True
Zm00001eb353660	chr8	-	False	True	3	3	23	29	True
Zm00001eb353680	chr8	-	False	True	3	1	5	9	True
Zm00001eb353690	chr8	-	False	True	3	1	4	8	True
Zm00001eb353700	chr8	-	False	True	5	1	10	16	True
Zm00001eb353760	chr8	+	False	True	4	0	9	13	True
Zm00001eb353780	chr8	+	False	True	2	1	4	7	True
Zm00001eb353800	chr8	-	False	True	3	1	12	16	True
Zm00001eb353810	chr8	+	False	True	4	1	18	23	True
Zm00001eb353820	chr8	+	False	True	3	0	14	17	True
Zm00001eb353830	chr8	-	False	True	0	0	2	2	True
Zm00001eb353850	chr8	-	False	True	2	0	5	7	True
Zm00001eb353930	chr8	+	False	True	4	0	19	23	True
Zm00001eb353940	chr8	-	False	True	3	0	6	9	True
Zm00001eb353960	chr8	-	False	True	1	2	35	38	True
Zm00001eb353990	chr8	-	False	True	2	1	21	24	True
Zm00001eb354100	chr8	+	False	True	0	0	0	0	False
Zm00001eb354180	chr8	+	False	True	0	0	1	1	True
Zm00001eb354190	chr8	-	False	True	0	0	0	0	False
Zm00001eb354250	chr8	-	False	True	4	1	8	13	True
Zm00001eb354270	chr8	+	True	False	7	1	15	23	True
Zm00001eb354280	chr8	+	False	True	4	2	21	27	True
Zm00001eb354320	chr8	+	False	True	2	1	3	6	True
Zm00001eb354370	chr8	+	False	True	6	0	34	40	True
Zm00001eb354420	chr8	+	False	True	3	0	10	13	True
Zm00001eb354430	chr8	+	False	True	1	0	0	1	True
Zm00001eb354520	chr8	-	False	True	4	2	12	18	True
Zm00001eb354530	chr8	+	False	True	0	1	3	4	True
Zm00001eb354560	chr8	-	False	True	1	0	11	12	True
Zm00001eb354570	chr8	-	False	True	10	2	16	28	True
Zm00001eb354610	chr8	+	False	True	0	0	0	0	False
Zm00001eb354620	chr8	-	False	True	4	0	10	14	True
Zm00001eb354640	chr8	-	False	True	9	0	17	26	True
Zm00001eb354850	chr8	-	False	True	1	0	12	13	True
Zm00001eb354890	chr8	-	False	True	4	0	10	14	True
Zm00001eb354910	chr8	-	False	True	15	2	46	63	True
Zm00001eb354920	chr8	-	False	True	1	2	1	4	True
Zm00001eb355010	chr8	+	False	True	4	0	23	27	True
Zm00001eb355030	chr8	-	False	True	9	0	5	14	True
Zm00001eb355050	chr8	+	False	True	0	0	0	0	False
Zm00001eb355060	chr8	-	False	True	8	0	15	23	True
Zm00001eb355110	chr8	-	False	True	3	0	20	23	True
Zm00001eb355140	chr8	-	False	True	1	0	1	2	True
Zm00001eb355170	chr8	-	False	True	2	1	10	13	True
Zm00001eb355240	chr8	+	False	True	3	0	11	14	True
Zm00001eb355290	chr8	+	False	True	6	0	28	34	True
Zm00001eb355300	chr8	-	False	True	3	0	6	9	True
Zm00001eb355350	chr8	-	False	True	0	0	0	0	False
Zm00001eb355420	chr8	+	False	True	1	0	1	2	True
Zm00001eb355540	chr8	+	False	True	2	0	12	14	True
Zm00001eb355550	chr8	+	False	True	0	0	1	1	True
Zm00001eb355580	chr8	+	False	True	7	0	25	32	True
Zm00001eb355650	chr8	-	False	True	1	1	8	10	True
Zm00001eb355660	chr8	+	False	True	13	1	30	44	True
Zm00001eb355670	chr8	-	False	True	2	1	18	21	True
Zm00001eb355740	chr8	+	False	True	0	0	0	0	False
Zm00001eb355770	chr8	-	True	False	1	0	2	3	True
Zm00001eb355890	chr8	-	False	True	8	1	13	22	True
Zm00001eb356080	chr8	+	False	True	1	0	6	7	True
Zm00001eb356090	chr8	-	False	True	10	1	25	36	True
Zm00001eb356100	chr8	+	False	True	0	0	0	0	False
Zm00001eb356110	chr8	-	False	True	8	0	46	54	True
Zm00001eb356140	chr8	+	False	True	0	0	0	0	False
Zm00001eb356200	chr8	-	False	True	4	0	17	21	True
Zm00001eb356210	chr8	+	False	True	3	0	16	19	True
Zm00001eb356220	chr8	-	False	True	1	2	14	17	True
Zm00001eb356240	chr8	-	False	True	0	0	1	1	True
Zm00001eb356260	chr8	+	False	True	0	0	0	0	False
Zm00001eb356320	chr8	-	False	True	11	2	58	71	True
Zm00001eb356330	chr8	+	False	True	3	0	24	27	True
Zm00001eb356340	chr8	-	False	True	3	1	10	14	True
Zm00001eb356360	chr8	+	False	True	7	1	55	63	True
Zm00001eb356370	chr8	+	False	True	0	0	0	0	False
Zm00001eb356420	chr8	+	False	True	2	0	1	3	True
Zm00001eb356430	chr8	-	False	True	11	2	19	32	True
Zm00001eb356440	chr8	+	False	True	5	0	8	13	True
Zm00001eb356450	chr8	-	False	True	11	0	34	45	True
Zm00001eb356460	chr8	+	False	True	3	0	16	19	True
Zm00001eb356480	chr8	-	False	True	5	2	7	14	True
Zm00001eb356490	chr8	+	False	True	3	0	9	12	True
Zm00001eb356500	chr8	+	False	True	0	1	1	2	True
Zm00001eb356510	chr8	-	False	True	9	1	12	22	True
Zm00001eb356520	chr8	+	False	True	6	0	14	20	True
Zm00001eb356540	chr8	+	False	True	7	1	26	34	True
Zm00001eb356600	chr8	+	False	True	0	0	1	1	True
Zm00001eb356610	chr8	-	False	True	1	1	13	15	True
Zm00001eb356690	chr8	+	False	True	0	0	0	0	False
Zm00001eb356710	chr8	-	False	True	2	1	12	15	True
Zm00001eb356760	chr8	-	False	True	0	1	20	21	True
Zm00001eb356770	chr8	+	False	True	7	0	43	50	True
Zm00001eb356780	chr8	+	False	True	7	1	42	50	True
Zm00001eb356840	chr8	+	False	True	0	1	0	1	True
Zm00001eb356850	chr8	-	False	True	0	0	2	2	True
Zm00001eb356860	chr8	-	False	True	1	0	11	12	True
Zm00001eb356870	chr8	+	False	True	2	0	5	7	True
Zm00001eb356880	chr8	-	False	True	4	0	2	6	True
Zm00001eb356910	chr8	-	True	False	21	0	35	56	True
Zm00001eb356950	chr8	-	False	True	6	2	24	32	True
Zm00001eb356970	chr8	+	False	True	11	0	19	30	True
Zm00001eb356980	chr8	-	False	True	7	0	16	23	True
Zm00001eb357000	chr8	+	False	True	3	0	10	13	True
Zm00001eb357010	chr8	+	False	True	4	0	17	21	True
Zm00001eb357020	chr8	-	False	True	3	0	9	12	True
Zm00001eb357030	chr8	-	False	True	0	0	3	3	True
Zm00001eb357040	chr8	-	False	True	8	0	24	32	True
Zm00001eb357050	chr8	+	False	True	1	0	0	1	True
Zm00001eb357090	chr8	+	False	True	0	1	6	7	True
Zm00001eb357100	chr8	+	False	True	5	0	8	13	True
Zm00001eb357130	chr8	-	False	True	1	0	2	3	True
Zm00001eb357140	chr8	-	False	True	0	0	2	2	True
Zm00001eb357160	chr8	+	False	True	6	0	30	36	True
Zm00001eb357200	chr8	-	False	True	2	0	8	10	True
Zm00001eb357210	chr8	+	False	True	2	0	9	11	True
Zm00001eb357220	chr8	+	False	True	6	0	5	11	True
Zm00001eb357240	chr8	-	False	True	0	0	1	1	True
Zm00001eb357330	chr8	+	False	True	4	1	10	15	True
Zm00001eb357340	chr8	-	False	True	0	0	4	4	True
Zm00001eb357370	chr8	-	False	True	7	1	31	39	True
Zm00001eb357390	chr8	-	False	True	3	0	13	16	True
Zm00001eb357410	chr8	+	False	True	4	0	9	13	True
Zm00001eb357440	chr8	+	False	True	6	0	13	19	True
Zm00001eb357490	chr8	+	False	True	8	1	30	39	True
Zm00001eb357510	chr8	+	False	True	9	0	17	26	True
Zm00001eb357520	chr8	+	False	True	9	0	11	20	True
Zm00001eb357530	chr8	+	False	True	5	0	20	25	True
Zm00001eb357640	chr8	+	False	True	0	0	6	6	True
Zm00001eb357700	chr8	+	False	True	2	0	1	3	True
Zm00001eb357710	chr8	+	False	True	5	2	24	31	True
Zm00001eb357750	chr8	-	False	True	0	0	2	2	True
Zm00001eb357760	chr8	+	False	True	2	0	3	5	True
Zm00001eb357780	chr8	+	False	True	0	1	1	2	True
Zm00001eb357790	chr8	+	False	True	10	1	74	85	True
Zm00001eb357830	chr8	+	False	True	7	0	24	31	True
Zm00001eb357840	chr8	-	False	True	1	0	0	1	True
Zm00001eb357890	chr8	+	False	True	0	1	12	13	True
Zm00001eb357900	chr8	-	False	True	1	1	3	5	True
Zm00001eb357910	chr8	+	False	True	1	1	7	9	True
Zm00001eb357940	chr8	+	False	True	0	0	8	8	True
Zm00001eb358380	chr8	-	False	True	0	0	1	1	True
Zm00001eb360890	chr8	-	False	True	0	0	0	0	False
Zm00001eb363830	chr8	-	False	True	2	0	12	14	True
Zm00001eb363840	chr8	-	False	True	9	0	24	33	True
Zm00001eb363860	chr8	+	False	True	3	0	3	6	True
Zm00001eb363870	chr8	+	False	True	0	0	2	2	True
Zm00001eb363880	chr8	+	False	True	16	0	38	54	True
Zm00001eb363890	chr8	+	False	True	1	0	10	11	True
Zm00001eb363940	chr8	-	False	True	6	0	11	17	True
Zm00001eb363950	chr8	+	False	True	5	0	7	12	True
Zm00001eb363960	chr8	-	False	True	11	2	32	45	True
Zm00001eb363970	chr8	+	False	True	14	0	21	35	True
Zm00001eb364010	chr8	+	False	True	6	0	13	19	True
Zm00001eb364070	chr8	-	False	True	3	0	16	19	True
Zm00001eb364080	chr8	+	False	True	0	0	5	5	True
Zm00001eb364090	chr8	+	False	True	2	0	11	13	True
Zm00001eb364100	chr8	-	False	True	1	1	2	4	True
Zm00001eb364190	chr8	-	False	True	2	0	17	19	True
Zm00001eb364200	chr8	-	False	True	12	1	23	36	True
Zm00001eb364210	chr8	+	False	True	6	1	19	26	True
Zm00001eb364260	chr8	-	False	True	0	0	2	2	True
Zm00001eb364290	chr8	-	False	True	0	0	1	1	True
Zm00001eb364370	chr8	+	False	True	0	0	1	1	True
Zm00001eb364380	chr8	-	False	True	4	2	30	36	True
Zm00001eb364470	chr8	+	False	True	1	0	9	10	True
Zm00001eb364480	chr8	-	False	True	8	1	20	29	True
Zm00001eb364510	chr8	+	False	True	5	0	30	35	True
Zm00001eb364580	chr8	+	False	True	2	2	34	38	True
Zm00001eb364590	chr8	+	False	True	2	1	6	9	True
Zm00001eb364620	chr8	+	False	True	7	1	6	14	True
Zm00001eb364660	chr8	+	False	True	1	0	0	1	True
Zm00001eb364680	chr8	+	False	True	0	0	1	1	True
Zm00001eb364690	chr8	+	False	True	1	1	17	19	True
Zm00001eb364730	chr8	+	False	True	9	0	24	33	True
Zm00001eb364740	chr8	-	False	True	7	0	26	33	True
Zm00001eb364750	chr8	-	False	True	11	1	29	41	True
Zm00001eb364810	chr8	+	False	True	0	2	13	15	True
Zm00001eb364820	chr8	+	False	True	3	0	12	15	True
Zm00001eb364910	chr8	-	False	True	1	1	15	17	True
Zm00001eb364960	chr8	-	False	True	2	0	12	14	True
Zm00001eb364970	chr8	+	False	True	4	0	7	11	True
Zm00001eb365000	chr8	-	False	True	8	0	24	32	True
Zm00001eb365010	chr8	-	False	True	4	1	14	19	True
Zm00001eb365020	chr8	-	False	True	4	0	9	13	True
Zm00001eb365030	chr8	+	False	True	2	0	11	13	True
Zm00001eb365040	chr8	+	False	True	1	0	10	11	True
Zm00001eb365120	chr8	-	False	True	9	2	41	52	True
Zm00001eb365180	chr8	+	False	True	2	0	4	6	True
Zm00001eb365190	chr8	+	False	True	6	1	44	51	True
Zm00001eb365200	chr8	-	False	True	6	0	28	34	True
Zm00001eb365210	chr8	-	False	True	1	1	11	13	True
Zm00001eb365330	chr8	+	False	True	5	1	44	50	True
Zm00001eb365370	chr8	+	False	True	5	2	28	35	True
Zm00001eb365390	chr8	-	False	True	13	1	62	76	True
Zm00001eb365410	chr8	-	False	True	2	0	13	15	True
Zm00001eb365450	chr8	+	False	True	0	0	1	1	True
Zm00001eb365570	chr8	+	True	False	0	0	0	0	False
Zm00001eb365580	chr8	+	False	True	7	2	16	25	True
Zm00001eb365590	chr8	-	False	True	3	0	2	5	True
Zm00001eb365610	chr8	+	False	True	4	1	21	26	True
Zm00001eb365620	chr8	-	False	True	0	1	6	7	True
Zm00001eb365640	chr8	-	False	True	3	0	20	23	True
Zm00001eb365660	chr8	-	False	True	2	0	5	7	True
Zm00001eb365670	chr8	+	False	True	1	2	12	15	True
Zm00001eb365690	chr8	-	False	True	15	1	43	59	True
Zm00001eb365700	chr8	-	False	True	7	1	18	26	True
Zm00001eb365710	chr8	-	False	True	5	1	37	43	True
Zm00001eb365770	chr8	+	False	True	0	0	0	0	False
Zm00001eb365780	chr8	-	False	True	12	0	13	25	True
Zm00001eb365820	chr8	+	False	True	2	0	2	4	True
Zm00001eb365850	chr8	+	False	True	5	0	22	27	True
Zm00001eb365870	chr8	+	False	True	5	0	29	34	True
Zm00001eb365940	chr8	+	False	True	5	0	16	21	True
Zm00001eb365950	chr8	+	False	True	7	0	75	82	True
Zm00001eb365960	chr8	-	False	True	1	1	12	14	True
Zm00001eb365980	chr8	-	False	True	20	3	28	51	True
Zm00001eb365990	chr8	+	False	True	3	1	17	21	True
Zm00001eb366020	chr8	+	False	True	0	0	3	3	True
Zm00001eb366030	chr8	+	False	True	10	1	26	37	True
Zm00001eb366040	chr8	+	False	True	4	1	11	16	True
Zm00001eb366050	chr8	+	False	True	7	2	21	30	True
Zm00001eb366080	chr8	+	False	True	3	0	13	16	True
Zm00001eb366090	chr8	-	False	True	0	0	0	0	False
Zm00001eb366170	chr8	+	False	True	5	0	24	29	True
Zm00001eb366180	chr8	-	False	True	4	1	24	29	True
Zm00001eb366220	chr8	+	False	True	6	1	19	26	True
Zm00001eb366250	chr8	-	False	True	0	0	1	1	True
Zm00001eb366280	chr8	+	False	True	0	0	2	2	True
Zm00001eb366290	chr8	+	False	True	2	0	2	4	True
Zm00001eb366310	chr8	+	False	True	4	1	9	14	True
Zm00001eb366320	chr8	+	False	True	0	0	0	0	False
Zm00001eb366330	chr8	-	False	True	3	0	7	10	True
Zm00001eb366350	chr8	+	False	True	1	0	2	3	True
Zm00001eb366360	chr8	-	False	True	3	0	11	14	True
Zm00001eb366390	chr8	+	False	True	4	2	17	23	True
Zm00001eb366400	chr8	+	False	True	8	1	22	31	True
Zm00001eb366410	chr8	-	False	True	7	0	61	68	True
Zm00001eb366430	chr8	+	False	True	6	2	29	37	True
Zm00001eb366470	chr8	-	False	True	4	2	35	41	True
Zm00001eb366540	chr8	-	False	True	8	2	11	21	True
Zm00001eb366620	chr8	-	False	True	3	2	23	28	True
Zm00001eb366640	chr8	+	False	True	0	0	2	2	True
Zm00001eb366700	chr8	+	False	True	6	1	6	13	True
Zm00001eb366710	chr8	-	False	True	0	0	9	9	True
Zm00001eb366720	chr8	-	False	True	13	0	51	64	True
Zm00001eb366810	chr8	-	False	True	1	1	21	23	True
Zm00001eb366820	chr8	+	False	True	4	1	24	29	True
Zm00001eb366990	chr8	+	False	True	0	0	2	2	True
Zm00001eb367000	chr8	-	False	True	4	2	9	15	True
Zm00001eb367040	chr8	+	False	True	1	0	4	5	True
Zm00001eb367050	chr8	-	False	True	4	1	28	33	True
Zm00001eb367060	chr8	+	False	True	6	0	26	32	True
Zm00001eb367120	chr8	-	False	True	5	0	13	18	True
Zm00001eb367170	chr8	+	False	True	7	0	56	63	True
Zm00001eb367290	chr8	-	False	True	5	3	11	19	True
Zm00001eb367300	chr8	+	False	True	3	2	11	16	True
Zm00001eb367310	chr8	-	False	True	10	0	19	29	True
Zm00001eb367320	chr8	+	False	True	2	0	7	9	True
Zm00001eb367330	chr8	-	False	True	0	1	2	3	True
Zm00001eb367410	chr8	+	False	True	0	0	1	1	True
Zm00001eb367450	chr8	+	False	True	0	0	1	1	True
Zm00001eb367490	chr8	+	False	True	13	0	35	48	True
Zm00001eb367500	chr8	+	False	True	7	0	9	16	True
Zm00001eb367650	chr8	-	False	True	2	0	9	11	True
Zm00001eb367660	chr8	+	False	True	1	1	21	23	True
Zm00001eb367670	chr8	-	False	True	2	1	15	18	True
Zm00001eb367740	chr8	-	False	True	0	0	1	1	True
Zm00001eb367770	chr8	-	True	False	2	0	1	3	True
Zm00001eb367780	chr8	-	False	True	6	1	9	16	True
Zm00001eb367790	chr8	+	False	True	0	0	2	2	True
Zm00001eb367810	chr8	-	False	True	0	0	9	9	True
Zm00001eb367830	chr8	+	False	True	2	1	13	16	True
Zm00001eb367840	chr8	-	False	True	6	0	8	14	True
Zm00001eb367850	chr8	-	False	True	11	1	15	27	True
Zm00001eb367890	chr8	+	False	True	1	0	3	4	True
Zm00001eb367920	chr8	-	False	True	0	0	0	0	False
Zm00001eb368000	chr8	-	True	False	10	1	61	72	True
Zm00001eb368010	chr8	+	False	True	13	2	47	62	True
Zm00001eb368020	chr8	+	False	True	2	0	11	13	True
Zm00001eb368030	chr8	-	False	True	0	0	9	9	True
Zm00001eb368040	chr8	+	False	True	1	0	2	3	True
Zm00001eb368060	chr8	-	False	True	4	1	10	15	True
Zm00001eb368100	chr8	-	False	True	7	1	25	33	True
Zm00001eb368150	chr8	+	False	True	6	0	57	63	True
Zm00001eb368160	chr8	-	False	True	2	1	6	9	True
Zm00001eb368220	chr8	+	False	True	22	0	43	65	True
Zm00001eb368270	chr8	-	False	True	8	0	8	16	True
Zm00001eb368290	chr8	-	False	True	12	1	46	59	True
Zm00001eb368330	chr8	+	False	True	4	1	49	54	True
Zm00001eb368360	chr8	-	False	True	7	0	22	29	True
Zm00001eb368380	chr8	+	False	True	10	0	27	37	True
Zm00001eb368390	chr8	+	False	True	1	0	6	7	True
Zm00001eb368400	chr8	-	False	True	3	1	7	11	True
Zm00001eb368420	chr8	+	False	True	0	0	1	1	True
Zm00001eb368430	chr8	-	False	True	0	0	4	4	True
Zm00001eb368480	chr8	-	False	True	1	0	19	20	True
Zm00001eb368510	chr8	+	False	True	9	0	9	18	True
Zm00001eb368620	chr8	+	False	True	11	1	50	62	True
Zm00001eb368660	chr8	-	False	True	11	0	20	31	True
Zm00001eb368680	chr8	+	False	True	3	0	35	38	True
Zm00001eb368700	chr8	+	False	True	8	1	35	44	True
Zm00001eb368790	chr8	-	False	True	17	2	46	65	True
Zm00001eb368810	chr8	+	False	True	9	0	51	60	True
Zm00001eb368820	chr8	+	False	True	6	0	45	51	True
Zm00001eb368840	chr8	+	False	True	3	1	17	21	True
Zm00001eb368920	chr8	+	False	True	2	1	12	15	True
Zm00001eb368940	chr8	-	False	True	6	1	41	48	True
Zm00001eb368960	chr8	-	False	True	0	0	0	0	False
Zm00001eb368990	chr8	-	False	True	7	0	11	18	True
Zm00001eb369060	chr8	+	False	True	6	0	9	15	True
Zm00001eb369080	chr8	-	False	True	0	0	0	0	False
Zm00001eb369110	chr8	+	False	True	6	0	12	18	True
Zm00001eb369170	chr8	+	False	True	5	0	24	29	True
Zm00001eb369190	chr8	-	False	True	6	0	19	25	True
Zm00001eb369320	chr8	+	False	True	9	1	18	28	True
Zm00001eb369330	chr8	+	False	True	2	0	6	8	True
Zm00001eb369350	chr8	-	False	True	0	0	1	1	True
Zm00001eb369460	chr8	-	False	True	4	0	2	6	True
Zm00001eb369470	chr8	-	False	True	19	0	19	38	True
Zm00001eb369480	chr8	+	False	True	5	0	31	36	True
Zm00001eb369490	chr8	+	False	True	8	2	42	52	True
Zm00001eb369510	chr8	-	False	True	1	0	27	28	True
Zm00001eb369550	chr8	-	False	True	0	1	0	1	True
Zm00001eb369560	chr8	-	False	True	5	0	23	28	True
Zm00001eb369580	chr8	-	False	True	5	1	20	26	True
Zm00001eb369590	chr8	-	False	True	10	4	25	39	True
Zm00001eb369610	chr8	-	False	True	11	2	38	51	True
Zm00001eb369650	chr8	+	False	True	5	0	7	12	True
Zm00001eb369660	chr8	-	False	True	2	0	9	11	True
Zm00001eb369690	chr8	+	False	True	11	1	31	43	True
Zm00001eb369730	chr8	+	False	True	8	1	22	31	True
Zm00001eb369960	chr8	+	False	True	3	0	3	6	True
Zm00001eb369980	chr8	+	False	True	4	1	47	52	True
Zm00001eb370020	chr8	-	False	True	0	1	5	6	True
Zm00001eb370030	chr8	-	False	True	0	0	0	0	False
Zm00001eb370100	chr8	+	False	True	0	0	1	1	True
Zm00001eb370110	chr8	+	False	True	1	0	8	9	True
Zm00001eb370120	chr8	-	False	True	4	0	65	69	True
Zm00001eb370130	chr8	-	False	True	4	2	7	13	True
Zm00001eb370140	chr8	-	False	True	0	0	0	0	False
Zm00001eb370150	chr8	-	False	True	6	0	18	24	True
Zm00001eb370160	chr8	-	False	True	8	1	29	38	True
Zm00001eb370170	chr8	-	False	True	2	0	16	18	True
Zm00001eb370180	chr8	-	False	True	1	2	6	9	True
Zm00001eb370210	chr8	+	False	True	4	1	28	33	True
Zm00001eb370220	chr8	+	False	True	2	1	15	18	True
Zm00001eb370240	chr8	-	False	True	0	0	2	2	True
Zm00001eb370290	chr8	+	False	True	4	0	10	14	True
Zm00001eb370300	chr8	+	False	True	11	2	36	49	True
Zm00001eb370310	chr8	+	False	True	10	1	21	32	True
Zm00001eb370320	chr8	+	False	True	0	0	2	2	True
Zm00001eb370330	chr8	+	False	True	10	0	44	54	True
Zm00001eb370350	chr8	-	False	True	6	0	16	22	True
Zm00001eb370370	chr8	-	False	True	3	0	16	19	True
Zm00001eb370380	chr8	+	False	True	1	2	13	16	True
Zm00001eb370410	chr8	-	False	True	2	1	24	27	True
Zm00001eb370430	chr8	+	False	True	3	0	11	14	True
Zm00001eb370440	chr8	+	False	True	8	0	31	39	True
Zm00001eb370450	chr8	+	False	True	1	0	3	4	True
Zm00001eb370460	chr8	+	False	True	0	0	0	0	False
Zm00001eb370470	chr8	+	False	True	1	0	13	14	True
Zm00001eb370480	chr8	-	False	True	5	0	10	15	True
Zm00001eb370490	chr8	+	False	True	4	0	5	9	True
Zm00001eb370590	chr8	+	False	True	7	0	23	30	True
Zm00001eb370610	chr8	+	True	False	4	1	16	21	True
Zm00001eb370620	chr8	+	False	True	5	0	12	17	True
Zm00001eb370650	chr8	+	False	True	0	1	3	4	True
Zm00001eb370730	chr8	-	False	True	5	1	31	37	True
Zm00001eb370790	chr8	+	False	True	14	0	43	57	True
Zm00001eb370810	chr8	+	False	True	12	0	22	34	True
Zm00001eb370830	chr8	+	False	True	2	0	16	18	True
Zm00001eb370850	chr8	+	False	True	6	1	22	29	True
Zm00001eb370960	chr8	+	False	True	7	0	20	27	True
Zm00001eb370980	chr8	-	False	True	5	2	25	32	True
Zm00001eb370990	chr8	+	False	True	5	0	8	13	True
Zm00001eb371000	chr8	-	False	True	3	0	7	10	True
Zm00001eb371020	chr8	+	False	True	1	0	0	1	True
Zm00001eb371050	chr8	+	False	True	0	0	1	1	True
Zm00001eb371080	chr8	-	False	True	5	1	9	15	True
Zm00001eb371090	chr8	+	False	True	1	0	9	10	True
Zm00001eb371100	chr8	+	False	True	0	1	2	3	True
Zm00001eb371180	chr8	+	False	True	1	0	9	10	True
Zm00001eb371200	chr8	-	False	True	4	1	20	25	True
Zm00001eb371210	chr8	+	False	True	0	1	1	2	True
Zm00001eb371250	chr8	-	False	True	0	0	0	0	False
Zm00001eb371280	chr8	+	False	True	0	0	1	1	True
Zm00001eb371430	chr9	-	False	True	1	0	3	4	True
Zm00001eb371490	chr9	+	False	True	6	0	17	23	True
Zm00001eb371520	chr9	-	False	True	1	0	0	1	True
Zm00001eb371550	chr9	-	False	True	11	1	26	38	True
Zm00001eb371640	chr9	+	False	True	2	1	17	20	True
Zm00001eb371680	chr9	+	False	True	8	0	21	29	True
Zm00001eb371720	chr9	+	False	True	2	1	12	15	True
Zm00001eb371740	chr9	-	False	True	8	1	27	36	True
Zm00001eb371760	chr9	+	False	True	1	1	4	6	True
Zm00001eb371770	chr9	+	False	True	0	0	1	1	True
Zm00001eb371830	chr9	-	False	True	1	0	1	2	True
Zm00001eb371840	chr9	+	False	True	4	0	11	15	True
Zm00001eb371890	chr9	-	False	True	3	1	7	11	True
Zm00001eb371900	chr9	+	False	True	0	0	9	9	True
Zm00001eb371940	chr9	+	False	True	1	0	3	4	True
Zm00001eb371960	chr9	-	False	True	1	0	1	2	True
Zm00001eb372200	chr9	-	False	True	5	0	20	25	True
Zm00001eb372210	chr9	+	False	True	6	0	10	16	True
Zm00001eb372220	chr9	-	False	True	3	1	37	41	True
Zm00001eb372380	chr9	+	False	True	11	1	7	19	True
Zm00001eb372390	chr9	+	False	True	0	1	4	5	True
Zm00001eb372600	chr9	+	False	True	11	0	16	27	True
Zm00001eb372660	chr9	-	False	True	3	1	4	8	True
Zm00001eb372700	chr9	+	False	True	4	2	10	16	True
Zm00001eb372750	chr9	+	False	True	1	0	12	13	True
Zm00001eb372770	chr9	+	False	True	1	0	12	13	True
Zm00001eb372950	chr9	+	False	True	15	0	18	33	True
Zm00001eb372960	chr9	-	False	True	10	0	5	15	True
Zm00001eb372970	chr9	-	False	True	6	2	24	32	True
Zm00001eb372980	chr9	-	False	True	8	0	51	59	True
Zm00001eb373030	chr9	+	False	True	2	0	16	18	True
Zm00001eb373050	chr9	-	False	True	2	0	6	8	True
Zm00001eb373080	chr9	+	False	True	3	0	7	10	True
Zm00001eb373090	chr9	+	False	True	6	0	54	60	True
Zm00001eb373110	chr9	+	False	True	8	0	32	40	True
Zm00001eb373120	chr9	-	False	True	5	1	12	18	True
Zm00001eb373130	chr9	-	False	True	9	1	41	51	True
Zm00001eb373140	chr9	-	False	True	8	1	28	37	True
Zm00001eb373150	chr9	-	False	True	17	0	23	40	True
Zm00001eb373180	chr9	+	False	True	12	1	59	72	True
Zm00001eb373200	chr9	+	False	True	3	0	9	12	True
Zm00001eb373290	chr9	-	False	True	1	0	0	1	True
Zm00001eb373300	chr9	-	False	True	0	0	3	3	True
Zm00001eb373330	chr9	+	False	True	7	0	24	31	True
Zm00001eb373340	chr9	-	False	True	4	0	18	22	True
Zm00001eb373380	chr9	-	False	True	12	0	7	19	True
Zm00001eb373390	chr9	-	False	True	0	0	1	1	True
Zm00001eb373490	chr9	-	False	True	2	0	21	23	True
Zm00001eb373500	chr9	+	False	True	0	2	4	6	True
Zm00001eb373560	chr9	-	False	True	1	1	19	21	True
Zm00001eb373580	chr9	-	False	True	2	0	21	23	True
Zm00001eb373660	chr9	-	False	True	2	1	5	8	True
Zm00001eb373700	chr9	-	False	True	6	1	21	28	True
Zm00001eb373710	chr9	-	False	True	8	1	13	22	True
Zm00001eb373760	chr9	+	False	True	3	0	11	14	True
Zm00001eb373800	chr9	-	False	True	1	1	7	9	True
Zm00001eb373900	chr9	-	False	True	7	3	34	44	True
Zm00001eb373920	chr9	-	False	True	3	0	9	12	True
Zm00001eb373930	chr9	-	False	True	0	0	1	1	True
Zm00001eb373990	chr9	-	False	True	3	0	16	19	True
Zm00001eb374000	chr9	+	False	True	3	0	17	20	True
Zm00001eb374010	chr9	-	False	True	0	0	0	0	False
Zm00001eb374040	chr9	-	False	True	6	0	15	21	True
Zm00001eb374080	chr9	+	False	True	13	0	18	31	True
Zm00001eb374150	chr9	+	False	True	3	0	6	9	True
Zm00001eb374160	chr9	-	False	True	0	0	1	1	True
Zm00001eb374200	chr9	+	False	True	1	0	0	1	True
Zm00001eb374210	chr9	+	False	True	5	0	13	18	True
Zm00001eb374300	chr9	+	False	True	0	0	1	1	True
Zm00001eb374330	chr9	-	False	True	1	1	5	7	True
Zm00001eb374350	chr9	+	False	True	0	0	11	11	True
Zm00001eb374360	chr9	-	False	True	6	2	46	54	True
Zm00001eb374380	chr9	-	False	True	4	0	17	21	True
Zm00001eb374440	chr9	-	False	True	3	0	35	38	True
Zm00001eb374460	chr9	+	False	True	0	0	0	0	False
Zm00001eb374580	chr9	-	False	True	9	2	23	34	True
Zm00001eb374670	chr9	+	False	True	1	0	0	1	True
Zm00001eb374710	chr9	-	False	True	0	0	5	5	True
Zm00001eb374750	chr9	+	False	True	0	0	0	0	False
Zm00001eb374780	chr9	-	False	True	2	1	10	13	True
Zm00001eb374880	chr9	+	False	True	5	0	0	5	True
Zm00001eb374920	chr9	+	False	True	0	0	0	0	False
Zm00001eb375010	chr9	+	False	True	3	1	18	22	True
Zm00001eb375030	chr9	+	False	True	6	0	14	20	True
Zm00001eb375040	chr9	-	False	True	9	1	40	50	True
Zm00001eb375110	chr9	+	False	True	1	0	11	12	True
Zm00001eb375120	chr9	-	True	False	16	1	25	42	True
Zm00001eb375140	chr9	-	False	True	0	0	0	0	False
Zm00001eb375180	chr9	-	False	True	0	1	0	1	True
Zm00001eb375190	chr9	-	False	True	2	0	24	26	True
Zm00001eb375200	chr9	+	False	True	6	0	19	25	True
Zm00001eb375210	chr9	+	False	True	8	0	10	18	True
Zm00001eb375240	chr9	-	False	True	2	0	13	15	True
Zm00001eb375250	chr9	-	False	True	1	0	2	3	True
Zm00001eb375320	chr9	-	False	True	1	1	3	5	True
Zm00001eb375380	chr9	-	False	True	3	1	8	12	True
Zm00001eb375390	chr9	+	False	True	2	0	17	19	True
Zm00001eb375400	chr9	-	False	True	0	0	10	10	True
Zm00001eb375410	chr9	+	False	True	0	0	9	9	True
Zm00001eb375420	chr9	-	False	True	1	0	1	2	True
Zm00001eb375430	chr9	+	False	True	2	0	2	4	True
Zm00001eb375450	chr9	-	False	True	0	0	23	23	True
Zm00001eb375460	chr9	+	False	True	2	0	17	19	True
Zm00001eb375480	chr9	+	False	True	4	0	2	6	True
Zm00001eb375490	chr9	+	False	True	0	0	3	3	True
Zm00001eb375500	chr9	-	False	True	6	0	24	30	True
Zm00001eb375510	chr9	+	False	True	9	0	29	38	True
Zm00001eb375520	chr9	-	False	True	6	2	19	27	True
Zm00001eb375530	chr9	+	False	True	6	1	12	19	True
Zm00001eb375560	chr9	-	False	True	14	2	13	29	True
Zm00001eb375580	chr9	-	False	True	3	0	1	4	True
Zm00001eb375600	chr9	+	False	True	0	0	1	1	True
Zm00001eb375640	chr9	-	False	True	6	0	7	13	True
Zm00001eb375690	chr9	+	False	True	15	0	49	64	True
Zm00001eb375700	chr9	-	False	True	1	0	1	2	True
Zm00001eb375710	chr9	+	False	True	1	0	5	6	True
Zm00001eb375730	chr9	-	False	True	2	0	4	6	True
Zm00001eb375820	chr9	+	False	True	0	0	1	1	True
Zm00001eb375840	chr9	-	False	True	8	0	38	46	True
Zm00001eb376100	chr9	+	False	True	0	0	0	0	False
Zm00001eb376160	chr9	+	False	True	1	0	0	1	True
Zm00001eb376330	chr9	+	False	True	1	0	2	3	True
Zm00001eb376390	chr9	+	False	True	0	0	2	2	True
Zm00001eb376480	chr9	+	False	True	6	0	29	35	True
Zm00001eb376490	chr9	-	False	True	5	0	2	7	True
Zm00001eb376510	chr9	-	False	True	1	0	16	17	True
Zm00001eb376520	chr9	+	False	True	0	0	3	3	True
Zm00001eb376530	chr9	-	False	True	10	0	9	19	True
Zm00001eb376580	chr9	-	False	True	3	0	8	11	True
Zm00001eb376590	chr9	+	False	True	1	0	4	5	True
Zm00001eb376600	chr9	-	False	True	5	0	8	13	True
Zm00001eb376630	chr9	-	False	True	3	0	17	20	True
Zm00001eb376650	chr9	-	False	True	2	0	3	5	True
Zm00001eb376670	chr9	+	False	True	3	0	7	10	True
Zm00001eb376700	chr9	-	False	True	5	1	16	22	True
Zm00001eb376720	chr9	-	False	True	0	0	0	0	False
Zm00001eb376750	chr9	-	False	True	4	2	10	16	True
Zm00001eb376780	chr9	+	False	True	6	0	2	8	True
Zm00001eb376790	chr9	+	False	True	16	1	57	74	True
Zm00001eb376840	chr9	-	False	True	8	2	25	35	True
Zm00001eb376850	chr9	-	False	True	3	1	18	22	True
Zm00001eb376880	chr9	-	False	True	1	0	10	11	True
Zm00001eb376890	chr9	-	False	True	0	1	0	1	True
Zm00001eb376980	chr9	-	False	True	2	0	2	4	True
Zm00001eb376990	chr9	+	False	True	1	0	3	4	True
Zm00001eb377000	chr9	+	False	True	0	0	5	5	True
Zm00001eb377040	chr9	+	False	True	2	0	19	21	True
Zm00001eb377050	chr9	+	False	True	10	1	26	37	True
Zm00001eb377110	chr9	+	False	True	9	0	25	34	True
Zm00001eb377120	chr9	+	False	True	7	0	8	15	True
Zm00001eb377150	chr9	+	False	True	0	0	1	1	True
Zm00001eb377260	chr9	+	False	True	0	0	0	0	False
Zm00001eb377380	chr9	-	False	True	0	0	0	0	False
Zm00001eb377430	chr9	+	False	True	3	0	1	4	True
Zm00001eb377440	chr9	+	False	True	7	0	19	26	True
Zm00001eb377450	chr9	+	False	True	9	3	26	38	True
Zm00001eb377470	chr9	+	False	True	0	0	0	0	False
Zm00001eb377530	chr9	+	False	True	0	1	7	8	True
Zm00001eb377540	chr9	-	False	True	4	1	9	14	True
Zm00001eb377550	chr9	-	False	True	4	1	8	13	True
Zm00001eb377750	chr9	-	False	True	0	0	0	0	False
Zm00001eb377830	chr9	+	False	True	1	1	9	11	True
Zm00001eb377860	chr9	-	False	True	6	0	22	28	True
Zm00001eb377870	chr9	+	False	True	6	0	13	19	True
Zm00001eb377880	chr9	-	False	True	3	0	7	10	True
Zm00001eb377900	chr9	+	False	True	2	0	9	11	True
Zm00001eb377910	chr9	+	False	True	0	0	2	2	True
Zm00001eb377920	chr9	+	False	True	8	0	13	21	True
Zm00001eb377990	chr9	+	False	True	1	1	4	6	True
Zm00001eb378000	chr9	+	False	True	2	0	19	21	True
Zm00001eb378020	chr9	-	False	True	5	0	33	38	True
Zm00001eb378030	chr9	+	False	True	3	0	7	10	True
Zm00001eb378110	chr9	+	False	True	13	0	24	37	True
Zm00001eb378120	chr9	+	False	True	10	1	20	31	True
Zm00001eb378210	chr9	+	True	False	11	0	11	22	True
Zm00001eb378230	chr9	-	False	True	3	2	11	16	True
Zm00001eb378260	chr9	+	False	True	0	1	1	2	True
Zm00001eb378270	chr9	-	False	True	1	1	13	15	True
Zm00001eb378280	chr9	-	False	True	1	0	0	1	True
Zm00001eb378320	chr9	-	False	True	2	1	3	6	True
Zm00001eb378420	chr9	-	False	True	1	0	2	3	True
Zm00001eb378430	chr9	-	False	True	6	2	5	13	True
Zm00001eb378440	chr9	-	False	True	1	0	7	8	True
Zm00001eb378450	chr9	+	False	True	1	0	6	7	True
Zm00001eb378460	chr9	+	False	True	10	0	40	50	True
Zm00001eb378470	chr9	-	False	True	4	1	6	11	True
Zm00001eb378500	chr9	-	False	True	3	0	6	9	True
Zm00001eb378540	chr9	-	False	True	0	0	1	1	True
Zm00001eb378570	chr9	+	False	True	0	0	4	4	True
Zm00001eb378600	chr9	-	False	True	3	0	12	15	True
Zm00001eb378640	chr9	-	False	True	11	3	23	37	True
Zm00001eb378690	chr9	+	False	True	1	0	5	6	True
Zm00001eb378700	chr9	-	False	True	7	0	4	11	True
Zm00001eb378880	chr9	+	False	True	4	0	8	12	True
Zm00001eb378890	chr9	+	True	False	10	3	17	30	True
Zm00001eb378900	chr9	+	False	True	2	0	5	7	True
Zm00001eb379050	chr9	-	False	True	8	0	18	26	True
Zm00001eb379060	chr9	-	False	True	2	1	4	7	True
Zm00001eb379070	chr9	-	False	True	6	0	9	15	True
Zm00001eb379100	chr9	+	False	True	0	0	0	0	False
Zm00001eb379120	chr9	-	False	True	6	0	8	14	True
Zm00001eb379130	chr9	+	False	True	1	3	3	7	True
Zm00001eb379150	chr9	-	False	True	12	1	28	41	True
Zm00001eb379160	chr9	-	False	True	4	0	6	10	True
Zm00001eb379170	chr9	-	False	True	6	3	17	26	True
Zm00001eb379200	chr9	+	False	True	3	0	9	12	True
Zm00001eb379230	chr9	+	False	True	3	0	13	16	True
Zm00001eb379240	chr9	+	False	True	0	0	0	0	False
Zm00001eb379260	chr9	-	False	True	3	0	3	6	True
Zm00001eb379270	chr9	+	False	True	5	1	14	20	True
Zm00001eb379280	chr9	-	False	True	1	0	4	5	True
Zm00001eb379300	chr9	+	False	True	4	0	12	16	True
Zm00001eb379320	chr9	+	False	True	3	2	15	20	True
Zm00001eb379340	chr9	-	False	True	11	0	43	54	True
Zm00001eb379350	chr9	-	False	True	9	2	31	42	True
Zm00001eb379470	chr9	+	False	True	2	0	8	10	True
Zm00001eb379480	chr9	-	False	True	5	0	19	24	True
Zm00001eb379490	chr9	-	False	True	1	0	3	4	True
Zm00001eb379510	chr9	+	False	True	3	0	5	8	True
Zm00001eb379530	chr9	+	False	True	2	0	7	9	True
Zm00001eb379550	chr9	+	False	True	1	0	3	4	True
Zm00001eb379560	chr9	-	False	True	2	1	16	19	True
Zm00001eb379570	chr9	+	False	True	2	1	12	15	True
Zm00001eb379580	chr9	-	False	True	0	0	0	0	False
Zm00001eb379590	chr9	-	False	True	0	0	0	0	False
Zm00001eb379620	chr9	+	False	True	1	0	0	1	True
Zm00001eb379940	chr9	-	False	True	2	0	20	22	True
Zm00001eb379950	chr9	+	False	True	2	1	10	13	True
Zm00001eb379990	chr9	+	False	True	1	2	6	9	True
Zm00001eb380010	chr9	-	False	True	6	1	13	20	True
Zm00001eb380030	chr9	-	False	True	6	1	15	22	True
Zm00001eb380060	chr9	+	False	True	9	1	19	29	True
Zm00001eb380080	chr9	-	False	True	0	0	2	2	True
Zm00001eb380180	chr9	+	False	True	2	0	8	10	True
Zm00001eb380190	chr9	+	False	True	4	0	2	6	True
Zm00001eb380200	chr9	-	False	True	0	0	3	3	True
Zm00001eb380260	chr9	+	False	True	0	0	1	1	True
Zm00001eb380430	chr9	+	False	True	0	0	0	0	False
Zm00001eb380550	chr9	+	False	True	0	0	0	0	False
Zm00001eb380640	chr9	+	False	True	0	0	0	0	False
Zm00001eb380650	chr9	-	False	True	0	0	0	0	False
Zm00001eb380830	chr9	+	False	True	2	0	11	13	True
Zm00001eb380840	chr9	-	False	True	4	0	4	8	True
Zm00001eb380850	chr9	+	False	True	6	0	11	17	True
Zm00001eb380860	chr9	-	False	True	4	0	35	39	True
Zm00001eb380960	chr9	+	False	True	3	0	20	23	True
Zm00001eb381040	chr9	-	False	True	2	0	20	22	True
Zm00001eb381110	chr9	-	False	True	0	1	22	23	True
Zm00001eb381210	chr9	+	False	True	1	1	6	8	True
Zm00001eb381290	chr9	-	False	True	4	0	22	26	True
Zm00001eb381370	chr9	+	False	True	2	0	28	30	True
Zm00001eb381470	chr9	-	False	True	15	2	24	41	True
Zm00001eb381490	chr9	+	False	True	7	2	36	45	True
Zm00001eb381520	chr9	-	False	True	1	0	8	9	True
Zm00001eb381530	chr9	+	False	True	1	0	7	8	True
Zm00001eb381550	chr9	+	False	True	2	0	9	11	True
Zm00001eb381590	chr9	+	False	True	0	1	6	7	True
Zm00001eb381600	chr9	+	False	True	3	0	6	9	True
Zm00001eb381620	chr9	+	False	True	0	0	1	1	True
Zm00001eb381630	chr9	+	False	True	5	0	38	43	True
Zm00001eb381770	chr9	-	True	False	4	0	31	35	True
Zm00001eb381830	chr9	+	False	True	2	0	0	2	True
Zm00001eb381870	chr9	+	False	True	1	1	1	3	True
Zm00001eb381880	chr9	-	False	True	4	1	16	21	True
Zm00001eb381970	chr9	+	False	True	9	0	12	21	True
Zm00001eb382010	chr9	+	False	True	2	0	11	13	True
Zm00001eb382040	chr9	-	False	True	2	0	14	16	True
Zm00001eb382100	chr9	+	False	True	3	1	6	10	True
Zm00001eb382130	chr9	-	False	True	7	1	37	45	True
Zm00001eb382160	chr9	-	False	True	1	1	8	10	True
Zm00001eb382170	chr9	+	False	True	1	1	47	49	True
Zm00001eb382180	chr9	+	False	True	0	0	0	0	False
Zm00001eb382240	chr9	-	False	True	2	3	8	13	True
Zm00001eb382260	chr9	+	False	True	7	0	20	27	True
Zm00001eb382290	chr9	+	False	True	9	1	19	29	True
Zm00001eb382320	chr9	-	False	True	10	1	12	23	True
Zm00001eb382360	chr9	-	False	True	1	0	4	5	True
Zm00001eb382430	chr9	-	False	True	7	2	30	39	True
Zm00001eb382480	chr9	+	False	True	1	0	8	9	True
Zm00001eb382660	chr9	+	False	True	0	0	0	0	False
Zm00001eb382690	chr9	-	False	True	0	0	1	1	True
Zm00001eb383160	chr9	+	False	True	0	1	1	2	True
Zm00001eb383200	chr9	+	False	True	1	1	4	6	True
Zm00001eb383280	chr9	+	False	True	4	0	13	17	True
Zm00001eb383320	chr9	-	False	True	0	0	0	0	False
Zm00001eb383460	chr9	+	False	True	3	0	4	7	True
Zm00001eb383580	chr9	-	False	True	1	0	2	3	True
Zm00001eb383650	chr9	+	False	True	0	0	2	2	True
Zm00001eb383660	chr9	+	False	True	0	0	0	0	False
Zm00001eb383680	chr9	-	False	True	5	0	13	18	True
Zm00001eb383810	chr9	+	False	True	0	0	3	3	True
Zm00001eb383830	chr9	+	False	True	5	0	30	35	True
Zm00001eb383910	chr9	-	False	True	4	1	16	21	True
Zm00001eb383950	chr9	-	False	True	6	0	19	25	True
Zm00001eb384100	chr9	+	False	True	3	0	21	24	True
Zm00001eb384110	chr9	+	False	True	6	1	24	31	True
Zm00001eb384200	chr9	+	False	True	2	0	9	11	True
Zm00001eb384230	chr9	+	False	True	2	0	10	12	True
Zm00001eb384360	chr9	-	False	True	3	2	41	46	True
Zm00001eb384940	chr9	+	False	True	3	0	11	14	True
Zm00001eb384950	chr9	+	False	True	5	0	20	25	True
Zm00001eb384970	chr9	+	False	True	10	0	15	25	True
Zm00001eb385020	chr9	-	False	True	1	0	3	4	True
Zm00001eb385040	chr9	-	False	True	1	1	6	8	True
Zm00001eb385070	chr9	-	False	True	1	0	3	4	True
Zm00001eb385210	chr9	+	False	True	1	0	7	8	True
Zm00001eb385250	chr9	-	False	True	0	0	2	2	True
Zm00001eb385260	chr9	-	False	True	0	0	2	2	True
Zm00001eb385450	chr9	-	False	True	11	0	13	24	True
Zm00001eb385480	chr9	+	False	True	2	0	8	10	True
Zm00001eb385570	chr9	+	False	True	4	0	19	23	True
Zm00001eb385590	chr9	-	False	True	3	1	11	15	True
Zm00001eb385610	chr9	-	False	True	4	0	20	24	True
Zm00001eb385620	chr9	-	False	True	3	2	6	11	True
Zm00001eb385700	chr9	+	False	True	4	0	11	15	True
Zm00001eb385810	chr9	+	False	True	0	0	1	1	True
Zm00001eb385840	chr9	+	False	True	1	0	5	6	True
Zm00001eb385850	chr9	+	False	True	0	0	12	12	True
Zm00001eb385860	chr9	+	False	True	9	1	79	89	True
Zm00001eb385870	chr9	+	False	True	0	1	1	2	True
Zm00001eb385880	chr9	-	False	True	3	1	12	16	True
Zm00001eb385900	chr9	+	False	True	0	0	6	6	True
Zm00001eb385910	chr9	-	False	True	3	0	8	11	True
Zm00001eb386000	chr9	+	False	True	3	0	1	4	True
Zm00001eb386020	chr9	-	False	True	6	0	20	26	True
Zm00001eb386050	chr9	+	False	True	0	1	5	6	True
Zm00001eb386080	chr9	-	False	True	10	1	18	29	True
Zm00001eb386220	chr9	-	False	True	14	0	52	66	True
Zm00001eb386270	chr9	-	False	True	3	0	16	19	True
Zm00001eb386290	chr9	+	False	True	2	1	39	42	True
Zm00001eb386300	chr9	+	False	True	0	0	0	0	False
Zm00001eb386320	chr9	-	False	True	2	0	3	5	True
Zm00001eb386330	chr9	+	False	True	2	0	3	5	True
Zm00001eb386390	chr9	+	False	True	0	1	1	2	True
Zm00001eb386480	chr9	+	True	False	2	1	5	8	True
Zm00001eb386490	chr9	-	False	True	6	1	44	51	True
Zm00001eb386510	chr9	+	False	True	2	0	1	3	True
Zm00001eb386520	chr9	+	False	True	3	0	14	17	True
Zm00001eb386530	chr9	+	False	True	1	0	19	20	True
Zm00001eb386550	chr9	-	False	True	1	0	0	1	True
Zm00001eb386640	chr9	+	False	True	0	0	0	0	False
Zm00001eb386660	chr9	+	False	True	1	0	0	1	True
Zm00001eb386770	chr9	+	False	True	2	0	12	14	True
Zm00001eb386840	chr9	-	False	True	0	1	2	3	True
Zm00001eb387010	chr9	-	False	True	0	0	1	1	True
Zm00001eb387020	chr9	-	False	True	0	0	0	0	False
Zm00001eb387040	chr9	+	False	True	2	0	1	3	True
Zm00001eb387270	chr9	-	False	True	0	0	0	0	False
Zm00001eb387290	chr9	+	False	True	0	1	3	4	True
Zm00001eb387300	chr9	+	False	True	2	1	10	13	True
Zm00001eb387340	chr9	-	False	True	1	0	4	5	True
Zm00001eb387350	chr9	+	False	True	1	0	2	3	True
Zm00001eb387360	chr9	-	False	True	7	2	13	22	True
Zm00001eb387370	chr9	+	False	True	0	1	2	3	True
Zm00001eb387510	chr9	+	False	True	1	0	1	2	True
Zm00001eb387730	chr9	+	False	True	4	0	13	17	True
Zm00001eb387750	chr9	+	False	True	0	1	0	1	True
Zm00001eb387770	chr9	-	False	True	11	1	25	37	True
Zm00001eb387800	chr9	+	False	True	0	0	1	1	True
Zm00001eb387830	chr9	-	False	True	7	0	9	16	True
Zm00001eb387920	chr9	+	False	True	6	0	7	13	True
Zm00001eb387930	chr9	+	True	False	0	0	0	0	False
Zm00001eb388020	chr9	+	False	True	0	0	0	0	False
Zm00001eb388030	chr9	+	False	True	0	0	1	1	True
Zm00001eb388040	chr9	-	False	True	0	1	16	17	True
Zm00001eb388050	chr9	-	False	True	11	0	53	64	True
Zm00001eb388060	chr9	-	False	True	0	0	3	3	True
Zm00001eb388110	chr9	-	False	True	2	1	19	22	True
Zm00001eb388180	chr9	+	False	True	3	2	9	14	True
Zm00001eb388190	chr9	+	False	True	1	1	3	5	True
Zm00001eb388200	chr9	-	False	True	1	0	6	7	True
Zm00001eb388220	chr9	-	False	True	5	1	52	58	True
Zm00001eb388240	chr9	+	False	True	9	0	26	35	True
Zm00001eb388340	chr9	+	False	True	7	0	4	11	True
Zm00001eb388510	chr9	+	False	True	3	0	4	7	True
Zm00001eb388520	chr9	-	False	True	0	1	8	9	True
Zm00001eb388530	chr9	+	False	True	0	0	11	11	True
Zm00001eb388550	chr9	+	False	True	0	0	0	0	False
Zm00001eb388590	chr9	-	False	True	6	0	28	34	True
Zm00001eb388600	chr9	-	False	True	3	0	22	25	True
Zm00001eb388610	chr9	-	False	True	10	0	40	50	True
Zm00001eb388650	chr9	+	False	True	0	1	5	6	True
Zm00001eb388670	chr9	+	False	True	2	0	0	2	True
Zm00001eb388680	chr9	+	False	True	3	0	19	22	True
Zm00001eb388690	chr9	-	False	True	0	0	18	18	True
Zm00001eb388780	chr9	-	False	True	3	0	19	22	True
Zm00001eb388790	chr9	-	False	True	5	1	31	37	True
Zm00001eb388800	chr9	+	False	True	5	0	9	14	True
Zm00001eb388810	chr9	+	False	True	0	0	3	3	True
Zm00001eb388820	chr9	+	False	True	0	0	14	14	True
Zm00001eb388990	chr9	+	False	True	1	0	2	3	True
Zm00001eb389050	chr9	+	False	True	3	0	3	6	True
Zm00001eb389150	chr9	+	False	True	1	0	1	2	True
Zm00001eb389190	chr9	-	False	True	7	0	17	24	True
Zm00001eb389210	chr9	-	False	True	2	1	2	5	True
Zm00001eb389290	chr9	-	False	True	0	0	1	1	True
Zm00001eb389350	chr9	+	False	True	0	0	1	1	True
Zm00001eb389370	chr9	-	False	True	2	0	6	8	True
Zm00001eb389420	chr9	+	False	True	0	0	16	16	True
Zm00001eb389430	chr9	-	False	True	3	0	4	7	True
Zm00001eb389440	chr9	+	False	True	2	0	11	13	True
Zm00001eb389460	chr9	-	False	True	1	2	7	10	True
Zm00001eb389480	chr9	+	False	True	1	0	6	7	True
Zm00001eb389500	chr9	+	False	True	10	1	15	26	True
Zm00001eb389520	chr9	+	False	True	5	0	14	19	True
Zm00001eb389540	chr9	+	False	True	7	0	6	13	True
Zm00001eb389560	chr9	-	False	True	5	0	22	27	True
Zm00001eb389710	chr9	+	False	True	3	0	2	5	True
Zm00001eb389750	chr9	+	False	True	2	1	0	3	True
Zm00001eb389770	chr9	+	False	True	7	0	7	14	True
Zm00001eb389820	chr9	-	False	True	23	0	33	56	True
Zm00001eb389830	chr9	-	False	True	0	0	1	1	True
Zm00001eb389850	chr9	-	False	True	0	0	8	8	True
Zm00001eb389930	chr9	-	False	True	0	0	0	0	False
Zm00001eb389960	chr9	-	False	True	3	1	1	5	True
Zm00001eb389990	chr9	+	False	True	3	0	7	10	True
Zm00001eb390020	chr9	+	False	True	6	1	10	17	True
Zm00001eb390190	chr9	-	False	True	10	1	14	25	True
Zm00001eb390480	chr9	+	False	True	4	0	5	9	True
Zm00001eb390490	chr9	-	False	True	3	1	33	37	True
Zm00001eb390530	chr9	+	False	True	0	0	0	0	False
Zm00001eb390540	chr9	-	False	True	4	1	4	9	True
Zm00001eb390550	chr9	-	False	True	3	1	10	14	True
Zm00001eb390590	chr9	-	True	False	0	1	1	2	True
Zm00001eb390640	chr9	-	False	True	0	0	0	0	False
Zm00001eb390680	chr9	+	False	True	1	0	6	7	True
Zm00001eb390720	chr9	-	False	True	16	0	33	49	True
Zm00001eb390730	chr9	-	False	True	1	1	6	8	True
Zm00001eb390750	chr9	+	False	True	7	1	21	29	True
Zm00001eb390790	chr9	+	False	True	2	1	9	12	True
Zm00001eb390820	chr9	+	False	True	6	0	18	24	True
Zm00001eb390830	chr9	-	False	True	1	1	7	9	True
Zm00001eb390850	chr9	-	False	True	0	1	0	1	True
Zm00001eb390860	chr9	-	False	True	1	0	9	10	True
Zm00001eb390900	chr9	-	False	True	3	0	17	20	True
Zm00001eb390960	chr9	-	False	True	8	0	21	29	True
Zm00001eb391020	chr9	+	False	True	1	1	0	2	True
Zm00001eb391060	chr9	+	False	True	4	0	21	25	True
Zm00001eb391070	chr9	-	False	True	5	1	15	21	True
Zm00001eb391080	chr9	-	False	True	5	2	3	10	True
Zm00001eb391130	chr9	+	False	True	2	0	3	5	True
Zm00001eb391140	chr9	-	False	True	7	0	15	22	True
Zm00001eb391600	chr9	+	False	True	2	0	9	11	True
Zm00001eb391700	chr9	-	False	True	2	1	12	15	True
Zm00001eb391740	chr9	-	False	True	2	0	2	4	True
Zm00001eb391890	chr9	+	False	True	0	1	2	3	True
Zm00001eb392120	chr9	-	False	True	7	1	26	34	True
Zm00001eb392150	chr9	+	False	True	2	0	8	10	True
Zm00001eb392160	chr9	+	False	True	3	0	11	14	True
Zm00001eb392190	chr9	+	False	True	0	0	2	2	True
Zm00001eb392220	chr9	+	False	True	0	0	0	0	False
Zm00001eb392260	chr9	-	False	True	4	0	10	14	True
Zm00001eb392270	chr9	+	False	True	4	0	9	13	True
Zm00001eb392280	chr9	-	False	True	5	0	1	6	True
Zm00001eb392290	chr9	+	False	True	1	0	10	11	True
Zm00001eb392300	chr9	-	False	True	0	0	1	1	True
Zm00001eb392330	chr9	-	False	True	2	1	8	11	True
Zm00001eb392370	chr9	+	False	True	0	0	3	3	True
Zm00001eb392420	chr9	-	False	True	9	2	43	54	True
Zm00001eb392440	chr9	+	False	True	6	0	33	39	True
Zm00001eb392450	chr9	-	False	True	2	0	9	11	True
Zm00001eb392480	chr9	-	False	True	1	0	7	8	True
Zm00001eb392530	chr9	+	False	True	11	1	34	46	True
Zm00001eb392560	chr9	-	False	True	1	1	6	8	True
Zm00001eb392660	chr9	-	False	True	4	1	11	16	True
Zm00001eb392680	chr9	-	False	True	7	3	28	38	True
Zm00001eb392700	chr9	+	False	True	5	1	11	17	True
Zm00001eb392710	chr9	-	False	True	8	1	30	39	True
Zm00001eb392730	chr9	+	False	True	16	0	38	54	True
Zm00001eb392870	chr9	+	False	True	4	1	15	20	True
Zm00001eb392880	chr9	-	False	True	0	0	0	0	False
Zm00001eb392950	chr9	-	False	True	3	1	19	23	True
Zm00001eb392970	chr9	+	False	True	11	0	33	44	True
Zm00001eb393060	chr9	-	False	True	11	2	33	46	True
Zm00001eb393130	chr9	-	False	True	0	0	2	2	True
Zm00001eb393150	chr9	+	False	True	2	0	3	5	True
Zm00001eb393160	chr9	-	False	True	0	2	5	7	True
Zm00001eb393170	chr9	-	False	True	0	1	8	9	True
Zm00001eb393200	chr9	+	False	True	3	1	21	25	True
Zm00001eb393270	chr9	-	False	True	3	1	27	31	True
Zm00001eb393280	chr9	+	False	True	4	1	13	18	True
Zm00001eb393290	chr9	-	False	True	2	0	45	47	True
Zm00001eb393300	chr9	+	False	True	5	0	21	26	True
Zm00001eb393310	chr9	-	False	True	5	0	29	34	True
Zm00001eb393560	chr9	-	False	True	4	2	19	25	True
Zm00001eb393610	chr9	+	False	True	2	1	4	7	True
Zm00001eb393630	chr9	+	False	True	4	0	8	12	True
Zm00001eb393660	chr9	-	False	True	1	0	1	2	True
Zm00001eb393670	chr9	+	False	True	0	0	0	0	False
Zm00001eb393710	chr9	-	False	True	4	0	12	16	True
Zm00001eb393720	chr9	+	False	True	3	0	4	7	True
Zm00001eb393730	chr9	-	False	True	0	0	3	3	True
Zm00001eb393920	chr9	+	False	True	0	0	0	0	False
Zm00001eb394050	chr9	-	False	True	0	0	1	1	True
Zm00001eb394190	chr9	-	False	True	10	0	36	46	True
Zm00001eb394230	chr9	-	False	True	6	0	19	25	True
Zm00001eb394250	chr9	-	False	True	16	2	19	37	True
Zm00001eb394260	chr9	-	False	True	9	0	10	19	True
Zm00001eb394280	chr9	-	False	True	8	0	32	40	True
Zm00001eb394290	chr9	-	False	True	11	0	28	39	True
Zm00001eb394300	chr9	+	False	True	13	0	21	34	True
Zm00001eb394310	chr9	-	False	True	7	2	25	34	True
Zm00001eb394360	chr9	+	False	True	0	1	1	2	True
Zm00001eb394380	chr9	+	False	True	0	0	3	3	True
Zm00001eb394400	chr9	-	False	True	4	1	14	19	True
Zm00001eb394410	chr9	+	False	True	7	1	25	33	True
Zm00001eb394430	chr9	+	False	True	0	0	0	0	False
Zm00001eb394460	chr9	+	False	True	0	0	2	2	True
Zm00001eb394510	chr9	+	False	True	7	0	27	34	True
Zm00001eb394520	chr9	+	False	True	5	2	10	17	True
Zm00001eb394530	chr9	+	False	True	9	0	12	21	True
Zm00001eb394600	chr9	-	False	True	7	1	12	20	True
Zm00001eb394610	chr9	-	False	True	3	0	19	22	True
Zm00001eb394640	chr9	+	False	True	0	1	7	8	True
Zm00001eb394650	chr9	-	False	True	2	0	20	22	True
Zm00001eb394660	chr9	+	False	True	3	0	17	20	True
Zm00001eb394670	chr9	-	False	True	8	1	60	69	True
Zm00001eb394840	chr9	+	False	True	1	1	9	11	True
Zm00001eb394870	chr9	+	False	True	1	0	27	28	True
Zm00001eb394910	chr9	-	False	True	3	0	14	17	True
Zm00001eb394930	chr9	-	False	True	5	0	6	11	True
Zm00001eb394970	chr9	+	False	True	0	0	1	1	True
Zm00001eb395120	chr9	-	False	True	1	0	3	4	True
Zm00001eb395150	chr9	-	False	True	12	2	42	56	True
Zm00001eb395180	chr9	-	False	True	8	0	34	42	True
Zm00001eb395220	chr9	+	False	True	5	0	25	30	True
Zm00001eb395230	chr9	-	False	True	0	0	0	0	False
Zm00001eb395250	chr9	-	False	True	5	1	14	20	True
Zm00001eb395260	chr9	+	False	True	3	1	8	12	True
Zm00001eb395270	chr9	+	False	True	1	0	2	3	True
Zm00001eb395310	chr9	-	False	True	0	0	0	0	False
Zm00001eb395380	chr9	+	False	True	0	0	5	5	True
Zm00001eb395390	chr9	+	False	True	0	0	5	5	True
Zm00001eb395410	chr9	+	False	True	1	0	2	3	True
Zm00001eb395530	chr9	+	False	True	7	3	22	32	True
Zm00001eb395590	chr9	-	False	True	1	0	12	13	True
Zm00001eb395600	chr9	+	False	True	8	0	20	28	True
Zm00001eb395610	chr9	+	False	True	1	0	7	8	True
Zm00001eb395630	chr9	-	False	True	0	0	3	3	True
Zm00001eb395640	chr9	-	False	True	0	2	17	19	True
Zm00001eb395660	chr9	+	False	True	13	0	12	25	True
Zm00001eb395780	chr9	+	False	True	2	0	18	20	True
Zm00001eb395790	chr9	-	False	True	10	1	62	73	True
Zm00001eb395810	chr9	-	False	True	3	0	19	22	True
Zm00001eb395880	chr9	-	False	True	6	0	23	29	True
Zm00001eb395950	chr9	-	False	True	9	0	28	37	True
Zm00001eb395970	chr9	-	False	True	10	0	9	19	True
Zm00001eb395990	chr9	-	False	True	2	1	6	9	True
Zm00001eb396040	chr9	-	False	True	2	0	17	19	True
Zm00001eb396050	chr9	+	False	True	3	0	14	17	True
Zm00001eb396060	chr9	-	False	True	3	1	18	22	True
Zm00001eb396070	chr9	+	False	True	3	0	15	18	True
Zm00001eb396100	chr9	-	False	True	10	3	32	45	True
Zm00001eb396300	chr9	-	False	True	5	1	14	20	True
Zm00001eb396330	chr9	-	False	True	11	0	38	49	True
Zm00001eb396340	chr9	-	False	True	7	1	15	23	True
Zm00001eb396370	chr9	+	False	True	4	1	50	55	True
Zm00001eb396390	chr9	+	False	True	1	0	0	1	True
Zm00001eb396430	chr9	-	False	True	0	0	0	0	False
Zm00001eb396480	chr9	-	False	True	3	0	30	33	True
Zm00001eb396490	chr9	-	False	True	5	1	31	37	True
Zm00001eb396520	chr9	+	False	True	4	0	10	14	True
Zm00001eb396540	chr9	+	False	True	2	0	25	27	True
Zm00001eb396640	chr9	+	False	True	5	0	18	23	True
Zm00001eb396670	chr9	+	False	True	13	2	28	43	True
Zm00001eb396690	chr9	-	False	True	6	1	18	25	True
Zm00001eb396730	chr9	-	False	True	6	0	29	35	True
Zm00001eb396750	chr9	-	False	True	4	0	16	20	True
Zm00001eb396830	chr9	-	False	True	0	0	3	3	True
Zm00001eb396860	chr9	-	False	True	4	2	20	26	True
Zm00001eb396920	chr9	-	False	True	1	0	1	2	True
Zm00001eb396930	chr9	-	False	True	4	0	6	10	True
Zm00001eb396940	chr9	-	False	True	2	0	1	3	True
Zm00001eb396960	chr9	-	False	True	8	3	22	33	True
Zm00001eb396970	chr9	-	False	True	6	0	30	36	True
Zm00001eb396990	chr9	+	False	True	5	0	19	24	True
Zm00001eb397010	chr9	-	False	True	1	0	1	2	True
Zm00001eb397050	chr9	+	False	True	11	1	10	22	True
Zm00001eb397060	chr9	+	False	True	0	0	0	0	False
Zm00001eb397090	chr9	-	False	True	4	1	9	14	True
Zm00001eb397100	chr9	-	False	True	5	1	14	20	True
Zm00001eb397150	chr9	-	False	True	3	1	9	13	True
Zm00001eb397180	chr9	+	False	True	1	0	5	6	True
Zm00001eb397240	chr9	+	False	True	3	0	5	8	True
Zm00001eb397270	chr9	+	False	True	9	0	9	18	True
Zm00001eb397280	chr9	+	True	False	6	0	11	17	True
Zm00001eb397290	chr9	-	False	True	3	0	4	7	True
Zm00001eb397300	chr9	+	False	True	4	0	4	8	True
Zm00001eb397310	chr9	-	False	True	7	1	17	25	True
Zm00001eb397320	chr9	+	False	True	3	0	9	12	True
Zm00001eb397330	chr9	+	False	True	0	0	1	1	True
Zm00001eb397350	chr9	-	False	True	8	2	46	56	True
Zm00001eb397390	chr9	-	False	True	6	0	6	12	True
Zm00001eb397400	chr9	-	False	True	12	2	16	30	True
Zm00001eb397500	chr9	+	False	True	3	0	3	6	True
Zm00001eb397510	chr9	-	False	True	5	2	53	60	True
Zm00001eb397520	chr9	+	False	True	5	0	19	24	True
Zm00001eb397550	chr9	+	False	True	9	0	40	49	True
Zm00001eb397560	chr9	+	False	True	5	0	62	67	True
Zm00001eb397570	chr9	-	False	True	18	0	27	45	True
Zm00001eb397580	chr9	-	False	True	7	0	43	50	True
Zm00001eb397600	chr9	+	False	True	2	1	5	8	True
Zm00001eb397610	chr9	-	False	True	11	1	8	20	True
Zm00001eb397620	chr9	+	False	True	6	0	21	27	True
Zm00001eb397630	chr9	+	False	True	10	1	32	43	True
Zm00001eb397650	chr9	+	False	True	10	1	31	42	True
Zm00001eb397660	chr9	-	False	True	6	0	46	52	True
Zm00001eb397670	chr9	+	False	True	11	0	27	38	True
Zm00001eb397700	chr9	-	False	True	2	1	6	9	True
Zm00001eb397710	chr9	-	False	True	7	0	15	22	True
Zm00001eb397730	chr9	-	False	True	7	0	31	38	True
Zm00001eb397750	chr9	+	False	True	10	1	17	28	True
Zm00001eb397760	chr9	-	False	True	4	3	30	37	True
Zm00001eb397770	chr9	-	False	True	1	1	11	13	True
Zm00001eb397790	chr9	-	False	True	8	0	38	46	True
Zm00001eb397810	chr9	+	False	True	8	2	27	37	True
Zm00001eb397870	chr9	+	False	True	0	0	2	2	True
Zm00001eb397900	chr9	+	False	True	13	0	16	29	True
Zm00001eb397950	chr9	-	False	True	5	0	19	24	True
Zm00001eb397970	chr9	+	False	True	5	1	28	34	True
Zm00001eb398000	chr9	-	False	True	4	1	15	20	True
Zm00001eb398010	chr9	+	False	True	4	1	12	17	True
Zm00001eb398020	chr9	-	False	True	1	0	14	15	True
Zm00001eb398060	chr9	-	False	True	0	1	0	1	True
Zm00001eb398070	chr9	-	False	True	3	1	7	11	True
Zm00001eb398080	chr9	-	False	True	6	0	32	38	True
Zm00001eb398100	chr9	+	False	True	0	0	5	5	True
Zm00001eb398120	chr9	-	False	True	8	1	39	48	True
Zm00001eb398140	chr9	-	False	True	11	1	39	51	True
Zm00001eb398150	chr9	+	False	True	3	0	8	11	True
Zm00001eb398160	chr9	+	False	True	5	0	8	13	True
Zm00001eb398170	chr9	-	False	True	7	1	29	37	True
Zm00001eb398210	chr9	+	False	True	0	0	0	0	False
Zm00001eb398220	chr9	-	False	True	7	0	17	24	True
Zm00001eb398230	chr9	-	False	True	1	2	30	33	True
Zm00001eb398250	chr9	-	False	True	5	0	6	11	True
Zm00001eb398370	chr9	+	False	True	5	0	8	13	True
Zm00001eb398380	chr9	+	False	True	3	2	11	16	True
Zm00001eb398390	chr9	-	False	True	4	0	16	20	True
Zm00001eb398410	chr9	+	False	True	6	0	10	16	True
Zm00001eb398420	chr9	+	False	True	2	0	9	11	True
Zm00001eb398430	chr9	+	False	True	3	0	35	38	True
Zm00001eb398470	chr9	+	False	True	4	1	2	7	True
Zm00001eb398490	chr9	+	False	True	1	0	23	24	True
Zm00001eb398520	chr9	+	False	True	1	0	4	5	True
Zm00001eb398530	chr9	-	False	True	3	1	10	14	True
Zm00001eb398550	chr9	-	False	True	4	0	13	17	True
Zm00001eb398560	chr9	+	False	True	6	0	26	32	True
Zm00001eb398590	chr9	-	False	True	4	0	16	20	True
Zm00001eb398600	chr9	-	False	True	14	1	24	39	True
Zm00001eb398630	chr9	-	False	True	4	1	15	20	True
Zm00001eb398660	chr9	+	False	True	1	0	19	20	True
Zm00001eb398680	chr9	-	False	True	0	0	0	0	False
Zm00001eb398750	chr9	+	False	True	1	0	0	1	True
Zm00001eb398800	chr9	-	False	True	12	0	25	37	True
Zm00001eb398820	chr9	+	False	True	2	0	4	6	True
Zm00001eb398860	chr9	+	False	True	2	0	13	15	True
Zm00001eb398870	chr9	+	False	True	7	0	10	17	True
Zm00001eb398880	chr9	+	False	True	16	2	19	37	True
Zm00001eb398970	chr9	-	False	True	3	0	7	10	True
Zm00001eb399010	chr9	-	False	True	5	1	10	16	True
Zm00001eb399030	chr9	-	False	True	5	0	36	41	True
Zm00001eb399040	chr9	-	False	True	3	1	7	11	True
Zm00001eb399060	chr9	+	False	True	1	0	9	10	True
Zm00001eb399070	chr9	-	False	True	0	0	9	9	True
Zm00001eb399100	chr9	+	False	True	1	0	1	2	True
Zm00001eb399110	chr9	-	False	True	1	0	17	18	True
Zm00001eb399310	chr9	+	False	True	0	0	1	1	True
Zm00001eb399340	chr9	+	False	True	2	0	0	2	True
Zm00001eb399360	chr9	+	False	True	8	0	5	13	True
Zm00001eb399370	chr9	-	False	True	0	0	0	0	False
Zm00001eb399450	chr9	+	False	True	9	0	17	26	True
Zm00001eb399460	chr9	+	False	True	5	0	21	26	True
Zm00001eb399480	chr9	-	False	True	16	0	20	36	True
Zm00001eb399490	chr9	-	False	True	13	0	52	65	True
Zm00001eb399630	chr9	-	False	True	3	0	20	23	True
Zm00001eb399650	chr9	+	False	True	2	0	4	6	True
Zm00001eb399680	chr9	-	False	True	3	1	8	12	True
Zm00001eb399780	chr9	-	False	True	2	1	8	11	True
Zm00001eb399800	chr9	-	False	True	3	1	9	13	True
Zm00001eb399840	chr9	-	False	True	8	1	58	67	True
Zm00001eb399850	chr9	+	False	True	0	0	0	0	False
Zm00001eb399860	chr9	+	False	True	0	0	0	0	False
Zm00001eb399930	chr9	+	False	True	0	0	1	1	True
Zm00001eb399940	chr9	-	False	True	19	1	33	53	True
Zm00001eb399960	chr9	-	False	True	4	0	14	18	True
Zm00001eb400000	chr9	-	False	True	1	0	3	4	True
Zm00001eb400020	chr9	+	False	True	0	0	0	0	False
Zm00001eb400030	chr9	-	False	True	4	0	9	13	True
Zm00001eb400050	chr9	-	False	True	1	0	13	14	True
Zm00001eb400090	chr9	-	False	True	0	0	6	6	True
Zm00001eb400100	chr9	+	False	True	2	0	9	11	True
Zm00001eb400170	chr9	+	False	True	9	1	60	70	True
Zm00001eb400210	chr9	-	False	True	6	1	15	22	True
Zm00001eb400220	chr9	-	False	True	5	2	25	32	True
Zm00001eb400240	chr9	+	False	True	5	0	33	38	True
Zm00001eb400270	chr9	+	False	True	0	0	5	5	True
Zm00001eb400280	chr9	-	False	True	0	0	2	2	True
Zm00001eb400290	chr9	-	False	True	6	2	19	27	True
Zm00001eb400310	chr9	-	False	True	2	0	16	18	True
Zm00001eb400320	chr9	-	False	True	0	0	0	0	False
Zm00001eb400380	chr9	+	False	True	16	0	18	34	True
Zm00001eb400390	chr9	+	False	True	3	0	15	18	True
Zm00001eb400420	chr9	-	False	True	0	0	0	0	False
Zm00001eb400460	chr9	+	False	True	1	0	5	6	True
Zm00001eb400470	chr9	-	False	True	1	0	20	21	True
Zm00001eb400480	chr9	-	False	True	7	2	31	40	True
Zm00001eb400490	chr9	+	False	True	2	0	25	27	True
Zm00001eb400510	chr9	+	False	True	6	1	21	28	True
Zm00001eb400530	chr9	+	False	True	8	2	17	27	True
Zm00001eb400540	chr9	-	False	True	6	1	22	29	True
Zm00001eb400570	chr9	-	False	True	0	0	0	0	False
Zm00001eb400640	chr9	-	False	True	10	1	13	24	True
Zm00001eb400650	chr9	-	False	True	5	1	13	19	True
Zm00001eb400720	chr9	-	False	True	5	2	9	16	True
Zm00001eb400730	chr9	+	False	True	3	1	16	20	True
Zm00001eb400750	chr9	+	False	True	4	0	42	46	True
Zm00001eb400760	chr9	+	True	False	11	1	32	44	True
Zm00001eb400800	chr9	-	False	True	4	0	38	42	True
Zm00001eb400810	chr9	+	False	True	10	0	15	25	True
Zm00001eb400820	chr9	-	False	True	0	1	1	2	True
Zm00001eb400850	chr9	-	False	True	1	1	7	9	True
Zm00001eb400930	chr9	-	False	True	1	3	3	7	True
Zm00001eb400980	chr9	-	False	True	0	0	1	1	True
Zm00001eb401030	chr9	-	False	True	3	1	6	10	True
Zm00001eb401140	chr9	-	False	True	6	2	33	41	True
Zm00001eb401150	chr9	-	False	True	4	3	18	25	True
Zm00001eb401160	chr9	+	False	True	15	1	27	43	True
Zm00001eb401210	chr9	-	False	True	7	1	20	28	True
Zm00001eb401220	chr9	+	False	True	7	0	19	26	True
Zm00001eb401230	chr9	+	False	True	6	1	16	23	True
Zm00001eb401240	chr9	-	False	True	10	2	20	32	True
Zm00001eb401250	chr9	+	False	True	6	0	12	18	True
Zm00001eb401340	chr9	+	False	True	4	0	9	13	True
Zm00001eb401360	chr9	+	False	True	3	0	10	13	True
Zm00001eb401370	chr9	+	False	True	4	0	18	22	True
Zm00001eb401400	chr9	+	False	True	3	2	21	26	True
Zm00001eb401520	chr9	-	False	True	14	0	34	48	True
Zm00001eb401530	chr9	-	False	True	3	0	20	23	True
Zm00001eb401540	chr9	-	False	True	2	0	2	4	True
Zm00001eb401550	chr9	-	False	True	8	1	24	33	True
Zm00001eb401560	chr9	-	False	True	15	2	54	71	True
Zm00001eb401580	chr9	-	False	True	0	1	3	4	True
Zm00001eb401700	chr9	-	False	True	0	0	1	1	True
Zm00001eb401720	chr9	-	False	True	0	0	0	0	False
Zm00001eb401770	chr9	+	False	True	1	0	1	2	True
Zm00001eb401790	chr9	+	False	True	5	0	26	31	True
Zm00001eb401800	chr9	-	False	True	1	0	8	9	True
Zm00001eb401810	chr9	+	False	True	7	0	27	34	True
Zm00001eb401890	chr9	-	False	True	0	0	2	2	True
Zm00001eb401900	chr9	-	False	True	11	0	33	44	True
Zm00001eb401910	chr9	-	False	True	11	2	45	58	True
Zm00001eb401920	chr9	-	False	True	2	0	1	3	True
Zm00001eb401990	chr9	+	False	True	2	1	17	20	True
Zm00001eb402000	chr9	-	False	True	8	2	20	30	True
Zm00001eb402010	chr9	-	False	True	0	0	1	1	True
Zm00001eb402020	chr9	+	False	True	14	0	18	32	True
Zm00001eb402060	chr9	-	False	True	10	3	51	64	True
Zm00001eb402160	chr9	-	False	True	2	0	7	9	True
Zm00001eb402170	chr9	-	False	True	4	1	10	15	True
Zm00001eb402180	chr9	-	False	True	3	0	7	10	True
Zm00001eb402220	chr9	+	False	True	13	0	27	40	True
Zm00001eb402240	chr9	+	False	True	7	1	37	45	True
Zm00001eb402260	chr9	+	False	True	10	0	23	33	True
Zm00001eb402270	chr9	-	False	True	7	1	15	23	True
Zm00001eb402300	chr9	+	False	True	3	0	6	9	True
Zm00001eb402310	chr9	+	False	True	6	0	40	46	True
Zm00001eb402330	chr9	-	False	True	8	0	9	17	True
Zm00001eb402340	chr9	-	False	True	11	2	19	32	True
Zm00001eb402390	chr9	-	True	False	0	0	0	0	False
Zm00001eb402400	chr9	-	False	True	5	1	30	36	True
Zm00001eb402410	chr9	-	False	True	3	0	20	23	True
Zm00001eb402420	chr9	+	False	True	4	0	9	13	True
Zm00001eb402440	chr9	-	False	True	8	0	38	46	True
Zm00001eb402460	chr9	+	False	True	5	1	8	14	True
Zm00001eb402480	chr9	-	False	True	1	2	11	14	True
Zm00001eb402500	chr9	+	False	True	1	1	7	9	True
Zm00001eb402520	chr9	+	False	True	6	1	12	19	True
Zm00001eb402540	chr9	-	False	True	1	0	5	6	True
Zm00001eb402550	chr9	+	False	True	16	1	20	37	True
Zm00001eb402560	chr9	+	False	True	0	0	1	1	True
Zm00001eb402570	chr9	-	False	True	2	0	9	11	True
Zm00001eb402600	chr9	+	False	True	6	0	54	60	True
Zm00001eb402710	chr9	-	False	True	4	2	23	29	True
Zm00001eb402760	chr9	+	False	True	3	0	4	7	True
Zm00001eb402770	chr9	-	False	True	3	0	15	18	True
Zm00001eb402790	chr9	+	False	True	1	0	5	6	True
Zm00001eb402810	chr9	-	False	True	21	1	18	40	True
Zm00001eb402830	chr9	-	False	True	11	1	56	68	True
Zm00001eb402840	chr9	-	False	True	0	0	0	0	False
Zm00001eb402910	chr9	+	False	True	0	1	1	2	True
Zm00001eb403000	chr9	-	False	True	7	1	45	53	True
Zm00001eb403040	chr9	-	False	True	12	0	34	46	True
Zm00001eb403050	chr9	-	False	True	1	1	7	9	True
Zm00001eb403060	chr9	+	False	True	4	1	15	20	True
Zm00001eb403110	chr9	-	False	True	10	1	52	63	True
Zm00001eb403120	chr9	-	False	True	4	0	27	31	True
Zm00001eb403140	chr9	+	False	True	18	0	47	65	True
Zm00001eb403160	chr9	-	False	True	0	1	2	3	True
Zm00001eb403170	chr9	-	False	True	1	0	1	2	True
Zm00001eb403180	chr9	+	False	True	0	0	1	1	True
Zm00001eb403190	chr9	+	False	True	5	0	4	9	True
Zm00001eb403210	chr9	+	False	True	4	1	21	26	True
Zm00001eb403220	chr9	+	False	True	6	0	19	25	True
Zm00001eb403260	chr9	-	False	True	0	0	0	0	False
Zm00001eb403300	chr9	+	False	True	8	0	15	23	True
Zm00001eb403450	chr9	-	False	True	5	1	20	26	True
Zm00001eb403510	chr9	-	False	True	0	0	0	0	False
Zm00001eb403520	chr9	-	False	True	7	0	36	43	True
Zm00001eb403560	chr9	+	False	True	9	1	31	41	True
Zm00001eb403620	chr9	+	False	True	2	0	5	7	True
Zm00001eb403640	chr9	+	False	True	13	0	52	65	True
Zm00001eb403660	chr9	-	False	True	10	1	16	27	True
Zm00001eb403670	chr9	+	False	True	14	0	63	77	True
Zm00001eb403680	chr9	-	False	True	14	1	29	44	True
Zm00001eb403710	chr9	+	False	True	4	1	16	21	True
Zm00001eb403720	chr9	-	False	True	15	0	22	37	True
Zm00001eb403730	chr9	-	False	True	11	1	10	22	True
Zm00001eb403740	chr9	-	False	True	2	0	0	2	True
Zm00001eb403750	chr9	+	True	False	4	1	6	11	True
Zm00001eb403780	chr9	-	False	True	8	2	33	43	True
Zm00001eb403790	chr9	+	False	True	2	0	10	12	True
Zm00001eb403800	chr9	+	False	True	0	0	0	0	False
Zm00001eb403870	chr9	-	False	True	3	2	10	15	True
Zm00001eb403920	chr9	-	False	True	11	0	16	27	True
Zm00001eb403950	chr9	-	False	True	10	0	15	25	True
Zm00001eb403980	chr9	-	False	True	8	1	45	54	True
Zm00001eb404000	chr9	+	False	True	4	0	24	28	True
Zm00001eb404040	chr9	-	False	True	1	0	9	10	True
Zm00001eb404050	chr9	+	False	True	7	1	20	28	True
Zm00001eb404060	chr9	+	False	True	3	2	16	21	True
Zm00001eb404070	chr9	-	False	True	1	0	0	1	True
Zm00001eb404130	chr9	-	False	True	3	0	11	14	True
Zm00001eb404170	chr9	-	False	True	12	0	53	65	True
Zm00001eb404180	chr9	-	False	True	2	0	4	6	True
Zm00001eb404220	chr9	+	False	True	3	0	37	40	True
Zm00001eb404230	chr9	+	False	True	2	2	21	25	True
Zm00001eb404240	chr9	+	False	True	6	0	10	16	True
Zm00001eb404250	chr9	+	False	True	8	1	36	45	True
Zm00001eb404260	chr9	-	False	True	5	0	12	17	True
Zm00001eb404270	chr9	-	False	True	1	0	1	2	True
Zm00001eb404280	chr9	-	False	True	0	0	9	9	True
Zm00001eb404290	chr9	-	False	True	10	0	19	29	True
Zm00001eb404310	chr9	-	False	True	5	2	7	14	True
Zm00001eb404320	chr9	+	False	True	6	0	12	18	True
Zm00001eb404340	chr9	+	False	True	1	0	7	8	True
Zm00001eb404360	chr9	+	False	True	5	0	6	11	True
Zm00001eb404370	chr9	+	False	True	0	2	13	15	True
Zm00001eb404380	chr9	+	False	True	3	0	7	10	True
Zm00001eb404390	chr9	+	False	True	0	1	8	9	True
Zm00001eb404400	chr9	+	False	True	5	0	6	11	True
Zm00001eb404410	chr9	-	False	True	0	1	6	7	True
Zm00001eb404490	chr9	-	False	True	3	1	15	19	True
Zm00001eb404500	chr9	-	False	True	5	2	14	21	True
Zm00001eb404510	chr9	-	False	True	0	1	4	5	True
Zm00001eb404520	chr9	+	False	True	0	0	9	9	True
Zm00001eb404560	chr9	-	False	True	6	0	14	20	True
Zm00001eb404640	chr9	+	False	True	0	0	2	2	True
Zm00001eb404690	chr9	-	False	True	2	0	0	2	True
Zm00001eb404700	chr9	+	False	True	0	0	3	3	True
Zm00001eb404710	chr9	-	False	True	0	0	1	1	True
Zm00001eb404750	chr10	+	False	True	4	0	9	13	True
Zm00001eb404820	chr10	+	False	True	2	0	5	7	True
Zm00001eb404830	chr10	+	False	True	8	1	34	43	True
Zm00001eb405350	chr10	+	False	True	2	0	3	5	True
Zm00001eb405380	chr10	-	False	True	15	1	17	33	True
Zm00001eb405390	chr10	+	False	True	17	1	22	40	True
Zm00001eb405410	chr10	+	False	True	0	0	8	8	True
Zm00001eb405440	chr10	+	False	True	11	2	33	46	True
Zm00001eb405560	chr10	+	False	True	0	0	2	2	True
Zm00001eb405570	chr10	-	False	True	3	1	7	11	True
Zm00001eb405580	chr10	+	False	True	4	0	22	26	True
Zm00001eb405630	chr10	+	False	True	16	2	36	54	True
Zm00001eb405640	chr10	+	False	True	20	0	59	79	True
Zm00001eb405650	chr10	+	False	True	7	1	20	28	True
Zm00001eb405700	chr10	+	False	True	5	0	65	70	True
Zm00001eb405720	chr10	+	False	True	13	0	35	48	True
Zm00001eb405730	chr10	-	False	True	5	0	11	16	True
Zm00001eb405760	chr10	-	False	True	2	1	5	8	True
Zm00001eb405770	chr10	+	False	True	1	1	10	12	True
Zm00001eb405820	chr10	+	False	True	5	0	8	13	True
Zm00001eb405880	chr10	-	False	True	0	0	0	0	False
Zm00001eb405910	chr10	-	False	True	9	0	11	20	True
Zm00001eb406030	chr10	+	False	True	0	0	0	0	False
Zm00001eb406040	chr10	+	False	True	4	0	7	11	True
Zm00001eb406050	chr10	+	False	True	8	0	19	27	True
Zm00001eb406060	chr10	-	False	True	1	0	2	3	True
Zm00001eb406100	chr10	-	False	True	12	0	26	38	True
Zm00001eb406300	chr10	-	False	True	2	0	10	12	True
Zm00001eb406310	chr10	-	False	True	1	0	1	2	True
Zm00001eb406320	chr10	-	False	True	4	0	19	23	True
Zm00001eb406340	chr10	-	False	True	16	0	29	45	True
Zm00001eb406370	chr10	-	False	True	13	1	34	48	True
Zm00001eb406400	chr10	-	False	True	1	0	1	2	True
Zm00001eb406440	chr10	+	False	True	11	3	26	40	True
Zm00001eb406450	chr10	-	False	True	10	1	16	27	True
Zm00001eb406460	chr10	-	False	True	11	3	26	40	True
Zm00001eb406490	chr10	-	False	True	14	2	29	45	True
Zm00001eb406520	chr10	+	False	True	4	0	11	15	True
Zm00001eb406550	chr10	+	False	True	3	0	18	21	True
Zm00001eb406570	chr10	-	False	True	15	0	26	41	True
Zm00001eb406610	chr10	-	False	True	6	1	14	21	True
Zm00001eb406760	chr10	-	False	True	1	1	4	6	True
Zm00001eb406820	chr10	+	False	True	0	0	7	7	True
Zm00001eb406830	chr10	+	False	True	2	0	12	14	True
Zm00001eb406840	chr10	-	False	True	3	2	18	23	True
Zm00001eb406860	chr10	-	False	True	1	1	0	2	True
Zm00001eb406880	chr10	+	False	True	8	2	10	20	True
Zm00001eb406890	chr10	+	False	True	11	1	39	51	True
Zm00001eb406900	chr10	+	False	True	3	1	9	13	True
Zm00001eb407150	chr10	-	False	True	2	2	4	8	True
Zm00001eb407160	chr10	-	False	True	11	0	38	49	True
Zm00001eb407210	chr10	+	False	True	4	0	11	15	True
Zm00001eb407440	chr10	-	False	True	4	1	21	26	True
Zm00001eb407480	chr10	+	False	True	12	0	51	63	True
Zm00001eb407520	chr10	-	False	True	1	1	6	8	True
Zm00001eb407530	chr10	+	False	True	3	0	7	10	True
Zm00001eb407550	chr10	+	False	True	6	0	22	28	True
Zm00001eb407630	chr10	-	True	False	6	2	23	31	True
Zm00001eb407650	chr10	+	False	True	10	0	40	50	True
Zm00001eb407660	chr10	+	False	True	5	1	44	50	True
Zm00001eb407710	chr10	-	False	True	22	1	42	65	True
Zm00001eb407720	chr10	-	False	True	5	1	27	33	True
Zm00001eb407790	chr10	+	False	True	0	1	2	3	True
Zm00001eb407800	chr10	+	False	True	16	0	36	52	True
Zm00001eb407810	chr10	+	False	True	5	0	28	33	True
Zm00001eb407840	chr10	-	False	True	10	1	28	39	True
Zm00001eb407860	chr10	-	False	True	2	0	6	8	True
Zm00001eb407990	chr10	-	False	True	10	1	16	27	True
Zm00001eb408010	chr10	-	False	True	6	0	12	18	True
Zm00001eb408020	chr10	-	False	True	0	0	0	0	False
Zm00001eb408070	chr10	+	False	True	1	1	8	10	True
Zm00001eb408080	chr10	-	False	True	4	0	25	29	True
Zm00001eb408100	chr10	+	False	True	1	1	2	4	True
Zm00001eb408220	chr10	-	False	True	9	1	41	51	True
Zm00001eb408230	chr10	-	False	True	4	0	7	11	True
Zm00001eb408240	chr10	+	False	True	1	0	1	2	True
Zm00001eb408250	chr10	+	False	True	3	0	7	10	True
Zm00001eb408260	chr10	+	False	True	5	0	23	28	True
Zm00001eb408280	chr10	+	False	True	0	1	2	3	True
Zm00001eb408290	chr10	-	False	True	7	1	31	39	True
Zm00001eb408310	chr10	+	False	True	16	1	56	73	True
Zm00001eb408380	chr10	-	False	True	6	0	17	23	True
Zm00001eb408460	chr10	-	False	True	0	2	4	6	True
Zm00001eb408490	chr10	-	False	True	11	0	24	35	True
Zm00001eb408520	chr10	+	False	True	0	0	2	2	True
Zm00001eb408540	chr10	-	False	True	1	2	10	13	True
Zm00001eb408590	chr10	+	False	True	1	0	0	1	True
Zm00001eb408620	chr10	-	False	True	6	1	9	16	True
Zm00001eb408630	chr10	-	False	True	3	0	10	13	True
Zm00001eb408670	chr10	-	False	True	2	1	14	17	True
Zm00001eb408710	chr10	+	False	True	4	1	35	40	True
Zm00001eb408720	chr10	+	False	True	17	0	60	77	True
Zm00001eb408730	chr10	+	False	True	9	3	61	73	True
Zm00001eb408750	chr10	-	False	True	1	1	14	16	True
Zm00001eb408850	chr10	+	False	True	0	0	2	2	True
Zm00001eb408860	chr10	+	False	True	0	0	2	2	True
Zm00001eb408880	chr10	-	False	True	1	0	3	4	True
Zm00001eb408900	chr10	+	False	True	6	0	25	31	True
Zm00001eb408920	chr10	+	False	True	2	1	22	25	True
Zm00001eb408960	chr10	+	False	True	8	0	27	35	True
Zm00001eb409040	chr10	+	False	True	0	0	0	0	False
Zm00001eb409080	chr10	-	False	True	6	0	33	39	True
Zm00001eb409090	chr10	+	True	False	14	0	24	38	True
Zm00001eb409170	chr10	+	False	True	5	0	4	9	True
Zm00001eb409190	chr10	-	True	False	9	1	42	52	True
Zm00001eb409220	chr10	+	False	True	9	1	20	30	True
Zm00001eb409230	chr10	+	False	True	2	0	2	4	True
Zm00001eb409270	chr10	+	False	True	0	0	2	2	True
Zm00001eb409400	chr10	+	False	True	0	0	3	3	True
Zm00001eb409430	chr10	-	False	True	3	0	16	19	True
Zm00001eb409440	chr10	+	False	True	8	0	22	30	True
Zm00001eb409450	chr10	+	False	True	10	2	21	33	True
Zm00001eb409480	chr10	-	False	True	0	0	0	0	False
Zm00001eb409570	chr10	+	False	True	2	0	13	15	True
Zm00001eb409580	chr10	+	False	True	3	2	14	19	True
Zm00001eb409620	chr10	+	False	True	4	0	21	25	True
Zm00001eb409630	chr10	-	False	True	5	0	25	30	True
Zm00001eb409750	chr10	-	False	True	5	0	7	12	True
Zm00001eb409770	chr10	-	False	True	1	0	9	10	True
Zm00001eb409780	chr10	-	False	True	3	1	21	25	True
Zm00001eb409800	chr10	-	False	True	4	0	9	13	True
Zm00001eb409840	chr10	+	False	True	0	0	5	5	True
Zm00001eb409850	chr10	+	False	True	1	1	3	5	True
Zm00001eb409870	chr10	-	False	True	2	0	5	7	True
Zm00001eb409880	chr10	+	False	True	2	0	14	16	True
Zm00001eb409890	chr10	+	False	True	0	0	0	0	False
Zm00001eb409910	chr10	-	False	True	0	0	0	0	False
Zm00001eb409950	chr10	+	False	True	5	1	34	40	True
Zm00001eb409970	chr10	+	False	True	4	0	11	15	True
Zm00001eb410000	chr10	+	False	True	0	0	2	2	True
Zm00001eb410020	chr10	-	False	True	6	0	7	13	True
Zm00001eb410060	chr10	+	False	True	3	1	18	22	True
Zm00001eb410070	chr10	-	False	True	6	0	28	34	True
Zm00001eb410110	chr10	-	False	True	2	0	3	5	True
Zm00001eb410120	chr10	-	False	True	9	1	28	38	True
Zm00001eb410170	chr10	+	False	True	0	0	35	35	True
Zm00001eb410190	chr10	-	False	True	8	1	56	65	True
Zm00001eb410220	chr10	-	False	True	2	0	12	14	True
Zm00001eb410230	chr10	-	False	True	5	1	4	10	True
Zm00001eb410260	chr10	-	False	True	1	1	15	17	True
Zm00001eb410350	chr10	+	False	True	1	1	3	5	True
Zm00001eb410420	chr10	-	False	True	0	0	3	3	True
Zm00001eb410430	chr10	+	False	True	0	0	3	3	True
Zm00001eb410490	chr10	+	False	True	0	0	0	0	False
Zm00001eb410510	chr10	-	False	True	5	0	26	31	True
Zm00001eb410550	chr10	-	False	True	4	0	7	11	True
Zm00001eb410600	chr10	-	False	True	0	0	0	0	False
Zm00001eb410630	chr10	+	False	True	1	1	2	4	True
Zm00001eb410660	chr10	+	False	True	2	0	14	16	True
Zm00001eb410680	chr10	+	False	True	12	1	98	111	True
Zm00001eb410700	chr10	+	False	True	6	0	32	38	True
Zm00001eb410820	chr10	-	False	True	6	2	8	16	True
Zm00001eb410830	chr10	+	False	True	3	2	28	33	True
Zm00001eb410850	chr10	-	False	True	4	1	45	50	True
Zm00001eb410860	chr10	+	False	True	15	0	81	96	True
Zm00001eb410870	chr10	-	False	True	6	0	51	57	True
Zm00001eb410970	chr10	-	False	True	1	0	6	7	True
Zm00001eb410980	chr10	+	False	True	6	0	23	29	True
Zm00001eb411020	chr10	+	False	True	1	0	2	3	True
Zm00001eb411050	chr10	-	False	True	6	0	37	43	True
Zm00001eb411060	chr10	+	False	True	1	0	21	22	True
Zm00001eb411070	chr10	+	False	True	5	1	18	24	True
Zm00001eb411080	chr10	-	False	True	5	1	12	18	True
Zm00001eb411100	chr10	-	False	True	5	2	17	24	True
Zm00001eb411150	chr10	-	False	True	3	0	30	33	True
Zm00001eb411260	chr10	-	False	True	0	0	0	0	False
Zm00001eb411320	chr10	-	False	True	8	0	20	28	True
Zm00001eb411340	chr10	-	False	True	8	0	47	55	True
Zm00001eb411420	chr10	-	False	True	0	0	15	15	True
Zm00001eb411460	chr10	-	False	True	0	0	2	2	True
Zm00001eb411490	chr10	+	False	True	2	0	1	3	True
Zm00001eb411540	chr10	+	False	True	2	0	9	11	True
Zm00001eb411550	chr10	-	False	True	2	0	15	17	True
Zm00001eb411680	chr10	-	False	True	3	2	20	25	True
Zm00001eb411690	chr10	-	False	True	0	0	3	3	True
Zm00001eb411700	chr10	-	False	True	3	0	10	13	True
Zm00001eb411820	chr10	-	False	True	1	1	6	8	True
Zm00001eb411830	chr10	-	False	True	1	0	1	2	True
Zm00001eb411880	chr10	-	False	True	1	0	6	7	True
Zm00001eb412020	chr10	+	False	True	0	0	0	0	False
Zm00001eb412420	chr10	+	False	True	0	0	1	1	True
Zm00001eb412460	chr10	+	False	True	0	0	1	1	True
Zm00001eb412490	chr10	-	False	True	0	0	0	0	False
Zm00001eb412590	chr10	-	False	True	0	0	3	3	True
Zm00001eb412620	chr10	-	False	True	0	0	1	1	True
Zm00001eb412800	chr10	+	False	True	1	0	2	3	True
Zm00001eb412930	chr10	+	False	True	2	1	6	9	True
Zm00001eb412940	chr10	+	False	True	4	1	8	13	True
Zm00001eb413010	chr10	-	False	True	2	1	8	11	True
Zm00001eb413030	chr10	-	False	True	7	0	25	32	True
Zm00001eb413050	chr10	+	False	True	0	1	3	4	True
Zm00001eb413080	chr10	+	False	True	0	0	0	0	False
Zm00001eb413090	chr10	+	False	True	4	0	11	15	True
Zm00001eb413100	chr10	+	False	True	5	1	44	50	True
Zm00001eb413110	chr10	-	False	True	9	1	34	44	True
Zm00001eb413150	chr10	+	False	True	6	1	14	21	True
Zm00001eb413340	chr10	+	False	True	1	0	11	12	True
Zm00001eb413390	chr10	+	False	True	3	1	30	34	True
Zm00001eb413400	chr10	+	False	True	8	1	17	26	True
Zm00001eb413410	chr10	+	False	True	2	1	4	7	True
Zm00001eb413420	chr10	-	False	True	3	1	15	19	True
Zm00001eb413480	chr10	-	False	True	0	0	1	1	True
Zm00001eb413540	chr10	+	False	True	7	0	16	23	True
Zm00001eb413550	chr10	+	False	True	1	0	3	4	True
Zm00001eb413580	chr10	-	False	True	7	2	29	38	True
Zm00001eb413600	chr10	+	False	True	1	0	13	14	True
Zm00001eb413630	chr10	-	False	True	7	2	16	25	True
Zm00001eb413670	chr10	+	False	True	1	0	0	1	True
Zm00001eb413680	chr10	-	False	True	5	0	9	14	True
Zm00001eb413700	chr10	-	False	True	5	1	34	40	True
Zm00001eb413730	chr10	+	False	True	3	0	7	10	True
Zm00001eb413740	chr10	+	False	True	1	0	1	2	True
Zm00001eb413780	chr10	+	False	True	3	0	8	11	True
Zm00001eb413810	chr10	+	False	True	1	0	8	9	True
Zm00001eb413820	chr10	-	False	True	2	0	5	7	True
Zm00001eb413850	chr10	-	False	True	0	0	0	0	False
Zm00001eb413880	chr10	+	False	True	0	0	5	5	True
Zm00001eb413890	chr10	-	False	True	2	1	15	18	True
Zm00001eb413910	chr10	+	False	True	2	1	18	21	True
Zm00001eb413940	chr10	-	False	True	5	0	9	14	True
Zm00001eb413950	chr10	-	False	True	0	1	0	1	True
Zm00001eb414000	chr10	+	False	True	3	0	3	6	True
Zm00001eb414020	chr10	+	False	True	4	0	15	19	True
Zm00001eb414030	chr10	-	False	True	15	1	24	40	True
Zm00001eb414040	chr10	+	False	True	0	0	3	3	True
Zm00001eb414050	chr10	+	False	True	0	0	10	10	True
Zm00001eb414080	chr10	-	False	True	9	2	24	35	True
Zm00001eb414180	chr10	+	False	True	2	1	8	11	True
Zm00001eb414570	chr10	+	False	True	0	0	1	1	True
Zm00001eb414700	chr10	-	False	True	2	3	19	24	True
Zm00001eb414720	chr10	-	False	True	12	0	42	54	True
Zm00001eb414730	chr10	-	False	True	3	0	3	6	True
Zm00001eb414740	chr10	+	False	True	2	0	9	11	True
Zm00001eb414750	chr10	-	False	True	0	1	0	1	True
Zm00001eb414760	chr10	+	False	True	4	0	16	20	True
Zm00001eb414780	chr10	-	False	True	0	0	2	2	True
Zm00001eb414790	chr10	-	False	True	1	1	5	7	True
Zm00001eb414810	chr10	+	False	True	0	0	2	2	True
Zm00001eb414920	chr10	+	False	True	1	0	2	3	True
Zm00001eb414960	chr10	-	False	True	4	0	5	9	True
Zm00001eb414970	chr10	+	False	True	3	0	4	7	True
Zm00001eb414990	chr10	-	False	True	0	1	14	15	True
Zm00001eb415000	chr10	+	False	True	6	2	19	27	True
Zm00001eb415010	chr10	-	False	True	8	1	55	64	True
Zm00001eb415160	chr10	-	False	True	9	0	10	19	True
Zm00001eb415210	chr10	+	False	True	6	0	31	37	True
Zm00001eb415220	chr10	+	False	True	1	0	3	4	True
Zm00001eb415230	chr10	-	False	True	0	0	2	2	True
Zm00001eb415360	chr10	-	False	True	7	1	23	31	True
Zm00001eb415400	chr10	-	False	True	4	2	10	16	True
Zm00001eb415410	chr10	+	False	True	8	0	24	32	True
Zm00001eb415450	chr10	-	False	True	5	2	43	50	True
Zm00001eb415460	chr10	+	False	True	0	0	0	0	False
Zm00001eb415470	chr10	-	False	True	3	0	31	34	True
Zm00001eb415480	chr10	-	False	True	2	0	15	17	True
Zm00001eb415510	chr10	-	False	True	2	0	27	29	True
Zm00001eb415520	chr10	+	False	True	9	0	63	72	True
Zm00001eb415530	chr10	-	False	True	1	0	6	7	True
Zm00001eb415610	chr10	-	False	True	5	1	6	12	True
Zm00001eb415630	chr10	+	False	True	10	0	26	36	True
Zm00001eb416090	chr10	+	False	True	0	0	0	0	False
Zm00001eb416200	chr10	+	False	True	0	0	0	0	False
Zm00001eb416210	chr10	+	False	True	7	1	23	31	True
Zm00001eb416220	chr10	+	False	True	0	0	2	2	True
Zm00001eb416230	chr10	+	False	True	2	0	3	5	True
Zm00001eb416240	chr10	+	False	True	3	0	13	16	True
Zm00001eb416330	chr10	+	False	True	2	1	11	14	True
Zm00001eb416340	chr10	+	False	True	0	1	6	7	True
Zm00001eb416360	chr10	+	False	True	1	1	10	12	True
Zm00001eb416410	chr10	+	False	True	0	0	2	2	True
Zm00001eb416420	chr10	+	False	True	1	0	15	16	True
Zm00001eb416430	chr10	+	False	True	11	0	56	67	True
Zm00001eb416450	chr10	-	False	True	3	0	26	29	True
Zm00001eb416470	chr10	+	False	True	1	0	5	6	True
Zm00001eb416480	chr10	+	False	True	1	0	3	4	True
Zm00001eb416490	chr10	+	False	True	5	0	39	44	True
Zm00001eb416560	chr10	+	False	True	5	0	13	18	True
Zm00001eb416760	chr10	+	False	True	13	1	36	50	True
Zm00001eb416770	chr10	+	True	False	5	0	13	18	True
Zm00001eb416780	chr10	+	False	True	8	2	20	30	True
Zm00001eb416790	chr10	+	False	True	3	1	31	35	True
Zm00001eb416800	chr10	+	False	True	3	0	9	12	True
Zm00001eb416890	chr10	+	False	True	0	0	6	6	True
Zm00001eb416900	chr10	+	False	True	0	1	1	2	True
Zm00001eb416910	chr10	-	False	True	2	0	8	10	True
Zm00001eb416950	chr10	-	False	True	1	0	13	14	True
Zm00001eb416960	chr10	+	False	True	2	0	14	16	True
Zm00001eb417090	chr10	-	False	True	3	1	7	11	True
Zm00001eb417120	chr10	-	False	True	5	2	25	32	True
Zm00001eb417140	chr10	+	False	True	2	0	14	16	True
Zm00001eb417150	chr10	-	False	True	19	1	27	47	True
Zm00001eb417200	chr10	-	False	True	17	0	23	40	True
Zm00001eb417240	chr10	+	False	True	21	1	16	38	True
Zm00001eb417370	chr10	+	False	True	7	0	22	29	True
Zm00001eb417380	chr10	+	False	True	16	1	32	49	True
Zm00001eb417400	chr10	+	False	True	5	0	9	14	True
Zm00001eb417410	chr10	-	False	True	0	1	3	4	True
Zm00001eb417440	chr10	-	False	True	11	0	34	45	True
Zm00001eb417450	chr10	+	False	True	12	0	12	24	True
Zm00001eb417470	chr10	+	False	True	1	0	0	1	True
Zm00001eb417480	chr10	+	False	True	4	0	19	23	True
Zm00001eb417490	chr10	-	False	True	10	0	14	24	True
Zm00001eb417500	chr10	-	False	True	7	1	25	33	True
Zm00001eb417630	chr10	+	False	True	12	1	32	45	True
Zm00001eb417640	chr10	+	False	True	1	0	2	3	True
Zm00001eb417650	chr10	-	False	True	2	1	9	12	True
Zm00001eb417750	chr10	-	False	True	21	1	50	72	True
Zm00001eb417770	chr10	-	False	True	6	0	12	18	True
Zm00001eb417780	chr10	+	False	True	3	0	28	31	True
Zm00001eb417790	chr10	-	False	True	7	1	15	23	True
Zm00001eb417810	chr10	+	False	True	16	0	30	46	True
Zm00001eb417940	chr10	+	False	True	1	0	3	4	True
Zm00001eb417950	chr10	+	False	True	2	0	12	14	True
Zm00001eb417960	chr10	-	False	True	2	0	14	16	True
Zm00001eb418020	chr10	+	False	True	1	0	0	1	True
Zm00001eb418030	chr10	+	False	True	5	1	34	40	True
Zm00001eb418040	chr10	-	False	True	3	0	0	3	True
Zm00001eb418070	chr10	+	False	True	0	0	2	2	True
Zm00001eb418140	chr10	+	False	True	7	1	20	28	True
Zm00001eb418150	chr10	+	False	True	11	0	26	37	True
Zm00001eb418210	chr10	-	False	True	9	0	31	40	True
Zm00001eb418240	chr10	-	False	True	6	1	9	16	True
Zm00001eb418370	chr10	-	False	True	2	0	24	26	True
Zm00001eb418470	chr10	+	False	True	5	1	11	17	True
Zm00001eb418480	chr10	-	False	True	3	2	10	15	True
Zm00001eb418610	chr10	+	False	True	4	0	18	22	True
Zm00001eb418880	chr10	-	False	True	5	0	43	48	True
Zm00001eb418910	chr10	+	False	True	2	1	24	27	True
Zm00001eb418940	chr10	+	False	True	4	1	23	28	True
Zm00001eb418950	chr10	+	False	True	7	1	30	38	True
Zm00001eb418960	chr10	+	False	True	1	0	10	11	True
Zm00001eb419110	chr10	-	False	True	15	2	18	35	True
Zm00001eb419130	chr10	-	False	True	6	0	18	24	True
Zm00001eb419190	chr10	-	False	True	1	0	2	3	True
Zm00001eb419200	chr10	-	False	True	2	0	21	23	True
Zm00001eb419210	chr10	-	False	True	0	2	1	3	True
Zm00001eb419390	chr10	+	False	True	8	0	14	22	True
Zm00001eb419400	chr10	+	False	True	3	0	4	7	True
Zm00001eb419440	chr10	+	False	True	1	0	12	13	True
Zm00001eb419470	chr10	-	False	True	7	1	37	45	True
Zm00001eb419480	chr10	-	False	True	3	2	16	21	True
Zm00001eb419490	chr10	-	False	True	7	3	18	28	True
Zm00001eb419510	chr10	+	False	True	3	0	16	19	True
Zm00001eb419520	chr10	+	False	True	6	1	24	31	True
Zm00001eb419550	chr10	-	False	True	5	0	11	16	True
Zm00001eb419580	chr10	-	False	True	7	0	30	37	True
Zm00001eb419590	chr10	+	False	True	0	2	25	27	True
Zm00001eb419670	chr10	-	False	True	5	0	9	14	True
Zm00001eb419680	chr10	-	False	True	7	0	22	29	True
Zm00001eb419700	chr10	-	False	True	8	0	21	29	True
Zm00001eb419750	chr10	+	False	True	10	1	17	28	True
Zm00001eb419770	chr10	-	False	True	0	0	2	2	True
Zm00001eb419910	chr10	+	False	True	0	0	1	1	True
Zm00001eb420070	chr10	-	False	True	2	0	12	14	True
Zm00001eb420160	chr10	-	False	True	1	0	10	11	True
Zm00001eb420170	chr10	-	False	True	12	1	53	66	True
Zm00001eb420190	chr10	-	False	True	0	0	0	0	False
Zm00001eb420210	chr10	-	False	True	0	0	1	1	True
Zm00001eb420440	chr10	-	False	True	2	0	1	3	True
Zm00001eb420470	chr10	+	False	True	0	0	1	1	True
Zm00001eb420610	chr10	-	False	True	7	1	34	42	True
Zm00001eb420620	chr10	+	False	True	0	0	0	0	False
Zm00001eb420640	chr10	+	False	True	2	1	10	13	True
Zm00001eb420650	chr10	-	False	True	8	0	24	32	True
Zm00001eb420700	chr10	-	False	True	0	1	9	10	True
Zm00001eb420710	chr10	-	False	True	4	0	17	21	True
Zm00001eb420740	chr10	+	False	True	1	0	5	6	True
Zm00001eb420800	chr10	+	False	True	7	1	6	14	True
Zm00001eb420820	chr10	+	False	True	0	0	1	1	True
Zm00001eb420880	chr10	+	False	True	8	2	9	19	True
Zm00001eb420890	chr10	+	False	True	1	0	9	10	True
Zm00001eb420920	chr10	+	False	True	12	0	6	18	True
Zm00001eb420950	chr10	-	False	True	0	1	3	4	True
Zm00001eb420990	chr10	-	False	True	0	0	0	0	False
Zm00001eb421000	chr10	-	False	True	8	0	39	47	True
Zm00001eb421010	chr10	+	False	True	2	0	8	10	True
Zm00001eb421020	chr10	+	False	True	10	0	20	30	True
Zm00001eb421060	chr10	+	False	True	2	0	9	11	True
Zm00001eb421090	chr10	+	False	True	9	0	15	24	True
Zm00001eb421120	chr10	+	False	True	5	0	23	28	True
Zm00001eb421130	chr10	-	False	True	4	0	30	34	True
Zm00001eb421160	chr10	-	False	True	4	1	35	40	True
Zm00001eb421170	chr10	+	False	True	6	1	22	29	True
Zm00001eb421180	chr10	+	False	True	12	1	18	31	True
Zm00001eb421220	chr10	+	False	True	1	0	2	3	True
Zm00001eb421240	chr10	-	False	True	8	1	23	32	True
Zm00001eb421270	chr10	-	False	True	1	0	6	7	True
Zm00001eb421290	chr10	+	False	True	4	0	4	8	True
Zm00001eb421320	chr10	+	False	True	1	1	15	17	True
Zm00001eb421330	chr10	+	False	True	2	0	2	4	True
Zm00001eb421340	chr10	-	False	True	2	0	4	6	True
Zm00001eb421350	chr10	+	False	True	1	0	3	4	True
Zm00001eb421360	chr10	-	False	True	1	0	1	2	True
Zm00001eb421370	chr10	+	False	True	1	0	7	8	True
Zm00001eb421400	chr10	+	False	True	0	0	0	0	False
Zm00001eb421460	chr10	+	False	True	1	0	13	14	True
Zm00001eb421500	chr10	+	False	True	1	0	16	17	True
Zm00001eb421550	chr10	-	False	True	5	0	36	41	True
Zm00001eb421580	chr10	+	False	True	0	0	8	8	True
Zm00001eb421590	chr10	-	False	True	6	0	36	42	True
Zm00001eb421600	chr10	-	False	True	2	1	33	36	True
Zm00001eb421610	chr10	-	False	True	5	1	28	34	True
Zm00001eb421690	chr10	+	False	True	12	0	27	39	True
Zm00001eb421700	chr10	-	False	True	7	0	81	88	True
Zm00001eb421860	chr10	-	False	True	7	0	11	18	True
Zm00001eb421870	chr10	-	False	True	17	1	45	63	True
Zm00001eb421910	chr10	+	False	True	1	1	5	7	True
Zm00001eb421940	chr10	+	False	True	5	0	37	42	True
Zm00001eb421980	chr10	+	False	True	1	0	5	6	True
Zm00001eb421990	chr10	-	False	True	2	0	9	11	True
Zm00001eb422010	chr10	+	False	True	0	1	1	2	True
Zm00001eb422350	chr10	+	False	True	4	1	12	17	True
Zm00001eb422370	chr10	+	False	True	0	0	3	3	True
Zm00001eb422400	chr10	-	False	True	10	0	34	44	True
Zm00001eb422490	chr10	+	False	True	1	0	0	1	True
Zm00001eb422560	chr10	+	False	True	0	0	0	0	False
Zm00001eb422630	chr10	-	False	True	6	1	34	41	True
Zm00001eb422640	chr10	-	False	True	14	1	88	103	True
Zm00001eb422670	chr10	-	False	True	7	0	18	25	True
Zm00001eb422680	chr10	-	False	True	6	0	10	16	True
Zm00001eb422700	chr10	+	False	True	5	1	14	20	True
Zm00001eb422840	chr10	+	False	True	3	0	11	14	True
Zm00001eb422860	chr10	+	False	True	1	0	13	14	True
Zm00001eb422870	chr10	-	False	True	6	2	18	26	True
Zm00001eb422940	chr10	-	False	True	5	0	17	22	True
Zm00001eb422950	chr10	-	False	True	0	1	23	24	True
Zm00001eb422980	chr10	-	False	True	1	3	12	16	True
Zm00001eb423040	chr10	+	False	True	1	0	4	5	True
Zm00001eb423050	chr10	-	False	True	3	1	7	11	True
Zm00001eb423310	chr10	-	False	True	0	1	11	12	True
Zm00001eb423320	chr10	+	False	True	4	1	19	24	True
Zm00001eb423330	chr10	-	False	True	3	0	10	13	True
Zm00001eb423370	chr10	+	False	True	3	1	12	16	True
Zm00001eb423400	chr10	+	False	True	4	0	15	19	True
Zm00001eb423410	chr10	-	False	True	4	1	11	16	True
Zm00001eb423420	chr10	+	False	True	0	1	4	5	True
Zm00001eb423430	chr10	+	False	True	14	1	45	60	True
Zm00001eb423440	chr10	+	False	True	2	0	9	11	True
Zm00001eb423470	chr10	+	False	True	8	0	18	26	True
Zm00001eb423510	chr10	+	False	True	0	0	0	0	False
Zm00001eb423540	chr10	-	False	True	2	1	5	8	True
Zm00001eb423570	chr10	+	False	True	1	0	0	1	True
Zm00001eb423600	chr10	-	False	True	8	2	33	43	True
Zm00001eb423870	chr10	-	False	True	5	3	34	42	True
Zm00001eb423880	chr10	+	False	True	6	0	27	33	True
Zm00001eb423920	chr10	+	False	True	14	1	62	77	True
Zm00001eb423930	chr10	-	False	True	12	2	24	38	True
Zm00001eb423980	chr10	+	False	True	0	0	3	3	True
Zm00001eb424000	chr10	+	False	True	1	0	14	15	True
Zm00001eb424240	chr10	+	False	True	4	0	7	11	True
Zm00001eb424280	chr10	+	False	True	2	1	18	21	True
Zm00001eb424310	chr10	-	False	True	9	2	16	27	True
Zm00001eb424350	chr10	-	False	True	2	1	10	13	True
Zm00001eb424380	chr10	-	False	True	5	0	21	26	True
Zm00001eb424410	chr10	-	False	True	12	1	31	44	True
Zm00001eb424420	chr10	+	False	True	5	0	11	16	True
Zm00001eb424450	chr10	+	False	True	0	0	5	5	True
Zm00001eb424460	chr10	-	False	True	4	1	42	47	True
Zm00001eb424480	chr10	+	True	False	0	0	0	0	False
Zm00001eb424500	chr10	-	False	True	8	2	42	52	True
Zm00001eb424550	chr10	-	False	True	0	2	8	10	True
Zm00001eb424560	chr10	-	False	True	4	0	13	17	True
Zm00001eb424570	chr10	-	False	True	4	3	10	17	True
Zm00001eb424580	chr10	-	False	True	8	0	12	20	True
Zm00001eb424590	chr10	-	False	True	3	0	11	14	True
Zm00001eb424600	chr10	-	False	True	3	0	20	23	True
Zm00001eb424630	chr10	+	False	True	4	2	32	38	True
Zm00001eb424640	chr10	-	False	True	4	0	32	36	True
Zm00001eb424650	chr10	-	False	True	8	0	15	23	True
Zm00001eb424670	chr10	-	False	True	1	0	20	21	True
Zm00001eb424690	chr10	-	False	True	4	2	16	22	True
Zm00001eb424700	chr10	-	False	True	2	0	0	2	True
Zm00001eb424710	chr10	-	False	True	6	2	28	36	True
Zm00001eb424740	chr10	+	False	True	0	0	0	0	False
Zm00001eb424780	chr10	-	False	True	0	1	5	6	True
Zm00001eb424850	chr10	+	False	True	0	0	2	2	True
Zm00001eb424930	chr10	-	False	True	5	2	19	26	True
Zm00001eb424940	chr10	-	False	True	0	1	9	10	True
Zm00001eb424960	chr10	+	False	True	0	1	3	4	True
Zm00001eb424970	chr10	+	False	True	2	1	12	15	True
Zm00001eb424980	chr10	-	False	True	4	0	13	17	True
Zm00001eb425130	chr10	-	False	True	0	0	5	5	True
Zm00001eb425140	chr10	-	False	True	1	0	13	14	True
Zm00001eb425150	chr10	-	False	True	1	0	1	2	True
Zm00001eb425160	chr10	-	False	True	1	0	4	5	True
Zm00001eb425170	chr10	+	False	True	1	1	1	3	True
Zm00001eb425180	chr10	+	False	True	5	0	9	14	True
Zm00001eb425230	chr10	+	False	True	3	2	11	16	True
Zm00001eb425240	chr10	-	False	True	2	1	7	10	True
Zm00001eb425270	chr10	+	False	True	6	0	13	19	True
Zm00001eb425300	chr10	+	False	True	1	0	12	13	True
Zm00001eb425400	chr10	+	False	True	0	0	0	0	False
Zm00001eb425450	chr10	-	False	True	0	0	1	1	True
Zm00001eb425520	chr10	-	False	True	0	0	2	2	True
Zm00001eb425530	chr10	+	False	True	0	1	6	7	True
Zm00001eb425540	chr10	-	False	True	9	1	66	76	True
Zm00001eb425560	chr10	-	False	True	2	0	11	13	True
Zm00001eb425570	chr10	+	False	True	5	0	5	10	True
Zm00001eb425580	chr10	+	False	True	16	1	19	36	True
Zm00001eb425660	chr10	+	False	True	4	1	13	18	True
Zm00001eb425720	chr10	-	False	True	2	2	14	18	True
Zm00001eb425740	chr10	-	False	True	5	0	23	28	True
Zm00001eb425750	chr10	-	False	True	1	1	7	9	True
Zm00001eb425790	chr10	+	False	True	0	0	7	7	True
Zm00001eb425800	chr10	+	False	True	0	0	7	7	True
Zm00001eb425810	chr10	-	False	True	1	2	4	7	True
Zm00001eb425850	chr10	+	False	True	9	1	18	28	True
Zm00001eb425860	chr10	-	False	True	2	1	12	15	True
Zm00001eb425920	chr10	+	False	True	1	1	11	13	True
Zm00001eb425930	chr10	+	False	True	2	0	10	12	True
Zm00001eb425960	chr10	-	False	True	5	0	22	27	True
Zm00001eb425970	chr10	-	False	True	2	0	22	24	True
Zm00001eb425980	chr10	+	False	True	1	1	2	4	True
Zm00001eb426010	chr10	+	False	True	1	0	5	6	True
Zm00001eb426050	chr10	+	False	True	4	1	12	17	True
Zm00001eb426060	chr10	+	False	True	1	0	4	5	True
Zm00001eb426070	chr10	-	False	True	6	1	17	24	True
Zm00001eb426160	chr10	-	False	True	3	0	4	7	True
Zm00001eb426210	chr10	-	False	True	1	0	2	3	True
Zm00001eb426240	chr10	-	False	True	5	1	6	12	True
Zm00001eb426250	chr10	+	False	True	3	0	7	10	True
Zm00001eb426320	chr10	+	False	True	0	0	0	0	False
Zm00001eb426330	chr10	-	False	True	6	0	19	25	True
Zm00001eb426360	chr10	-	False	True	11	1	17	29	True
Zm00001eb426370	chr10	-	False	True	2	2	9	13	True
Zm00001eb426420	chr10	-	False	True	4	1	4	9	True
Zm00001eb426500	chr10	+	False	True	5	4	37	46	True
Zm00001eb426510	chr10	-	False	True	8	0	24	32	True
Zm00001eb426520	chr10	-	False	True	8	1	3	12	True
Zm00001eb426530	chr10	+	False	True	15	2	29	46	True
Zm00001eb426550	chr10	-	False	True	10	1	31	42	True
Zm00001eb426570	chr10	+	False	True	7	0	22	29	True
Zm00001eb426580	chr10	-	False	True	9	0	52	61	True
Zm00001eb426610	chr10	-	False	True	1	0	13	14	True
Zm00001eb426620	chr10	+	False	True	2	0	16	18	True
Zm00001eb426670	chr10	-	False	True	7	0	14	21	True
Zm00001eb426690	chr10	+	False	True	0	0	1	1	True
Zm00001eb426700	chr10	+	False	True	9	0	38	47	True
Zm00001eb426760	chr10	+	False	True	7	1	8	16	True
Zm00001eb426920	chr10	+	False	True	12	0	17	29	True
Zm00001eb426980	chr10	+	False	True	7	0	20	27	True
Zm00001eb426990	chr10	-	False	True	1	2	7	10	True
Zm00001eb427000	chr10	+	False	True	1	1	5	7	True
Zm00001eb427040	chr10	-	False	True	8	0	6	14	True
Zm00001eb427100	chr10	-	False	True	1	1	14	16	True
Zm00001eb427140	chr10	+	False	True	16	1	30	47	True
Zm00001eb427180	chr10	-	False	True	4	1	13	18	True
Zm00001eb427200	chr10	+	False	True	1	1	5	7	True
Zm00001eb427210	chr10	-	False	True	5	0	36	41	True
Zm00001eb427250	chr10	+	False	True	10	0	19	29	True
Zm00001eb427260	chr10	-	False	True	5	1	12	18	True
Zm00001eb427270	chr10	+	False	True	0	0	11	11	True
Zm00001eb427290	chr10	+	False	True	13	2	16	31	True
Zm00001eb427310	chr10	+	False	True	1	0	0	1	True
Zm00001eb427320	chr10	+	False	True	2	0	20	22	True
Zm00001eb427410	chr10	+	False	True	1	0	0	1	True
Zm00001eb427420	chr10	+	False	True	5	1	7	13	True
Zm00001eb427430	chr10	-	False	True	2	1	2	5	True
Zm00001eb427440	chr10	-	False	True	16	1	36	53	True
Zm00001eb427450	chr10	-	False	True	1	3	13	17	True
Zm00001eb427500	chr10	+	False	True	10	1	16	27	True
Zm00001eb427510	chr10	-	False	True	4	1	11	16	True
Zm00001eb427540	chr10	-	False	True	14	1	65	80	True
Zm00001eb427560	chr10	-	False	True	8	1	6	15	True
Zm00001eb427580	chr10	+	False	True	1	1	6	8	True
Zm00001eb427620	chr10	-	False	True	0	0	2	2	True
Zm00001eb427650	chr10	+	False	True	4	0	3	7	True
Zm00001eb427660	chr10	+	False	True	4	0	10	14	True
Zm00001eb427680	chr10	+	False	True	8	2	20	30	True
Zm00001eb427810	chr10	+	False	True	3	0	12	15	True
Zm00001eb427850	chr10	-	False	True	4	1	3	8	True
Zm00001eb427880	chr10	-	False	True	3	1	20	24	True
Zm00001eb427920	chr10	+	False	True	10	0	25	35	True
Zm00001eb427930	chr10	+	False	True	0	1	1	2	True
Zm00001eb427950	chr10	-	False	True	9	1	23	33	True
Zm00001eb428010	chr10	+	False	True	13	1	59	73	True
Zm00001eb428080	chr10	+	False	True	12	0	22	34	True
Zm00001eb428100	chr10	-	False	True	4	1	12	17	True
Zm00001eb428130	chr10	-	False	True	0	0	0	0	False
Zm00001eb428170	chr10	-	False	True	1	0	0	1	True
Zm00001eb428220	chr10	+	False	True	0	0	1	1	True
Zm00001eb428290	chr10	+	False	True	7	2	19	28	True
Zm00001eb428410	chr10	-	False	True	8	0	10	18	True
Zm00001eb428430	chr10	+	False	True	0	0	0	0	False
Zm00001eb428440	chr10	-	False	True	4	0	15	19	True
Zm00001eb428460	chr10	+	False	True	11	2	48	61	True
Zm00001eb428470	chr10	-	False	True	3	0	4	7	True
Zm00001eb428540	chr10	-	False	True	4	1	22	27	True
Zm00001eb428610	chr10	+	False	True	14	2	36	52	True
Zm00001eb428660	chr10	+	False	True	8	0	17	25	True
Zm00001eb428680	chr10	+	False	True	0	0	0	0	False
Zm00001eb428740	chr10	+	False	True	0	0	0	0	False
Zm00001eb428750	chr10	-	False	True	1	2	18	21	True
Zm00001eb428770	chr10	+	True	False	9	0	39	48	True
Zm00001eb428800	chr10	-	False	True	6	0	21	27	True
Zm00001eb428810	chr10	-	False	True	1	1	10	12	True
Zm00001eb428830	chr10	+	False	True	11	1	14	26	True
Zm00001eb428840	chr10	-	False	True	12	1	23	36	True
Zm00001eb428910	chr10	+	False	True	10	0	22	32	True
Zm00001eb428940	chr10	-	False	True	10	0	18	28	True
Zm00001eb429080	chr10	+	False	True	4	0	9	13	True
Zm00001eb429100	chr10	+	False	True	6	1	13	20	True
Zm00001eb429130	chr10	+	False	True	10	0	13	23	True
Zm00001eb429140	chr10	+	False	True	14	0	20	34	True
Zm00001eb429260	chr10	-	False	True	5	0	26	31	True
Zm00001eb429270	chr10	+	False	True	10	2	25	37	True
Zm00001eb429280	chr10	-	False	True	2	0	4	6	True
Zm00001eb429290	chr10	+	False	True	3	0	12	15	True
Zm00001eb429310	chr10	-	False	True	7	0	25	32	True
Zm00001eb429400	chr10	+	False	True	0	0	0	0	False
Zm00001eb429410	chr10	+	False	True	2	0	5	7	True
Zm00001eb429430	chr10	-	False	True	8	1	22	31	True
Zm00001eb429440	chr10	+	False	True	8	2	9	19	True
Zm00001eb429610	chr10	+	False	True	6	1	26	33	True
Zm00001eb429620	chr10	-	False	True	3	0	2	5	True
Zm00001eb429740	chr10	+	False	True	2	0	8	10	True
Zm00001eb429840	chr10	-	False	True	7	2	26	35	True
Zm00001eb429850	chr10	+	False	True	8	0	22	30	True
Zm00001eb429860	chr10	-	False	True	5	0	34	39	True
Zm00001eb429870	chr10	+	False	True	11	0	24	35	True
Zm00001eb429910	chr10	-	False	True	0	1	2	3	True
Zm00001eb429920	chr10	-	False	True	8	1	23	32	True
Zm00001eb429930	chr10	-	False	True	15	1	72	88	True
Zm00001eb429950	chr10	-	False	True	3	2	11	16	True
Zm00001eb429960	chr10	+	False	True	12	1	56	69	True
Zm00001eb430100	chr10	-	False	True	0	0	0	0	False
Zm00001eb430290	chr10	-	False	True	2	0	1	3	True
Zm00001eb430300	chr10	-	False	True	3	0	6	9	True
Zm00001eb430340	chr10	+	False	True	7	2	21	30	True
Zm00001eb430350	chr10	-	False	True	0	0	3	3	True
Zm00001eb430360	chr10	-	False	True	1	0	15	16	True
Zm00001eb430380	chr10	-	False	True	6	2	11	19	True
Zm00001eb430440	chr10	-	False	True	3	0	16	19	True
Zm00001eb430450	chr10	+	False	True	6	1	39	46	True
Zm00001eb430470	chr10	-	False	True	4	3	17	24	True
Zm00001eb430480	chr10	-	False	True	9	1	38	48	True
Zm00001eb430500	chr10	+	False	True	2	0	0	2	True
Zm00001eb430510	chr10	-	False	True	9	2	40	51	True
Zm00001eb430560	chr10	+	False	True	0	1	1	2	True
Zm00001eb430570	chr10	+	False	True	2	0	7	9	True
Zm00001eb430580	chr10	-	False	True	0	1	16	17	True
Zm00001eb430590	chr10	-	False	True	7	0	10	17	True
Zm00001eb430630	chr10	-	False	True	0	0	1	1	True
Zm00001eb430640	chr10	+	False	True	1	0	3	4	True
Zm00001eb430670	chr10	+	False	True	3	0	10	13	True
Zm00001eb430680	chr10	+	False	True	5	2	34	41	True
Zm00001eb430720	chr10	+	False	True	26	0	26	52	True
Zm00001eb430730	chr10	-	False	True	0	1	2	3	True
Zm00001eb430740	chr10	+	False	True	2	0	3	5	True
Zm00001eb430750	chr10	-	True	False	9	1	19	29	True
Zm00001eb430770	chr10	+	False	True	6	1	37	44	True
Zm00001eb430780	chr10	-	False	True	19	0	29	48	True
Zm00001eb430800	chr10	-	False	True	8	1	19	28	True
Zm00001eb430810	chr10	-	False	True	10	1	20	31	True
Zm00001eb430820	chr10	+	False	True	5	1	8	14	True
Zm00001eb430840	chr10	+	False	True	7	1	20	28	True
Zm00001eb430880	chr10	+	False	True	2	1	20	23	True
Zm00001eb431000	chr10	-	False	True	3	0	9	12	True
Zm00001eb431060	chr10	-	False	True	8	1	28	37	True
Zm00001eb431070	chr10	-	False	True	0	0	0	0	False
Zm00001eb431120	chr10	+	False	True	1	0	3	4	True
Zm00001eb431130	chr10	-	False	True	5	1	21	27	True
Zm00001eb431140	chr10	-	False	True	1	0	7	8	True
Zm00001eb431180	chr10	+	False	True	6	0	5	11	True
Zm00001eb431190	chr10	-	False	True	0	2	15	17	True
Zm00001eb431200	chr10	-	False	True	0	0	0	0	False
Zm00001eb431210	chr10	-	False	True	7	1	40	48	True
Zm00001eb431240	chr10	-	False	True	9	0	25	34	True
Zm00001eb431300	chr10	+	False	True	11	1	30	42	True
Zm00001eb431310	chr10	+	False	True	4	0	18	22	True
Zm00001eb431320	chr10	+	False	True	3	0	6	9	True
Zm00001eb431330	chr10	-	False	True	1	0	0	1	True
Zm00001eb431340	chr10	+	False	True	0	0	2	2	True
Zm00001eb431350	chr10	-	False	True	7	0	14	21	True
Zm00001eb431360	chr10	-	False	True	3	0	25	28	True
Zm00001eb431370	chr10	+	False	True	3	0	3	6	True
Zm00001eb431420	chr10	+	False	True	5	1	30	36	True
Zm00001eb431430	chr10	+	False	True	9	0	13	22	True
Zm00001eb431440	chr10	-	False	True	2	2	14	18	True
Zm00001eb431490	chr10	-	False	True	11	0	21	32	True
Zm00001eb431500	chr10	+	False	True	10	2	12	24	True
Zm00001eb431510	chr10	-	False	True	0	0	2	2	True
Zm00001eb431560	chr10	+	False	True	4	1	10	15	True
Zm00001eb431600	chr10	+	False	True	4	0	15	19	True
Zm00001eb431610	chr10	-	False	True	4	0	19	23	True
Zm00001eb431620	chr10	+	False	True	14	2	36	52	True
Zm00001eb431710	chr10	+	False	True	0	2	7	9	True
Zm00001eb431740	chr10	-	False	True	1	2	7	10	True
Zm00001eb431760	chr10	+	True	False	9	0	13	22	True
Zm00001eb431800	chr10	-	True	False	7	1	34	42	True
Zm00001eb431860	chr10	+	False	True	11	1	18	30	True
Zm00001eb431870	chr10	+	False	True	18	2	35	55	True
Zm00001eb431910	chr10	-	False	True	0	0	0	0	False
Zm00001eb431950	chr10	+	False	True	1	1	1	3	True
Zm00001eb432020	chr10	+	False	True	0	0	0	0	False
Zm00001eb432070	chr10	+	False	True	2	1	8	11	True
Zm00001eb432120	chr10	+	False	True	0	1	1	2	True
Zm00001eb432130	chr10	+	False	True	8	1	42	51	True
Zm00001eb432150	chr10	-	False	True	4	0	15	19	True
Zm00001eb432160	chr10	-	False	True	8	0	45	53	True
Zm00001eb432170	chr10	-	False	True	5	1	1	7	True
Zm00001eb432200	chr10	-	False	True	5	0	5	10	True
Zm00001eb432250	chr10	-	False	True	0	1	11	12	True
Zm00001eb432260	chr10	+	False	True	2	2	5	9	True
Zm00001eb432330	chr10	+	False	True	1	0	5	6	True
Zm00001eb432350	chr10	-	False	True	0	1	1	2	True
Zm00001eb432370	chr10	+	False	True	5	0	3	8	True
Zm00001eb432390	chr10	+	False	True	0	1	2	3	True
Zm00001eb432420	chr10	+	False	True	6	0	9	15	True
Zm00001eb432450	chr10	+	False	True	0	0	0	0	False
Zm00001eb432470	chr10	-	False	True	4	0	14	18	True
Zm00001eb432490	chr10	-	False	True	3	0	12	15	True
Zm00001eb432500	chr10	+	False	True	5	0	10	15	True
Zm00001eb432530	chr10	+	False	True	11	1	24	36	True
Zm00001eb432540	chr10	-	False	True	2	1	18	21	True
Zm00001eb432550	chr10	-	False	True	2	1	10	13	True
Zm00001eb432560	chr10	-	False	True	11	0	12	23	True
Zm00001eb432580	chr10	-	False	True	5	0	19	24	True
Zm00001eb432590	chr10	-	False	True	1	2	13	16	True
Zm00001eb432720	chr10	-	False	True	17	1	15	33	True
Zm00001eb432730	chr10	-	False	True	3	0	9	12	True
Zm00001eb432760	chr10	-	False	True	2	0	10	12	True
Zm00001eb432800	chr10	+	False	True	0	0	4	4	True
Zm00001eb432870	chr10	-	False	True	0	0	2	2	True
Zm00001eb432910	chr10	+	False	True	15	2	40	57	True
Zm00001eb432940	chr10	-	False	True	14	1	59	74	True
Zm00001eb432950	chr10	+	False	True	5	0	8	13	True
Zm00001eb433030	chr10	+	False	True	3	2	14	19	True
Zm00001eb433040	chr10	-	False	True	10	0	10	20	True
Zm00001eb433050	chr10	+	False	True	4	1	11	16	True
Zm00001eb433090	chr10	-	False	True	8	1	25	34	True
Zm00001eb433100	chr10	-	False	True	15	1	15	31	True
Zm00001eb433110	chr10	-	False	True	5	0	31	36	True
Zm00001eb433120	chr10	-	False	True	3	1	16	20	True
Zm00001eb433160	chr10	+	False	True	10	0	48	58	True
Zm00001eb433180	chr10	-	False	True	6	1	6	13	True
Zm00001eb433190	chr10	+	False	True	4	0	15	19	True
Zm00001eb433200	chr10	-	False	True	0	0	0	0	False
Zm00001eb433350	chr10	-	False	True	0	0	0	0	False
Zm00001eb433420	chr10	-	False	True	3	0	5	8	True
Zm00001eb433430	chr10	-	False	True	0	0	7	7	True
Zm00001eb433440	chr10	-	False	True	3	1	24	28	True
Zm00001eb433450	chr10	-	False	True	5	0	50	55	True
Zm00001eb433460	chr10	-	False	True	5	0	2	7	True
Zm00001eb433490	chr10	-	False	True	4	1	2	7	True
Zm00001eb433500	chr10	+	False	True	11	0	17	28	True
Zm00001eb433520	chr10	-	False	True	13	1	38	52	True
Zm00001eb433540	chr10	+	False	True	10	0	29	39	True
Zm00001eb433550	chr10	+	False	True	10	0	32	42	True
Zm00001eb433610	chr10	-	False	True	3	0	17	20	True
Zm00001eb433640	chr10	+	False	True	7	0	14	21	True
Zm00001eb433650	chr10	-	False	True	4	0	11	15	True
Zm00001eb433660	chr10	+	True	False	3	0	8	11	True
Zm00001eb433670	chr10	-	False	True	2	0	3	5	True
Zm00001eb433680	chr10	+	False	True	4	1	9	14	True
Zm00001eb433700	chr10	-	False	True	9	1	9	19	True
Zm00001eb433770	chr10	-	False	True	9	0	46	55	True
Zm00001eb433850	chr10	+	False	True	7	1	30	38	True
Zm00001eb433890	chr10	-	False	True	10	0	53	63	True
Zm00001eb433950	chr10	-	False	True	11	1	19	31	True
Zm00001eb433960	chr10	+	False	True	16	1	16	33	True
Zm00001eb433980	chr10	-	False	True	5	0	30	35	True
Zm00001eb434000	chr10	-	False	True	6	1	40	47	True
Zm00001eb434010	chr10	-	False	True	8	1	29	38	True
Zm00001eb434030	chr10	-	False	True	1	1	2	4	True
Zm00001eb434050	chr10	+	False	True	3	0	4	7	True
Zm00001eb434070	chr10	-	False	True	2	0	9	11	True
Zm00001eb434080	chr10	+	False	True	9	0	14	23	True
Zm00001eb434090	chr10	+	False	True	2	0	23	25	True
Zm00001eb434140	chr10	+	False	True	11	1	27	39	True
Zm00001eb434170	chr10	-	False	True	2	1	7	10	True
Zm00001eb434180	chr10	+	False	True	1	0	4	5	True
Zm00001eb434210	chr10	-	False	True	3	1	3	7	True
Zm00001eb434220	chr10	-	False	True	9	1	14	24	True
Zm00001eb434230	chr10	+	False	True	0	0	0	0	False
Zm00001eb434240	chr10	-	False	True	7	0	14	21	True
Zm00001eb434250	chr10	+	False	True	6	0	12	18	True
Zm00001eb434290	chr10	-	False	True	6	1	18	25	True
Zm00001eb434300	chr10	-	False	True	5	0	22	27	True
Zm00001eb434320	chr10	-	False	True	9	3	14	26	True
